Tenure,WarehouseToHome,NumberOfDeviceRegistered,PreferedOrderCat,SatisfactionScore,MaritalStatus,NumberOfAddress,Complain,DaySinceLastOrder,CashbackAmount,Churn,Churn_Label,Tenure_Group
15,29,4,"Laptop & Accessory",3,Single,2,0,7.0,143.32,0,Retained,">12 Months (Low Risk)"
7,25,4,Mobile,1,Married,2,0,7.0,129.29,0,Retained,"4-12 Months (Medium Risk)"
27,13,3,"Laptop & Accessory",1,Married,5,0,7.0,168.54,0,Retained,">12 Months (Low Risk)"
20,25,4,Fashion,3,Divorced,7,0,,230.27,0,Retained,">12 Months (Low Risk)"
30,15,4,Others,4,Single,8,0,8.0,322.17,0,Retained,">12 Months (Low Risk)"
7,16,4,"Mobile Phone",2,Divorced,2,0,11.0,152.81,0,Retained,"4-12 Months (Medium Risk)"
1,15,6,"Mobile Phone",5,Divorced,3,0,2.0,149.51,0,Retained,"0-3 Months (High Risk)"
1,11,4,"Mobile Phone",5,Single,3,0,1.0,154.73,1,Churned,"0-3 Months (High Risk)"
11,12,4,"Mobile Phone",3,Married,2,0,4.0,137.02,0,Retained,"4-12 Months (Medium Risk)"
17,7,3,"Laptop & Accessory",1,Married,5,1,2.0,157.43,0,Retained,">12 Months (Low Risk)"
6,26,6,Fashion,3,Married,5,0,,221.1,0,Retained,"4-12 Months (Medium Risk)"
16,20,2,"Laptop & Accessory",5,Married,7,0,1.0,180.38,0,Retained,">12 Months (Low Risk)"
1,7,4,"Mobile Phone",3,Divorced,5,0,3.0,154.09,1,Churned,"0-3 Months (High Risk)"
1,7,5,Fashion,3,Divorced,7,0,,231.08999999999997,1,Churned,"0-3 Months (High Risk)"
6,14,3,"Laptop & Accessory",5,Married,3,0,2.0,163.92,0,Retained,"4-12 Months (Medium Risk)"
10,8,4,"Laptop & Accessory",3,Single,8,0,1.0,193.15,0,Retained,"4-12 Months (Medium Risk)"
8,22,4,Fashion,2,Divorced,3,0,6.0,204.78,1,Churned,"4-12 Months (Medium Risk)"
19,27,4,Grocery,1,Married,2,1,11.0,259.96,0,Retained,">12 Months (Low Risk)"
0,18,1,Mobile,4,Single,2,0,0.0,127.16,1,Churned,"0-3 Months (High Risk)"
1,33,5,"Laptop & Accessory",5,Single,7,0,2.0,191.96,1,Churned,"0-3 Months (High Risk)"
3,22,3,"Laptop & Accessory",3,Married,9,0,2.0,153.01,0,Retained,"0-3 Months (High Risk)"
30,9,1,Mobile,5,Married,5,1,0.0,126.69999999999999,0,Retained,">12 Months (Low Risk)"
5,14,3,Fashion,1,Single,2,0,7.0,189.98,0,Retained,"4-12 Months (Medium Risk)"
9,12,4,Fashion,4,Single,2,0,14.0,205.95,0,Retained,"4-12 Months (Medium Risk)"
18,26,3,"Laptop & Accessory",3,Single,9,0,1.0,148.5,0,Retained,">12 Months (Low Risk)"
16,17,3,Fashion,3,Married,2,0,9.0,175.1,0,Retained,">12 Months (Low Risk)"
7,6,4,Fashion,5,Married,10,0,6.0,204.82,1,Churned,"4-12 Months (Medium Risk)"
1,17,5,Fashion,5,Married,11,0,,228.06,1,Churned,"0-3 Months (High Risk)"
12,6,1,Fashion,1,Married,1,0,7.0,196.13,0,Retained,"4-12 Months (Medium Risk)"
30,11,4,Fashion,4,Married,3,1,4.0,205.52,0,Retained,">12 Months (Low Risk)"
11,17,2,Fashion,1,Married,3,1,9.0,262.44,0,Retained,"4-12 Months (Medium Risk)"
24,31,4,Grocery,3,Married,5,1,6.0,264.73,0,Retained,">12 Months (Low Risk)"
0,9,3,"Laptop & Accessory",5,Divorced,2,1,3.0,141.94,0,Retained,"0-3 Months (High Risk)"
1,7,4,"Mobile Phone",1,Married,11,1,3.0,172.87,1,Churned,"0-3 Months (High Risk)"
4,18,3,"Mobile Phone",1,Married,9,1,2.0,139.29,0,Retained,"4-12 Months (Medium Risk)"
18,7,4,Fashion,3,Married,4,0,4.0,207.48000000000002,0,Retained,">12 Months (Low Risk)"
15,7,2,Fashion,5,Married,3,0,8.0,208.92,0,Retained,">12 Months (Low Risk)"
17,21,4,Grocery,5,Married,8,0,1.0,296.59,0,Retained,">12 Months (Low Risk)"
4,15,4,Fashion,3,Married,7,0,8.0,197.64,0,Retained,"4-12 Months (Medium Risk)"
5,9,4,"Mobile Phone",1,Married,2,1,3.0,151.95,0,Retained,"4-12 Months (Medium Risk)"
11,17,2,"Mobile Phone",1,Single,5,0,1.0,171.8,0,Retained,"4-12 Months (Medium Risk)"
24,6,4,Fashion,5,Single,4,0,8.0,174.84,0,Retained,">12 Months (Low Risk)"
0,6,3,"Laptop & Accessory",3,Divorced,2,0,7.0,152.96,0,Retained,"0-3 Months (High Risk)"
3,6,3,"Laptop & Accessory",1,Single,2,0,7.0,140.11,0,Retained,"0-3 Months (High Risk)"
61,28,4,Grocery,1,Married,6,1,1.0,303.75,0,Retained,">12 Months (Low Risk)"
16,9,4,Fashion,1,Married,4,1,,226.24,0,Retained,">12 Months (Low Risk)"
25,10,3,Grocery,2,Divorced,3,0,4.0,265.55,0,Retained,">12 Months (Low Risk)"
9,22,4,"Laptop & Accessory",5,Married,5,0,2.0,156.47,0,Retained,"4-12 Months (Medium Risk)"
8,8,4,"Laptop & Accessory",1,Married,11,0,2.0,179.84,0,Retained,"4-12 Months (Medium Risk)"
8,33,5,"Mobile Phone",3,Married,3,0,1.0,145.29,0,Retained,"4-12 Months (Medium Risk)"
17,19,5,Grocery,4,Married,3,0,10.0,268.36,0,Retained,">12 Months (Low Risk)"
8,26,5,"Mobile Phone",1,Married,3,0,8.0,154.29,0,Retained,"4-12 Months (Medium Risk)"
0,8,3,"Laptop & Accessory",3,Single,2,1,4.0,144.78,0,Retained,"0-3 Months (High Risk)"
4,32,3,Mobile,3,Married,2,0,3.0,129.11,0,Retained,"4-12 Months (Medium Risk)"
1,10,4,"Mobile Phone",5,Married,7,0,3.0,165.31,1,Churned,"0-3 Months (High Risk)"
1,16,4,"Mobile Phone",1,Single,3,0,1.0,135.81,1,Churned,"0-3 Months (High Risk)"
1,31,6,"Mobile Phone",1,Single,3,1,1.0,148.4,1,Churned,"0-3 Months (High Risk)"
0,16,3,"Laptop & Accessory",2,Single,1,0,1.0,149.5,0,Retained,"0-3 Months (High Risk)"
1,16,3,"Laptop & Accessory",3,Single,4,0,7.0,136.6,0,Retained,"0-3 Months (High Risk)"
13,21,4,Fashion,3,Married,2,0,12.0,204.35,0,Retained,">12 Months (Low Risk)"
5,12,4,"Laptop & Accessory",3,Married,3,0,3.0,208.46,0,Retained,"4-12 Months (Medium Risk)"
1,11,4,"Mobile Phone",5,Single,3,0,1.0,154.73,1,Churned,"0-3 Months (High Risk)"
15,13,4,Fashion,3,Single,3,0,,217.41,0,Retained,">12 Months (Low Risk)"
24,14,4,Fashion,4,Divorced,6,0,,224.89999999999998,0,Retained,">12 Months (Low Risk)"
8,16,5,Fashion,4,Single,3,0,,211.21,0,Retained,"4-12 Months (Medium Risk)"
14,14,3,"Laptop & Accessory",4,Married,6,0,4.0,143.93,0,Retained,">12 Months (Low Risk)"
5,15,5,"Laptop & Accessory",1,Married,1,0,7.0,146.68,0,Retained,"4-12 Months (Medium Risk)"
9,11,4,"Laptop & Accessory",3,Single,3,1,2.0,167.49,0,Retained,"4-12 Months (Medium Risk)"
1,31,4,"Mobile Phone",2,Divorced,2,0,2.0,149,0,Retained,"0-3 Months (High Risk)"
0,6,3,"Laptop & Accessory",4,Divorced,1,1,4.0,163.49,0,Retained,"0-3 Months (High Risk)"
7,8,3,"Laptop & Accessory",5,Single,1,1,2.0,145.38,0,Retained,"4-12 Months (Medium Risk)"
6,12,4,"Laptop & Accessory",4,Married,3,0,4.0,190.24,0,Retained,"4-12 Months (Medium Risk)"
1,10,4,"Mobile Phone",1,Single,3,1,1.0,140.69,1,Churned,"0-3 Months (High Risk)"
9,18,4,Fashion,2,Single,1,0,8.0,188.58,0,Retained,"4-12 Months (Medium Risk)"
8,11,4,Fashion,1,Married,4,1,,222.13,0,Retained,"4-12 Months (Medium Risk)"
11,22,3,"Laptop & Accessory",4,Single,3,0,2.0,141.98,0,Retained,"4-12 Months (Medium Risk)"
4,10,4,"Mobile Phone",1,Married,6,0,5.0,145.97,0,Retained,"4-12 Months (Medium Risk)"
25,10,4,Grocery,4,Single,5,0,1.0,262.34,0,Retained,">12 Months (Low Risk)"
2,19,4,"Laptop & Accessory",4,Married,5,1,3.0,140.25,0,Retained,"0-3 Months (High Risk)"
30,6,3,Fashion,2,Divorced,4,1,,219.04000000000002,0,Retained,">12 Months (Low Risk)"
18,10,5,Fashion,3,Married,5,0,3.0,197.56,0,Retained,">12 Months (Low Risk)"
19,32,4,"Laptop & Accessory",4,Single,9,0,2.0,179.91,0,Retained,">12 Months (Low Risk)"
8,23,3,"Laptop & Accessory",5,Married,4,1,7.0,189.66,0,Retained,"4-12 Months (Medium Risk)"
0,30,1,"Mobile Phone",5,Single,2,0,0.0,110.91,1,Churned,"0-3 Months (High Risk)"
8,32,3,Fashion,1,Single,2,1,7.0,188.37,0,Retained,"4-12 Months (Medium Risk)"
4,15,2,Fashion,5,Married,2,1,8.0,239.16000000000003,0,Retained,"4-12 Months (Medium Risk)"
0,35,4,"Laptop & Accessory",3,Single,2,0,8.0,145.08,1,Churned,"0-3 Months (High Risk)"
2,23,4,Fashion,5,Single,2,0,9.0,179.88,0,Retained,"0-3 Months (High Risk)"
4,8,5,Mobile,1,Married,5,1,0.0,127.78,1,Churned,"4-12 Months (Medium Risk)"
19,21,3,Others,4,Married,6,0,3.0,290.81,0,Retained,">12 Months (Low Risk)"
14,7,6,"Laptop & Accessory",1,Married,4,1,3.0,199.57,0,Retained,">12 Months (Low Risk)"
15,9,4,Grocery,5,Divorced,9,0,9.0,290.95,0,Retained,">12 Months (Low Risk)"
5,11,3,"Laptop & Accessory",4,Married,2,0,3.0,165.24,0,Retained,"4-12 Months (Medium Risk)"
1,14,2,"Mobile Phone",5,Single,2,0,8.0,160.78,0,Retained,"0-3 Months (High Risk)"
21,11,4,"Laptop & Accessory",3,Single,5,0,1.0,154.76,0,Retained,">12 Months (Low Risk)"
1,7,5,"Mobile Phone",3,Married,8,1,3.0,153,1,Churned,"0-3 Months (High Risk)"
24,12,4,Mobile,3,Single,1,0,7.0,128.38,0,Retained,">12 Months (Low Risk)"
14,16,3,"Laptop & Accessory",1,Single,8,0,10.0,162.3,0,Retained,">12 Months (Low Risk)"
0,10,3,"Laptop & Accessory",3,Divorced,2,1,3.0,141.62,0,Retained,"0-3 Months (High Risk)"
21,10,4,Grocery,3,Married,11,1,14.0,262.7,0,Retained,">12 Months (Low Risk)"
29,9,5,"Mobile Phone",1,Married,10,0,5.0,151.62,0,Retained,">12 Months (Low Risk)"
7,14,3,"Laptop & Accessory",5,Married,4,0,0.0,151.21,0,Retained,"4-12 Months (Medium Risk)"
14,15,4,"Laptop & Accessory",5,Married,4,1,1.0,190.16,0,Retained,">12 Months (Low Risk)"
5,9,6,"Mobile Phone",1,Married,6,1,1.0,152.78,1,Churned,"4-12 Months (Medium Risk)"
5,14,5,"Mobile Phone",3,Married,5,0,3.0,148.29,0,Retained,"4-12 Months (Medium Risk)"
2,15,5,"Mobile Phone",2,Married,3,0,5.0,174.36,0,Retained,"0-3 Months (High Risk)"
3,7,6,"Mobile Phone",2,Married,3,0,9.0,152.2,0,Retained,"0-3 Months (High Risk)"
0,12,3,"Mobile Phone",1,Married,2,1,2.0,56,0,Retained,"0-3 Months (High Risk)"
11,20,3,"Laptop & Accessory",4,Married,1,0,7.0,199.24,0,Retained,"4-12 Months (Medium Risk)"
6,6,1,Grocery,3,Married,5,0,5.0,261.84,0,Retained,"4-12 Months (Medium Risk)"
2,15,5,"Mobile Phone",1,Married,3,0,5.0,174.36,0,Retained,"0-3 Months (High Risk)"
1,9,4,"Mobile Phone",4,Married,6,0,3.0,146.87,0,Retained,"0-3 Months (High Risk)"
14,15,3,Fashion,3,Married,4,1,7.0,181.89,0,Retained,">12 Months (Low Risk)"
1,10,4,"Mobile Phone",1,Single,3,1,1.0,140.69,1,Churned,"0-3 Months (High Risk)"
3,11,4,"Mobile Phone",2,Married,10,0,3.0,137.61,0,Retained,"0-3 Months (High Risk)"
26,9,5,"Mobile Phone",2,Single,9,0,3.0,157.12,0,Retained,">12 Months (Low Risk)"
1,20,5,"Laptop & Accessory",5,Married,7,1,3.0,186.34,1,Churned,"0-3 Months (High Risk)"
5,16,3,"Laptop & Accessory",1,Single,9,0,0.0,146.48,0,Retained,"4-12 Months (Medium Risk)"
13,14,3,"Laptop & Accessory",5,Married,3,1,0.0,165.16,0,Retained,">12 Months (Low Risk)"
4,8,3,"Laptop & Accessory",2,Single,5,1,5.0,165.82,0,Retained,"4-12 Months (Medium Risk)"
1,32,5,"Mobile Phone",4,Single,6,1,3.0,148.13,1,Churned,"0-3 Months (High Risk)"
30,11,4,Others,5,Married,6,0,3.0,324.43,0,Retained,">12 Months (Low Risk)"
0,26,5,"Laptop & Accessory",3,Divorced,4,1,2.0,145.59,1,Churned,"0-3 Months (High Risk)"
17,11,5,Fashion,2,Single,5,0,,227.31,0,Retained,">12 Months (Low Risk)"
26,15,4,"Mobile Phone",5,Divorced,11,0,5.0,154.5,0,Retained,">12 Months (Low Risk)"
5,25,1,Mobile,3,Married,7,1,2.0,127.59,1,Churned,"4-12 Months (Medium Risk)"
19,6,3,Fashion,5,Married,2,0,7.0,204.53,0,Retained,">12 Months (Low Risk)"
1,20,5,"Mobile Phone",5,Married,6,1,1.0,148.35,1,Churned,"0-3 Months (High Risk)"
9,13,3,"Mobile Phone",2,Single,3,0,1.0,146.78,0,Retained,"4-12 Months (Medium Risk)"
1,10,4,"Mobile Phone",3,Single,3,0,8.0,165.84,1,Churned,"0-3 Months (High Risk)"
8,11,4,"Laptop & Accessory",3,Divorced,11,0,3.0,190.38,0,Retained,"4-12 Months (Medium Risk)"
26,7,4,Grocery,3,Married,5,1,,229.64999999999998,0,Retained,">12 Months (Low Risk)"
2,16,4,"Mobile Phone",3,Married,7,0,3.0,148.77,0,Retained,"0-3 Months (High Risk)"
4,14,4,"Laptop & Accessory",3,Married,3,0,10.0,159.91,0,Retained,"4-12 Months (Medium Risk)"
16,30,4,Grocery,2,Single,4,0,1.0,284.92,0,Retained,">12 Months (Low Risk)"
1,12,4,"Mobile Phone",4,Single,3,1,3.0,149.78,0,Retained,"0-3 Months (High Risk)"
9,23,4,Fashion,3,Married,6,1,1.0,201.32,0,Retained,"4-12 Months (Medium Risk)"
2,26,3,"Mobile Phone",1,Married,2,0,10.0,138.12,0,Retained,"0-3 Months (High Risk)"
10,14,3,"Laptop & Accessory",4,Married,3,0,7.0,140.71,0,Retained,"4-12 Months (Medium Risk)"
1,14,5,"Laptop & Accessory",3,Divorced,4,0,1.0,186.32,0,Retained,"0-3 Months (High Risk)"
21,9,2,Grocery,4,Married,8,0,3.0,284.72,0,Retained,">12 Months (Low Risk)"
26,13,4,Fashion,1,Married,8,1,,209.33999999999997,0,Retained,">12 Months (Low Risk)"
11,16,3,"Laptop & Accessory",3,Married,4,0,2.0,160.77,0,Retained,"4-12 Months (Medium Risk)"
31,10,5,"Laptop & Accessory",1,Single,7,0,6.0,176.71,0,Retained,">12 Months (Low Risk)"
14,12,5,Fashion,5,Divorced,7,1,,229.75,0,Retained,">12 Months (Low Risk)"
4,11,3,"Laptop & Accessory",5,Single,1,0,7.0,199.36,0,Retained,"4-12 Months (Medium Risk)"
17,34,3,Grocery,5,Divorced,4,0,17.0,263.28,0,Retained,">12 Months (Low Risk)"
7,10,3,"Laptop & Accessory",3,Married,10,0,2.0,165.38,0,Retained,"4-12 Months (Medium Risk)"
20,8,3,Others,4,Single,8,1,8.0,292.46,1,Churned,">12 Months (Low Risk)"
8,29,5,"Laptop & Accessory",1,Married,3,1,12.0,182.47,0,Retained,"4-12 Months (Medium Risk)"
1,16,6,"Mobile Phone",4,Single,3,0,3.0,152.6,1,Churned,"0-3 Months (High Risk)"
17,31,4,Fashion,5,Single,8,1,,229.48,1,Churned,">12 Months (Low Risk)"
27,13,4,"Laptop & Accessory",3,Divorced,4,1,6.0,148.06,0,Retained,">12 Months (Low Risk)"
16,7,5,"Laptop & Accessory",2,Divorced,11,1,3.0,185.62,0,Retained,">12 Months (Low Risk)"
16,9,4,"Laptop & Accessory",1,Married,3,0,3.0,165.89,0,Retained,">12 Months (Low Risk)"
10,33,4,"Laptop & Accessory",3,Married,8,0,3.0,178.47,0,Retained,"4-12 Months (Medium Risk)"
10,30,2,"Laptop & Accessory",1,Married,6,0,4.0,150.71,0,Retained,"4-12 Months (Medium Risk)"
3,11,3,Mobile,5,Married,6,0,30.0,132.04,0,Retained,"0-3 Months (High Risk)"
0,24,1,"Laptop & Accessory",3,Divorced,3,0,2.0,162.32,0,Retained,"0-3 Months (High Risk)"
12,16,3,"Laptop & Accessory",5,Married,3,0,7.0,153.77,0,Retained,"4-12 Months (Medium Risk)"
6,17,4,"Laptop & Accessory",1,Single,10,0,1.0,171.48,0,Retained,"4-12 Months (Medium Risk)"
11,18,4,"Laptop & Accessory",5,Married,3,0,2.0,162.88,0,Retained,"4-12 Months (Medium Risk)"
6,7,5,"Mobile Phone",4,Married,2,0,3.0,147.69,0,Retained,"4-12 Months (Medium Risk)"
4,6,3,"Laptop & Accessory",5,Married,2,0,3.0,141.48,0,Retained,"4-12 Months (Medium Risk)"
17,9,4,"Mobile Phone",1,Single,2,0,9.0,160.39,0,Retained,">12 Months (Low Risk)"
7,21,3,Fashion,2,Divorced,2,0,5.0,179.78,1,Churned,"4-12 Months (Medium Risk)"
8,15,4,"Laptop & Accessory",5,Married,7,0,3.0,190,0,Retained,"4-12 Months (Medium Risk)"
15,9,5,"Laptop & Accessory",3,Single,4,1,8.0,193.11,0,Retained,">12 Months (Low Risk)"
31,9,5,Grocery,2,Single,5,1,4.0,262.26,0,Retained,">12 Months (Low Risk)"
16,14,3,"Laptop & Accessory",4,Married,5,0,0.0,147.65,0,Retained,">12 Months (Low Risk)"
18,26,3,"Laptop & Accessory",3,Single,9,0,1.0,148.5,0,Retained,">12 Months (Low Risk)"
3,12,4,"Laptop & Accessory",1,Married,5,0,1.0,145.86,1,Churned,"0-3 Months (High Risk)"
11,7,5,"Mobile Phone",5,Divorced,4,0,3.0,164.2,0,Retained,"4-12 Months (Medium Risk)"
0,5,4,Mobile,3,Single,2,0,2.0,130.33,0,Retained,"0-3 Months (High Risk)"
20,9,4,Fashion,1,Married,5,0,,210.78,0,Retained,">12 Months (Low Risk)"
11,11,4,"Mobile Phone",3,Divorced,9,1,4.0,154.96,0,Retained,"4-12 Months (Medium Risk)"
0,22,3,Fashion,5,Single,3,1,0.0,185.64,1,Churned,"0-3 Months (High Risk)"
10,13,2,"Mobile Phone",1,Married,5,0,1.0,155.38,0,Retained,"4-12 Months (Medium Risk)"
1,22,4,"Mobile Phone",3,Married,3,0,3.0,151.1,1,Churned,"0-3 Months (High Risk)"
9,24,4,"Laptop & Accessory",5,Married,5,1,,214.66,0,Retained,"4-12 Months (Medium Risk)"
1,6,4,"Laptop & Accessory",1,Married,2,1,7.0,168.34,0,Retained,"0-3 Months (High Risk)"
9,9,4,"Laptop & Accessory",1,Married,4,0,8.0,182.62,0,Retained,"4-12 Months (Medium Risk)"
2,10,4,"Mobile Phone",4,Married,3,0,1.0,153.56,0,Retained,"0-3 Months (High Risk)"
30,15,4,"Mobile Phone",5,Married,6,1,3.0,167.57,0,Retained,">12 Months (Low Risk)"
12,23,4,"Laptop & Accessory",4,Single,4,0,3.0,166.98,0,Retained,"4-12 Months (Medium Risk)"
8,22,3,Fashion,3,Married,5,1,0.0,176.32,0,Retained,"4-12 Months (Medium Risk)"
22,26,3,"Laptop & Accessory",5,Married,2,0,11.0,165.67,0,Retained,">12 Months (Low Risk)"
8,33,3,"Laptop & Accessory",3,Married,3,0,7.0,168.83,0,Retained,"4-12 Months (Medium Risk)"
20,32,3,Others,3,Married,4,0,0.0,296.58,0,Retained,">12 Months (Low Risk)"
20,20,3,"Laptop & Accessory",4,Married,9,0,7.0,154.67,0,Retained,">12 Months (Low Risk)"
0,10,3,Mobile,2,Single,2,1,2.0,128.75,0,Retained,"0-3 Months (High Risk)"
28,24,4,Fashion,3,Married,10,0,9.0,232.39,0,Retained,">12 Months (Low Risk)"
22,7,2,Grocery,1,Single,4,0,2.0,293.85,0,Retained,">12 Months (Low Risk)"
16,21,4,Grocery,3,Married,2,0,11.0,276.03,0,Retained,">12 Months (Low Risk)"
7,9,5,"Laptop & Accessory",1,Single,6,0,2.0,160.29,0,Retained,"4-12 Months (Medium Risk)"
1,28,4,"Mobile Phone",3,Married,3,0,1.0,148.77,1,Churned,"0-3 Months (High Risk)"
4,8,4,"Laptop & Accessory",5,Divorced,4,0,0.0,164.1,0,Retained,"4-12 Months (Medium Risk)"
25,13,5,"Mobile Phone",3,Single,2,0,8.0,153.38,0,Retained,">12 Months (Low Risk)"
14,33,4,"Laptop & Accessory",5,Married,3,0,6.0,208.96,0,Retained,">12 Months (Low Risk)"
4,9,4,"Mobile Phone",4,Divorced,3,0,1.0,149.76,0,Retained,"4-12 Months (Medium Risk)"
18,15,4,"Laptop & Accessory",3,Divorced,2,0,12.0,155.93,0,Retained,">12 Months (Low Risk)"
10,10,5,Fashion,1,Married,6,0,,221.99,0,Retained,"4-12 Months (Medium Risk)"
18,27,4,"Mobile Phone",4,Single,3,0,4.0,159.2,0,Retained,">12 Months (Low Risk)"
11,17,4,"Laptop & Accessory",4,Single,4,1,2.0,166.97,0,Retained,"4-12 Months (Medium Risk)"
8,18,5,"Laptop & Accessory",4,Married,6,0,9.0,169.9,0,Retained,"4-12 Months (Medium Risk)"
4,27,4,"Laptop & Accessory",5,Married,2,0,,224.57,0,Retained,"4-12 Months (Medium Risk)"
0,11,4,Fashion,2,Married,2,1,,228.07999999999998,0,Retained,"0-3 Months (High Risk)"
18,35,4,Grocery,5,Married,5,0,18.0,288.28,0,Retained,">12 Months (Low Risk)"
13,11,4,"Laptop & Accessory",3,Single,2,0,9.0,175.42,0,Retained,">12 Months (Low Risk)"
31,22,4,Grocery,3,Married,4,1,3.0,282.87,0,Retained,">12 Months (Low Risk)"
0,17,1,"Laptop & Accessory",3,Married,9,0,2.0,147.07,1,Churned,"0-3 Months (High Risk)"
1,25,2,"Mobile Phone",5,Married,2,0,1.0,154.56,1,Churned,"0-3 Months (High Risk)"
1,14,4,"Mobile Phone",4,Single,3,1,1.0,149.72,1,Churned,"0-3 Months (High Risk)"
20,22,4,Others,4,Divorced,7,0,4.0,315.81,0,Retained,">12 Months (Low Risk)"
4,11,3,"Mobile Phone",1,Married,1,1,3.0,148.21,0,Retained,"4-12 Months (Medium Risk)"
1,7,3,"Mobile Phone",5,Married,2,0,2.0,135.91,0,Retained,"0-3 Months (High Risk)"
8,22,4,"Laptop & Accessory",4,Married,1,1,2.0,147.88,0,Retained,"4-12 Months (Medium Risk)"
13,15,3,"Laptop & Accessory",3,Married,4,0,7.0,139.75,0,Retained,">12 Months (Low Risk)"
1,16,4,"Mobile Phone",4,Single,3,0,4.0,147.79,0,Retained,"0-3 Months (High Risk)"
25,17,3,"Laptop & Accessory",3,Divorced,9,0,4.0,131.49,0,Retained,">12 Months (Low Risk)"
19,11,6,Fashion,3,Married,6,0,,222.56,0,Retained,">12 Months (Low Risk)"
24,17,5,Fashion,1,Single,8,0,,229.96,0,Retained,">12 Months (Low Risk)"
0,22,5,"Mobile Phone",5,Single,2,1,7.0,139.19,1,Churned,"0-3 Months (High Risk)"
15,35,5,Grocery,4,Married,2,0,11.0,260.7,0,Retained,">12 Months (Low Risk)"
7,16,3,"Laptop & Accessory",3,Married,2,1,7.0,140.01,0,Retained,"4-12 Months (Medium Risk)"
19,6,3,Fashion,5,Married,2,0,7.0,204.53,0,Retained,">12 Months (Low Risk)"
11,6,4,Mobile,5,Single,5,0,0.0,128.58,0,Retained,"4-12 Months (Medium Risk)"
24,7,4,"Laptop & Accessory",3,Married,2,0,14.0,188.47,0,Retained,">12 Months (Low Risk)"
29,21,2,Others,4,Single,10,0,16.0,312.22,0,Retained,">12 Months (Low Risk)"
15,12,3,Fashion,5,Married,10,0,7.0,233.48000000000002,0,Retained,">12 Months (Low Risk)"
15,11,4,Fashion,3,Married,2,1,,229.47,0,Retained,">12 Months (Low Risk)"
4,14,3,"Laptop & Accessory",1,Single,2,0,8.0,144.24,0,Retained,"4-12 Months (Medium Risk)"
0,8,4,Mobile,1,Single,8,0,0.0,127.85,1,Churned,"0-3 Months (High Risk)"
7,6,1,Mobile,1,Single,3,0,3.0,132.8,0,Retained,"4-12 Months (Medium Risk)"
2,11,4,"Laptop & Accessory",3,Married,3,0,5.0,167.21,0,Retained,"0-3 Months (High Risk)"
9,34,5,"Mobile Phone",5,Single,3,0,2.0,150.59,0,Retained,"4-12 Months (Medium Risk)"
4,8,3,Mobile,3,Married,1,0,2.0,130.67,0,Retained,"4-12 Months (Medium Risk)"
10,18,5,"Laptop & Accessory",1,Married,6,0,1.0,191.52,0,Retained,"4-12 Months (Medium Risk)"
7,32,4,"Laptop & Accessory",3,Divorced,3,0,2.0,170.39,0,Retained,"4-12 Months (Medium Risk)"
1,7,6,"Mobile Phone",4,Single,9,1,8.0,147.16,1,Churned,"0-3 Months (High Risk)"
0,9,4,Fashion,1,Married,2,1,7.0,203.25,1,Churned,"0-3 Months (High Risk)"
19,11,4,"Laptop & Accessory",4,Divorced,3,0,9.0,169.47,0,Retained,">12 Months (Low Risk)"
16,32,3,Grocery,1,Married,2,1,12.0,269.59,0,Retained,">12 Months (Low Risk)"
4,9,5,"Mobile Phone",5,Single,2,0,8.0,174.68,0,Retained,"4-12 Months (Medium Risk)"
16,36,4,"Laptop & Accessory",3,Married,4,0,3.0,170.56,0,Retained,">12 Months (Low Risk)"
0,12,3,Mobile,5,Single,3,0,3.0,129.6,1,Churned,"0-3 Months (High Risk)"
31,35,5,Fashion,5,Married,6,0,,227.66,0,Retained,">12 Months (Low Risk)"
30,13,1,"Laptop & Accessory",1,Married,1,1,9.0,152.2,0,Retained,">12 Months (Low Risk)"
15,7,4,"Laptop & Accessory",5,Married,2,0,8.0,166.03,0,Retained,">12 Months (Low Risk)"
6,9,4,"Laptop & Accessory",3,Single,6,1,8.0,174.98,0,Retained,"4-12 Months (Medium Risk)"
6,15,4,Fashion,2,Single,3,0,,214.98,0,Retained,"4-12 Months (Medium Risk)"
30,13,3,Others,5,Divorced,6,0,10.0,295.66,0,Retained,">12 Months (Low Risk)"
6,13,3,Fashion,3,Divorced,1,0,,216.91000000000003,0,Retained,"4-12 Months (Medium Risk)"
5,14,5,"Mobile Phone",3,Divorced,5,0,3.0,148.29,0,Retained,"4-12 Months (Medium Risk)"
1,27,3,Mobile,2,Divorced,2,0,2.0,127.13,0,Retained,"0-3 Months (High Risk)"
7,9,4,"Laptop & Accessory",1,Married,3,0,5.0,180.05,0,Retained,"4-12 Months (Medium Risk)"
1,13,4,"Mobile Phone",1,Married,3,1,3.0,81,0,Retained,"0-3 Months (High Risk)"
2,23,3,"Laptop & Accessory",5,Single,2,0,8.0,181.61,0,Retained,"0-3 Months (High Risk)"
16,36,4,"Laptop & Accessory",3,Married,4,0,3.0,170.56,0,Retained,">12 Months (Low Risk)"
16,19,4,"Mobile Phone",4,Married,10,0,5.0,152.66,0,Retained,">12 Months (Low Risk)"
19,9,1,Grocery,5,Married,3,0,8.0,232.25,0,Retained,">12 Months (Low Risk)"
16,14,2,"Laptop & Accessory",4,Married,8,1,1.0,148.72,0,Retained,">12 Months (Low Risk)"
11,9,3,"Laptop & Accessory",2,Single,9,1,0.0,168.61,0,Retained,"4-12 Months (Medium Risk)"
10,21,4,"Laptop & Accessory",1,Married,2,1,12.0,190.86,0,Retained,"4-12 Months (Medium Risk)"
15,14,6,Others,3,Married,3,0,11.0,324.73,0,Retained,">12 Months (Low Risk)"
14,14,4,Others,4,Single,3,0,9.0,323.33,0,Retained,">12 Months (Low Risk)"
1,31,2,"Mobile Phone",5,Single,3,0,1.0,135.91,1,Churned,"0-3 Months (High Risk)"
23,8,3,Grocery,3,Married,6,0,3.0,276.39,0,Retained,">12 Months (Low Risk)"
13,32,3,"Laptop & Accessory",4,Married,2,0,13.0,156.05,0,Retained,">12 Months (Low Risk)"
0,6,3,Mobile,4,Single,2,1,4.0,132.02,1,Churned,"0-3 Months (High Risk)"
19,13,3,"Laptop & Accessory",3,Married,3,0,0.0,152.58,0,Retained,">12 Months (Low Risk)"
25,14,3,Mobile,5,Married,10,0,4.0,129.5,0,Retained,">12 Months (Low Risk)"
10,17,4,Fashion,2,Single,3,0,,224.8,0,Retained,"4-12 Months (Medium Risk)"
1,7,6,"Laptop & Accessory",4,Single,8,0,1.0,192.35,1,Churned,"0-3 Months (High Risk)"
19,14,3,"Laptop & Accessory",3,Divorced,6,0,3.0,189.34,0,Retained,">12 Months (Low Risk)"
6,31,3,"Laptop & Accessory",3,Married,2,0,1.0,145.39,0,Retained,"4-12 Months (Medium Risk)"
1,32,4,"Laptop & Accessory",5,Married,2,0,4.0,147.24,0,Retained,"0-3 Months (High Risk)"
16,12,4,"Mobile Phone",3,Married,6,0,1.0,145.93,0,Retained,">12 Months (Low Risk)"
9,13,4,"Mobile Phone",3,Divorced,2,1,3.0,160.06,0,Retained,"4-12 Months (Medium Risk)"
1,26,3,"Laptop & Accessory",2,Single,10,1,5.0,178.04,1,Churned,"0-3 Months (High Risk)"
7,9,4,"Mobile Phone",2,Single,2,0,3.0,150,0,Retained,"4-12 Months (Medium Risk)"
1,25,2,"Laptop & Accessory",3,Divorced,4,0,3.0,187.32,0,Retained,"0-3 Months (High Risk)"
8,17,4,"Mobile Phone",3,Divorced,3,1,1.0,147.2,0,Retained,"4-12 Months (Medium Risk)"
17,9,5,Fashion,1,Married,2,0,,226.69,1,Churned,">12 Months (Low Risk)"
7,12,5,"Mobile Phone",1,Married,3,0,3.0,154.11,0,Retained,"4-12 Months (Medium Risk)"
16,16,4,"Mobile Phone",1,Single,3,0,9.0,161.73,0,Retained,">12 Months (Low Risk)"
3,16,4,"Laptop & Accessory",3,Married,2,0,4.0,165.78,0,Retained,"0-3 Months (High Risk)"
11,8,3,"Mobile Phone",1,Single,6,1,2.0,139.44,0,Retained,"4-12 Months (Medium Risk)"
13,11,4,Fashion,5,Divorced,6,1,12.0,204.75,0,Retained,">12 Months (Low Risk)"
17,22,5,Grocery,3,Married,3,0,12.0,301.03,0,Retained,">12 Months (Low Risk)"
11,12,5,"Laptop & Accessory",1,Married,8,1,9.0,153.29,0,Retained,"4-12 Months (Medium Risk)"
7,15,4,"Laptop & Accessory",3,Single,4,1,1.0,188.88,0,Retained,"4-12 Months (Medium Risk)"
6,12,5,"Laptop & Accessory",4,Married,5,0,6.0,183.78,0,Retained,"4-12 Months (Medium Risk)"
11,10,3,Mobile,3,Married,8,0,0.0,133.06,0,Retained,"4-12 Months (Medium Risk)"
15,32,3,Fashion,5,Married,4,1,0.0,231.91000000000003,0,Retained,">12 Months (Low Risk)"
13,35,5,"Laptop & Accessory",5,Single,5,0,4.0,167.84,1,Churned,">12 Months (Low Risk)"
6,12,4,"Mobile Phone",4,Single,4,0,8.0,152.18,0,Retained,"4-12 Months (Medium Risk)"
7,8,3,"Laptop & Accessory",1,Single,2,0,4.0,162.74,0,Retained,"4-12 Months (Medium Risk)"
0,13,5,"Laptop & Accessory",3,Single,2,1,6.0,160.74,1,Churned,"0-3 Months (High Risk)"
16,9,5,"Laptop & Accessory",2,Single,5,0,1.0,192.81,0,Retained,">12 Months (Low Risk)"
5,17,4,"Laptop & Accessory",1,Married,4,1,5.0,190.83,0,Retained,"4-12 Months (Medium Risk)"
19,8,3,Fashion,1,Married,5,1,3.0,203.68,0,Retained,">12 Months (Low Risk)"
0,13,4,"Laptop & Accessory",5,Single,9,0,7.0,168.11,0,Retained,"0-3 Months (High Risk)"
20,31,4,"Mobile Phone",1,Single,3,0,1.0,150.87,1,Churned,">12 Months (Low Risk)"
8,7,4,"Laptop & Accessory",4,Married,3,0,4.0,168.25,0,Retained,"4-12 Months (Medium Risk)"
12,8,4,"Laptop & Accessory",1,Married,9,0,4.0,152.04,0,Retained,"4-12 Months (Medium Risk)"
1,8,4,"Mobile Phone",3,Married,3,0,2.0,137.23,0,Retained,"0-3 Months (High Risk)"
4,13,3,Fashion,5,Married,3,0,2.0,196.37,0,Retained,"4-12 Months (Medium Risk)"
9,7,5,"Mobile Phone",5,Single,3,0,3.0,149.5,0,Retained,"4-12 Months (Medium Risk)"
12,16,5,"Mobile Phone",4,Divorced,2,0,3.0,153.99,0,Retained,"4-12 Months (Medium Risk)"
25,7,4,"Mobile Phone",2,Divorced,3,0,1.0,152.23,0,Retained,">12 Months (Low Risk)"
6,14,4,"Laptop & Accessory",1,Married,6,0,,217.04,0,Retained,"4-12 Months (Medium Risk)"
21,9,4,Grocery,1,Married,3,1,1.0,292.52,0,Retained,">12 Months (Low Risk)"
7,8,1,Mobile,1,Married,1,1,2.0,129.32,0,Retained,"4-12 Months (Medium Risk)"
7,12,3,"Laptop & Accessory",3,Single,2,0,10.0,148.09,0,Retained,"4-12 Months (Medium Risk)"
3,16,3,Fashion,3,Single,10,0,2.0,196.67,0,Retained,"0-3 Months (High Risk)"
0,9,3,Mobile,5,Single,1,0,4.0,131.02,1,Churned,"0-3 Months (High Risk)"
1,13,2,"Mobile Phone",5,Married,3,1,1.0,141.01,1,Churned,"0-3 Months (High Risk)"
13,8,3,"Laptop & Accessory",4,Married,4,0,10.0,156.77,0,Retained,">12 Months (Low Risk)"
0,8,3,Mobile,4,Married,10,0,2.0,134.68,0,Retained,"0-3 Months (High Risk)"
17,11,4,Mobile,3,Single,4,0,3.0,131.62,0,Retained,">12 Months (Low Risk)"
14,15,4,"Laptop & Accessory",1,Married,5,1,3.0,165.69,0,Retained,">12 Months (Low Risk)"
1,7,5,Fashion,3,Married,7,0,,231.08999999999997,1,Churned,"0-3 Months (High Risk)"
9,9,6,Others,4,Single,4,1,12.0,313.24,1,Churned,"4-12 Months (Medium Risk)"
0,15,4,Mobile,5,Single,8,0,3.0,134.07,1,Churned,"0-3 Months (High Risk)"
20,33,5,"Laptop & Accessory",4,Single,10,0,3.0,204.91,0,Retained,">12 Months (Low Risk)"
17,16,3,"Laptop & Accessory",1,Married,3,1,3.0,164.65,0,Retained,">12 Months (Low Risk)"
17,35,2,"Mobile Phone",3,Single,6,0,3.0,172.39,0,Retained,">12 Months (Low Risk)"
1,17,4,Fashion,3,Married,8,0,,225.48,1,Churned,"0-3 Months (High Risk)"
16,12,4,Fashion,4,Single,11,1,,209.46,1,Churned,">12 Months (Low Risk)"
0,10,5,Fashion,2,Divorced,2,0,8.0,204,1,Churned,"0-3 Months (High Risk)"
1,17,5,"Mobile Phone",3,Single,3,0,3.0,151.25,1,Churned,"0-3 Months (High Risk)"
0,6,3,"Mobile Phone",4,Married,2,0,4.0,138.16,0,Retained,"0-3 Months (High Risk)"
20,7,4,Others,2,Married,11,0,3.0,321.27,0,Retained,">12 Months (Low Risk)"
21,21,4,"Laptop & Accessory",5,Single,4,0,8.0,174.6,0,Retained,">12 Months (Low Risk)"
29,15,4,Grocery,3,Married,4,1,3.0,272.56,0,Retained,">12 Months (Low Risk)"
23,7,4,"Mobile Phone",5,Married,4,0,3.0,160.8,0,Retained,">12 Months (Low Risk)"
13,15,3,Fashion,3,Single,10,0,13.0,234.99,0,Retained,">12 Months (Low Risk)"
6,13,4,"Mobile Phone",3,Single,5,0,5.0,155.38,0,Retained,"4-12 Months (Medium Risk)"
4,14,4,"Mobile Phone",5,Single,5,1,4.0,146.66,1,Churned,"4-12 Months (Medium Risk)"
5,9,5,"Laptop & Accessory",5,Divorced,5,0,1.0,189.1,0,Retained,"4-12 Months (Medium Risk)"
6,15,5,"Laptop & Accessory",3,Single,9,0,3.0,153.46,1,Churned,"4-12 Months (Medium Risk)"
3,10,4,"Laptop & Accessory",4,Married,2,1,7.0,152.09,0,Retained,"0-3 Months (High Risk)"
5,14,1,"Laptop & Accessory",3,Divorced,6,0,3.0,151.75,0,Retained,"4-12 Months (Medium Risk)"
1,6,5,"Mobile Phone",3,Single,3,0,3.0,155.33,0,Retained,"0-3 Months (High Risk)"
11,17,4,"Mobile Phone",5,Married,2,1,4.0,152.82,0,Retained,"4-12 Months (Medium Risk)"
10,25,3,Fashion,4,Single,2,1,9.0,176.42,0,Retained,"4-12 Months (Medium Risk)"
27,9,5,Grocery,1,Married,4,0,8.0,279.27,0,Retained,">12 Months (Low Risk)"
1,10,4,"Mobile Phone",5,Single,2,0,5.0,156.02,1,Churned,"0-3 Months (High Risk)"
27,13,4,"Laptop & Accessory",1,Single,4,0,3.0,149.5,0,Retained,">12 Months (Low Risk)"
5,16,3,"Laptop & Accessory",1,Single,2,0,8.0,153.96,0,Retained,"4-12 Months (Medium Risk)"
17,6,4,"Laptop & Accessory",3,Single,5,0,2.0,159.85,0,Retained,">12 Months (Low Risk)"
28,14,4,Grocery,4,Married,2,1,0.0,235.76999999999998,0,Retained,">12 Months (Low Risk)"
6,17,4,"Laptop & Accessory",1,Single,3,0,9.0,178.96,0,Retained,"4-12 Months (Medium Risk)"
1,7,5,"Mobile Phone",4,Single,3,0,1.0,153.36,0,Retained,"0-3 Months (High Risk)"
3,28,3,Fashion,5,Married,1,0,8.0,184.12,0,Retained,"0-3 Months (High Risk)"
16,12,4,Grocery,2,Married,5,1,0.0,266.27,0,Retained,">12 Months (Low Risk)"
14,9,5,"Mobile Phone",3,Single,4,0,3.0,153.09,0,Retained,">12 Months (Low Risk)"
13,8,3,Mobile,5,Married,5,0,2.0,133.77,0,Retained,">12 Months (Low Risk)"
9,12,5,Mobile,3,Married,2,0,7.0,127.41,0,Retained,"4-12 Months (Medium Risk)"
17,8,3,Fashion,3,Single,6,1,2.0,202.09,0,Retained,">12 Months (Low Risk)"
16,12,4,Grocery,1,Married,5,1,0.0,266.27,0,Retained,">12 Months (Low Risk)"
19,9,3,Grocery,3,Divorced,4,0,9.0,274.65,0,Retained,">12 Months (Low Risk)"
6,31,3,"Laptop & Accessory",3,Divorced,2,0,1.0,145.39,0,Retained,"4-12 Months (Medium Risk)"
14,12,4,"Laptop & Accessory",4,Single,7,1,2.0,160.32,0,Retained,">12 Months (Low Risk)"
8,13,4,Mobile,1,Married,2,0,1.0,126.9,0,Retained,"4-12 Months (Medium Risk)"
9,16,3,Fashion,1,Single,2,0,7.0,199.8,0,Retained,"4-12 Months (Medium Risk)"
18,13,3,Fashion,5,Married,3,0,0.0,197.24,0,Retained,">12 Months (Low Risk)"
0,8,3,"Laptop & Accessory",1,Married,1,0,2.0,142.27,0,Retained,"0-3 Months (High Risk)"
3,13,5,"Mobile Phone",4,Married,3,0,1.0,153.04,0,Retained,"0-3 Months (High Risk)"
4,25,4,"Mobile Phone",3,Single,3,0,5.0,151.32,0,Retained,"4-12 Months (Medium Risk)"
11,7,5,"Laptop & Accessory",3,Married,3,0,8.0,184.93,0,Retained,"4-12 Months (Medium Risk)"
1,29,4,"Mobile Phone",3,Divorced,6,1,2.0,146.32,1,Churned,"0-3 Months (High Risk)"
16,30,3,Fashion,5,Single,7,1,2.0,204.48,1,Churned,">12 Months (Low Risk)"
7,16,1,"Laptop & Accessory",1,Married,2,0,2.0,147.24,0,Retained,"4-12 Months (Medium Risk)"
5,19,4,"Mobile Phone",1,Married,10,1,3.0,164.29,0,Retained,"4-12 Months (Medium Risk)"
1,25,4,"Laptop & Accessory",3,Divorced,2,1,3.0,171.14,1,Churned,"0-3 Months (High Risk)"
4,10,4,"Mobile Phone",3,Married,3,0,1.0,145.83,0,Retained,"4-12 Months (Medium Risk)"
15,12,3,Fashion,5,Married,10,0,7.0,233.48000000000002,0,Retained,">12 Months (Low Risk)"
8,10,3,"Laptop & Accessory",3,Single,2,1,1.0,142.49,0,Retained,"4-12 Months (Medium Risk)"
2,23,4,Fashion,5,Single,2,0,9.0,179.88,0,Retained,"0-3 Months (High Risk)"
5,12,3,"Laptop & Accessory",3,Single,2,0,7.0,150.1,0,Retained,"4-12 Months (Medium Risk)"
0,26,3,Fashion,3,Married,4,0,0.0,198.24,1,Churned,"0-3 Months (High Risk)"
1,19,5,"Mobile Phone",5,Married,3,0,1.0,145.33,1,Churned,"0-3 Months (High Risk)"
11,31,4,Fashion,4,Divorced,4,0,,220.61,0,Retained,"4-12 Months (Medium Risk)"
2,9,3,"Laptop & Accessory",3,Divorced,2,0,2.0,155.61,0,Retained,"0-3 Months (High Risk)"
11,9,3,"Laptop & Accessory",3,Single,4,1,2.0,143.17,0,Retained,"4-12 Months (Medium Risk)"
11,7,4,Fashion,1,Married,4,1,3.0,261.03,0,Retained,"4-12 Months (Medium Risk)"
15,8,3,Mobile,3,Married,1,1,0.0,126.96000000000001,0,Retained,">12 Months (Low Risk)"
4,34,4,"Laptop & Accessory",2,Married,9,0,8.0,178.04,0,Retained,"4-12 Months (Medium Risk)"
19,9,4,"Laptop & Accessory",4,Married,2,0,8.0,173.05,0,Retained,">12 Months (Low Risk)"
10,13,3,Fashion,3,Single,5,0,2.0,236.64,0,Retained,"4-12 Months (Medium Risk)"
3,16,4,"Mobile Phone",3,Married,11,0,3.0,154.74,0,Retained,"0-3 Months (High Risk)"
7,30,4,Fashion,1,Single,3,1,13.0,259.58,0,Retained,"4-12 Months (Medium Risk)"
21,12,4,Others,3,Married,6,0,2.0,308,0,Retained,">12 Months (Low Risk)"
19,8,3,Grocery,3,Married,7,0,1.0,278.61,0,Retained,">12 Months (Low Risk)"
4,9,5,"Laptop & Accessory",1,Married,3,0,9.0,166.52,0,Retained,"4-12 Months (Medium Risk)"
21,9,4,"Laptop & Accessory",4,Married,9,0,1.0,174.78,0,Retained,">12 Months (Low Risk)"
1,36,6,"Laptop & Accessory",5,Single,10,0,3.0,174.69,1,Churned,"0-3 Months (High Risk)"
19,24,3,"Laptop & Accessory",3,Married,3,0,8.0,148.1,0,Retained,">12 Months (Low Risk)"
51,7,2,"Laptop & Accessory",3,Divorced,2,0,9.0,174,0,Retained,">12 Months (Low Risk)"
13,8,1,"Laptop & Accessory",4,Divorced,2,0,7.0,142.44,0,Retained,">12 Months (Low Risk)"
8,31,4,"Laptop & Accessory",2,Single,5,0,2.0,136.81,0,Retained,"4-12 Months (Medium Risk)"
12,7,5,"Laptop & Accessory",1,Single,6,0,,211.86,0,Retained,"4-12 Months (Medium Risk)"
15,32,3,Grocery,4,Married,6,0,8.0,235.25,0,Retained,">12 Months (Low Risk)"
1,7,4,"Mobile Phone",3,Single,2,0,6.0,145.58,1,Churned,"0-3 Months (High Risk)"
0,11,3,"Mobile Phone",1,Single,2,0,0.0,110.50999999999999,0,Retained,"0-3 Months (High Risk)"
8,22,4,Fashion,4,Single,2,0,3.0,186.06,0,Retained,"4-12 Months (Medium Risk)"
22,13,3,Fashion,4,Married,4,0,7.0,204.66,0,Retained,">12 Months (Low Risk)"
1,16,3,"Laptop & Accessory",3,Single,4,0,7.0,136.6,0,Retained,"0-3 Months (High Risk)"
9,15,4,"Laptop & Accessory",3,Married,3,0,10.0,166.48,0,Retained,"4-12 Months (Medium Risk)"
3,9,4,"Laptop & Accessory",1,Married,3,0,,213.53,0,Retained,"0-3 Months (High Risk)"
12,17,3,Fashion,2,Divorced,2,0,7.0,176.54,1,Churned,"4-12 Months (Medium Risk)"
19,14,4,"Mobile Phone",3,Divorced,6,1,3.0,169.77,0,Retained,">12 Months (Low Risk)"
19,27,4,"Laptop & Accessory",3,Single,10,0,2.0,173.5,0,Retained,">12 Months (Low Risk)"
26,13,1,Grocery,3,Married,4,0,3.0,248.14,0,Retained,">12 Months (Low Risk)"
20,10,4,Fashion,4,Married,9,1,10.0,203.33,0,Retained,">12 Months (Low Risk)"
9,14,4,"Mobile Phone",3,Married,3,0,1.0,149.04,0,Retained,"4-12 Months (Medium Risk)"
13,15,3,"Laptop & Accessory",3,Married,4,0,7.0,139.75,0,Retained,">12 Months (Low Risk)"
17,30,5,"Mobile Phone",3,Single,3,0,4.0,137.08,0,Retained,">12 Months (Low Risk)"
8,17,4,"Mobile Phone",3,Single,3,1,3.0,154.36,1,Churned,"4-12 Months (Medium Risk)"
1,22,4,"Mobile Phone",1,Single,3,0,1.0,137.32,0,Retained,"0-3 Months (High Risk)"
12,24,3,"Laptop & Accessory",3,Single,1,0,7.0,145.34,0,Retained,"4-12 Months (Medium Risk)"
9,7,4,Fashion,4,Divorced,3,0,7.0,197.95,0,Retained,"4-12 Months (Medium Risk)"
4,9,4,"Mobile Phone",4,Married,3,0,1.0,149.76,0,Retained,"4-12 Months (Medium Risk)"
29,8,2,Grocery,1,Married,4,0,1.0,272.32,0,Retained,">12 Months (Low Risk)"
1,14,4,"Mobile Phone",3,Divorced,3,1,3.0,153.86,1,Churned,"0-3 Months (High Risk)"
20,20,4,"Laptop & Accessory",4,Single,8,0,10.0,180.62,0,Retained,">12 Months (Low Risk)"
1,31,2,"Mobile Phone",5,Single,3,0,1.0,135.91,1,Churned,"0-3 Months (High Risk)"
10,7,4,"Laptop & Accessory",1,Married,2,0,11.0,164.74,0,Retained,"4-12 Months (Medium Risk)"
1,7,4,"Laptop & Accessory",4,Divorced,2,1,5.0,188.49,0,Retained,"0-3 Months (High Risk)"
9,9,5,Fashion,4,Married,4,0,,227.74,0,Retained,"4-12 Months (Medium Risk)"
4,30,4,"Laptop & Accessory",5,Single,2,0,8.0,168.12,0,Retained,"4-12 Months (Medium Risk)"
4,11,3,"Laptop & Accessory",3,Married,2,0,2.0,183.46,0,Retained,"4-12 Months (Medium Risk)"
10,6,4,"Laptop & Accessory",3,Married,2,0,7.0,159.93,0,Retained,"4-12 Months (Medium Risk)"
13,7,3,Grocery,5,Married,3,0,16.0,268.23,0,Retained,">12 Months (Low Risk)"
1,17,5,"Mobile Phone",5,Single,8,1,1.0,149.04,1,Churned,"0-3 Months (High Risk)"
8,6,3,Fashion,4,Married,2,0,6.0,172.95,0,Retained,"4-12 Months (Medium Risk)"
1,16,4,"Mobile Phone",2,Single,3,0,3.0,151.1,0,Retained,"0-3 Months (High Risk)"
15,15,3,"Mobile Phone",1,Single,2,0,8.0,136.73,0,Retained,">12 Months (Low Risk)"
24,9,3,Fashion,3,Married,3,0,,231.16000000000003,0,Retained,">12 Months (Low Risk)"
30,7,4,"Mobile Phone",5,Divorced,4,0,1.0,145.66,0,Retained,">12 Months (Low Risk)"
1,25,2,"Laptop & Accessory",3,Married,4,0,3.0,187.32,0,Retained,"0-3 Months (High Risk)"
1,16,4,"Mobile Phone",5,Single,3,0,3.0,152.28,0,Retained,"0-3 Months (High Risk)"
20,10,4,Grocery,3,Married,5,0,10.0,299.65,0,Retained,">12 Months (Low Risk)"
0,18,3,"Laptop & Accessory",1,Single,4,1,7.0,145.81,1,Churned,"0-3 Months (High Risk)"
1,23,4,"Mobile Phone",4,Married,4,1,3.0,148.73,1,Churned,"0-3 Months (High Risk)"
6,22,3,"Laptop & Accessory",1,Married,2,1,2.0,153.68,0,Retained,"4-12 Months (Medium Risk)"
17,13,5,"Laptop & Accessory",3,Single,3,1,9.0,165.81,0,Retained,">12 Months (Low Risk)"
7,9,4,"Mobile Phone",1,Single,2,0,3.0,150,0,Retained,"4-12 Months (Medium Risk)"
17,22,5,Grocery,3,Married,3,0,12.0,301.03,0,Retained,">12 Months (Low Risk)"
13,7,3,"Laptop & Accessory",1,Married,5,0,3.0,165.13,0,Retained,">12 Months (Low Risk)"
5,14,4,Fashion,5,Married,4,0,,221.37,0,Retained,"4-12 Months (Medium Risk)"
0,8,4,"Mobile Phone",1,Single,2,0,0.0,111.02000000000001,1,Churned,"0-3 Months (High Risk)"
16,33,3,Fashion,5,Divorced,9,0,1.0,208.2,0,Retained,">12 Months (Low Risk)"
1,36,6,"Laptop & Accessory",5,Single,10,0,3.0,174.69,1,Churned,"0-3 Months (High Risk)"
17,17,5,"Laptop & Accessory",3,Married,3,0,1.0,177.57,0,Retained,">12 Months (Low Risk)"
9,7,6,"Mobile Phone",1,Married,3,0,2.0,154.77,0,Retained,"4-12 Months (Medium Risk)"
14,16,4,"Mobile Phone",4,Married,10,1,1.0,161.17,0,Retained,">12 Months (Low Risk)"
4,9,5,"Mobile Phone",5,Single,2,0,8.0,174.68,0,Retained,"4-12 Months (Medium Risk)"
9,23,4,"Laptop & Accessory",4,Married,3,0,3.0,155.07,0,Retained,"4-12 Months (Medium Risk)"
8,9,4,"Laptop & Accessory",3,Single,4,0,3.0,165.33,0,Retained,"4-12 Months (Medium Risk)"
7,7,3,Fashion,1,Single,2,0,1.0,198.88,0,Retained,"4-12 Months (Medium Risk)"
1,30,5,Fashion,5,Married,3,0,11.0,198.36,1,Churned,"0-3 Months (High Risk)"
19,33,5,"Laptop & Accessory",5,Married,3,0,6.0,168.85,0,Retained,">12 Months (Low Risk)"
1,33,4,"Laptop & Accessory",1,Married,3,1,9.0,181.17,1,Churned,"0-3 Months (High Risk)"
8,7,5,Fashion,5,Divorced,11,0,,229.82,1,Churned,"4-12 Months (Medium Risk)"
6,20,3,Mobile,4,Married,2,0,6.0,127.56,0,Retained,"4-12 Months (Medium Risk)"
13,12,3,Grocery,3,Single,8,0,13.0,232.37,0,Retained,">12 Months (Low Risk)"
13,8,1,"Laptop & Accessory",3,Married,6,0,8.0,163.77,0,Retained,">12 Months (Low Risk)"
12,10,4,Fashion,3,Married,2,0,,231.08999999999997,0,Retained,"4-12 Months (Medium Risk)"
10,20,4,"Mobile Phone",4,Divorced,5,0,5.0,146.43,0,Retained,"4-12 Months (Medium Risk)"
1,30,5,"Laptop & Accessory",3,Married,3,0,9.0,160.4,0,Retained,"0-3 Months (High Risk)"
4,16,3,Fashion,3,Married,5,0,,210.31,0,Retained,"4-12 Months (Medium Risk)"
8,31,4,Fashion,4,Married,4,0,8.0,209.02999999999997,0,Retained,"4-12 Months (Medium Risk)"
6,11,4,"Mobile Phone",4,Divorced,4,0,3.0,164.31,0,Retained,"4-12 Months (Medium Risk)"
17,32,5,Fashion,1,Married,7,0,1.0,232.98000000000002,0,Retained,">12 Months (Low Risk)"
22,11,5,Fashion,3,Single,9,0,9.0,234.99,0,Retained,">12 Months (Low Risk)"
8,16,3,"Mobile Phone",2,Married,2,0,2.0,139.17,0,Retained,"4-12 Months (Medium Risk)"
21,10,3,Fashion,1,Single,2,0,8.0,178.98,0,Retained,">12 Months (Low Risk)"
0,16,4,Fashion,5,Married,10,0,0.0,203.06,1,Churned,"0-3 Months (High Risk)"
0,9,3,"Laptop & Accessory",3,Married,1,0,2.0,149.99,0,Retained,"0-3 Months (High Risk)"
0,7,4,"Laptop & Accessory",3,Single,2,0,2.0,146.17,0,Retained,"0-3 Months (High Risk)"
16,12,4,Others,3,Divorced,8,0,1.0,308.03,0,Retained,">12 Months (Low Risk)"
13,17,4,Fashion,3,Single,9,0,3.0,259.64,0,Retained,">12 Months (Low Risk)"
19,32,4,Others,4,Single,5,0,1.0,305.61,0,Retained,">12 Months (Low Risk)"
12,7,5,"Laptop & Accessory",2,Single,6,0,,211.86,0,Retained,"4-12 Months (Medium Risk)"
1,28,2,"Mobile Phone",2,Single,3,0,3.0,151.78,0,Retained,"0-3 Months (High Risk)"
24,7,4,Others,4,Married,5,1,8.0,306.72,0,Retained,">12 Months (Low Risk)"
18,27,4,"Mobile Phone",4,Single,3,0,4.0,159.2,0,Retained,">12 Months (Low Risk)"
18,15,2,"Mobile Phone",2,Divorced,4,1,3.0,153.18,0,Retained,">12 Months (Low Risk)"
16,11,4,Others,2,Divorced,3,0,16.0,317.32,0,Retained,">12 Months (Low Risk)"
5,15,4,Fashion,1,Married,3,0,10.0,232.93,0,Retained,"4-12 Months (Medium Risk)"
10,9,4,"Laptop & Accessory",4,Married,6,1,1.0,194.62,0,Retained,"4-12 Months (Medium Risk)"
0,9,4,Mobile,3,Single,2,0,0.0,132.3,0,Retained,"0-3 Months (High Risk)"
20,14,4,Fashion,3,Married,8,0,8.0,233.45,0,Retained,">12 Months (Low Risk)"
3,9,4,"Mobile Phone",4,Married,2,0,5.0,152.03,0,Retained,"0-3 Months (High Risk)"
3,17,5,"Laptop & Accessory",3,Single,11,0,5.0,183.69,0,Retained,"0-3 Months (High Risk)"
16,15,4,"Mobile Phone",3,Single,6,0,1.0,164.68,0,Retained,">12 Months (Low Risk)"
9,23,5,Fashion,4,Single,3,0,,211.06,0,Retained,"4-12 Months (Medium Risk)"
11,36,4,Fashion,4,Divorced,3,1,10.0,243.49,1,Churned,"4-12 Months (Medium Risk)"
16,9,4,Grocery,5,Married,2,0,8.0,301.65,0,Retained,">12 Months (Low Risk)"
1,7,2,Fashion,4,Single,3,0,8.0,199.46,1,Churned,"0-3 Months (High Risk)"
1,7,4,Fashion,5,Divorced,3,0,8.0,199.12,0,Retained,"0-3 Months (High Risk)"
15,12,2,"Mobile Phone",3,Divorced,4,1,4.0,146.27,0,Retained,">12 Months (Low Risk)"
5,11,3,"Laptop & Accessory",4,Divorced,2,0,3.0,165.24,0,Retained,"4-12 Months (Medium Risk)"
22,13,3,Fashion,4,Married,4,0,7.0,204.66,0,Retained,">12 Months (Low Risk)"
1,9,4,"Laptop & Accessory",3,Single,3,1,5.0,169.78,0,Retained,"0-3 Months (High Risk)"
8,22,4,"Laptop & Accessory",5,Single,3,0,7.0,186.25,0,Retained,"4-12 Months (Medium Risk)"
1,11,5,"Mobile Phone",1,Married,2,0,5.0,156.62,0,Retained,"0-3 Months (High Risk)"
1,15,5,"Mobile Phone",4,Single,3,0,1.0,137.61,1,Churned,"0-3 Months (High Risk)"
1,24,4,"Mobile Phone",3,Married,2,1,1.0,152.41,1,Churned,"0-3 Months (High Risk)"
22,9,4,"Laptop & Accessory",5,Divorced,5,0,2.0,147.89,0,Retained,">12 Months (Low Risk)"
1,7,5,"Mobile Phone",3,Married,3,0,4.0,145.07,0,Retained,"0-3 Months (High Risk)"
11,31,4,Fashion,4,Married,4,0,,220.61,0,Retained,"4-12 Months (Medium Risk)"
1,14,4,"Mobile Phone",4,Single,3,1,1.0,149.72,1,Churned,"0-3 Months (High Risk)"
9,24,3,"Laptop & Accessory",2,Single,3,0,9.0,177.79,0,Retained,"4-12 Months (Medium Risk)"
10,19,4,"Laptop & Accessory",3,Married,11,1,2.0,171.63,0,Retained,"4-12 Months (Medium Risk)"
0,6,3,Mobile,4,Single,2,1,4.0,132.02,1,Churned,"0-3 Months (High Risk)"
0,28,4,Mobile,4,Married,2,0,0.0,128.63,1,Churned,"0-3 Months (High Risk)"
5,7,5,"Mobile Phone",5,Married,3,0,3.0,147.18,0,Retained,"4-12 Months (Medium Risk)"
1,35,5,"Laptop & Accessory",5,Single,5,0,4.0,167.84,1,Churned,"0-3 Months (High Risk)"
10,25,4,"Mobile Phone",1,Single,3,0,8.0,146.53,0,Retained,"4-12 Months (Medium Risk)"
13,10,3,Others,3,Divorced,2,0,9.0,290.33,0,Retained,">12 Months (Low Risk)"
5,18,4,"Mobile Phone",1,Married,5,1,3.0,148.56,0,Retained,"4-12 Months (Medium Risk)"
31,10,2,"Mobile Phone",5,Married,6,1,1.0,151.7,0,Retained,">12 Months (Low Risk)"
13,22,3,Mobile,3,Married,10,0,0.0,135.44,0,Retained,">12 Months (Low Risk)"
1,15,4,"Mobile Phone",3,Single,3,0,1.0,144.04,1,Churned,"0-3 Months (High Risk)"
0,6,3,Mobile,1,Single,2,1,8.0,126.86000000000001,1,Churned,"0-3 Months (High Risk)"
1,31,5,"Mobile Phone",3,Single,7,1,4.0,145.28,1,Churned,"0-3 Months (High Risk)"
15,10,5,"Laptop & Accessory",4,Married,4,0,,214.38,0,Retained,">12 Months (Low Risk)"
18,16,4,"Mobile Phone",5,Divorced,3,1,2.0,150.59,0,Retained,">12 Months (Low Risk)"
13,25,4,"Laptop & Accessory",3,Single,2,0,8.0,170.34,0,Retained,">12 Months (Low Risk)"
23,6,3,Grocery,2,Married,10,0,3.0,273.99,0,Retained,">12 Months (Low Risk)"
6,6,1,"Laptop & Accessory",4,Divorced,2,1,2.0,154.88,0,Retained,"4-12 Months (Medium Risk)"
16,8,3,Mobile,1,Single,1,0,8.0,135.39,0,Retained,">12 Months (Low Risk)"
5,9,4,"Mobile Phone",3,Married,2,0,3.0,155.67,0,Retained,"4-12 Months (Medium Risk)"
1,15,5,"Laptop & Accessory",5,Single,8,0,3.0,178.26,1,Churned,"0-3 Months (High Risk)"
11,13,2,"Laptop & Accessory",5,Married,6,1,8.0,184.74,0,Retained,"4-12 Months (Medium Risk)"
23,14,5,Fashion,3,Single,10,0,1.0,170,0,Retained,">12 Months (Low Risk)"
1,36,4,"Laptop & Accessory",3,Married,7,0,1.0,168.06,0,Retained,"0-3 Months (High Risk)"
4,30,3,"Laptop & Accessory",1,Single,3,0,4.0,152.38,0,Retained,"4-12 Months (Medium Risk)"
26,14,3,Grocery,1,Married,6,0,,218.36,0,Retained,">12 Months (Low Risk)"
10,19,5,Fashion,1,Single,2,0,,213.58,0,Retained,"4-12 Months (Medium Risk)"
3,9,4,"Laptop & Accessory",3,Divorced,3,0,3.0,171.49,0,Retained,"0-3 Months (High Risk)"
30,21,3,Grocery,3,Married,3,1,2.0,257.87,0,Retained,">12 Months (Low Risk)"
16,8,3,"Laptop & Accessory",1,Married,2,0,7.0,156.75,0,Retained,">12 Months (Low Risk)"
6,19,3,Mobile,2,Single,4,0,2.0,134.52,0,Retained,"4-12 Months (Medium Risk)"
13,15,3,"Mobile Phone",4,Married,9,1,0.0,136.17,0,Retained,">12 Months (Low Risk)"
31,10,5,"Mobile Phone",2,Divorced,5,0,1.0,146.77,0,Retained,">12 Months (Low Risk)"
1,16,4,"Mobile Phone",5,Divorced,3,0,3.0,150,0,Retained,"0-3 Months (High Risk)"
11,28,4,"Mobile Phone",2,Divorced,7,0,1.0,154.73,0,Retained,"4-12 Months (Medium Risk)"
16,33,1,"Mobile Phone",4,Married,6,0,2.0,148.76,0,Retained,">12 Months (Low Risk)"
25,7,5,Fashion,5,Single,5,0,9.0,199.84,0,Retained,">12 Months (Low Risk)"
8,24,3,Fashion,1,Single,3,0,2.0,193.62,0,Retained,"4-12 Months (Medium Risk)"
4,13,3,"Laptop & Accessory",2,Married,5,0,7.0,175.47,0,Retained,"4-12 Months (Medium Risk)"
2,8,4,"Mobile Phone",1,Married,3,0,4.0,145.44,0,Retained,"0-3 Months (High Risk)"
24,6,3,Mobile,2,Divorced,2,0,0.0,127.22999999999999,0,Retained,">12 Months (Low Risk)"
8,31,4,"Mobile Phone",3,Married,5,1,1.0,156.61,1,Churned,"4-12 Months (Medium Risk)"
14,16,3,"Laptop & Accessory",2,Single,8,0,10.0,162.3,0,Retained,">12 Months (Low Risk)"
22,14,4,Grocery,4,Married,7,0,,231.2,0,Retained,">12 Months (Low Risk)"
12,9,4,Fashion,4,Single,9,0,1.0,198.51,0,Retained,"4-12 Months (Medium Risk)"
10,22,6,"Laptop & Accessory",1,Married,3,0,12.0,179.06,0,Retained,"4-12 Months (Medium Risk)"
4,14,3,Fashion,2,Married,2,0,9.0,207.93,0,Retained,"4-12 Months (Medium Risk)"
10,9,4,"Mobile Phone",3,Single,6,0,10.0,150.19,0,Retained,"4-12 Months (Medium Risk)"
0,16,3,"Laptop & Accessory",5,Single,2,0,8.0,142.13,1,Churned,"0-3 Months (High Risk)"
2,26,5,"Mobile Phone",5,Divorced,3,0,4.0,156.96,0,Retained,"0-3 Months (High Risk)"
11,15,3,"Mobile Phone",1,Married,3,0,3.0,147.71,0,Retained,"4-12 Months (Medium Risk)"
21,35,3,Fashion,3,Married,4,0,,225.04000000000002,0,Retained,">12 Months (Low Risk)"
3,31,3,"Laptop & Accessory",3,Divorced,8,1,2.0,147.36,0,Retained,"0-3 Months (High Risk)"
22,12,4,Grocery,3,Married,3,1,12.0,239.66000000000003,0,Retained,">12 Months (Low Risk)"
1,13,4,"Mobile Phone",5,Single,4,0,4.0,154.6,1,Churned,"0-3 Months (High Risk)"
11,12,4,"Laptop & Accessory",2,Married,9,0,5.0,188.47,0,Retained,"4-12 Months (Medium Risk)"
0,23,4,"Laptop & Accessory",3,Married,2,0,2.0,143.77,0,Retained,"0-3 Months (High Risk)"
8,9,3,Fashion,2,Married,7,0,8.0,178.23,0,Retained,"4-12 Months (Medium Risk)"
25,13,5,"Mobile Phone",3,Single,2,0,8.0,153.38,0,Retained,">12 Months (Low Risk)"
15,14,2,"Mobile Phone",3,Divorced,3,0,9.0,158.76,0,Retained,">12 Months (Low Risk)"
0,6,4,"Mobile Phone",3,Single,1,1,2.0,137.3,1,Churned,"0-3 Months (High Risk)"
18,15,4,"Laptop & Accessory",3,Married,2,0,12.0,155.93,0,Retained,">12 Months (Low Risk)"
13,26,4,"Laptop & Accessory",1,Married,10,0,3.0,164.02,0,Retained,">12 Months (Low Risk)"
24,36,5,Grocery,3,Married,2,0,8.0,295.46,0,Retained,">12 Months (Low Risk)"
9,8,3,"Laptop & Accessory",4,Married,5,1,0.0,169.62,0,Retained,"4-12 Months (Medium Risk)"
12,36,4,"Laptop & Accessory",2,Divorced,5,0,8.0,187.61,0,Retained,"4-12 Months (Medium Risk)"
0,26,3,"Laptop & Accessory",3,Single,2,0,7.0,199.81,0,Retained,"0-3 Months (High Risk)"
0,11,4,"Laptop & Accessory",3,Single,2,1,3.0,157.44,1,Churned,"0-3 Months (High Risk)"
12,7,4,"Mobile Phone",5,Single,5,0,1.0,151.19,0,Retained,"4-12 Months (Medium Risk)"
0,24,1,"Laptop & Accessory",3,Married,3,0,2.0,162.32,0,Retained,"0-3 Months (High Risk)"
9,25,2,"Laptop & Accessory",5,Married,3,0,11.0,177.08,0,Retained,"4-12 Months (Medium Risk)"
1,17,4,Fashion,3,Married,8,0,,225.48,1,Churned,"0-3 Months (High Risk)"
9,8,4,Fashion,3,Married,2,0,0.0,175.96,0,Retained,"4-12 Months (Medium Risk)"
17,30,5,"Mobile Phone",3,Single,3,0,4.0,137.08,0,Retained,">12 Months (Low Risk)"
2,8,3,Grocery,2,Married,8,0,,221.69,1,Churned,"0-3 Months (High Risk)"
5,6,3,"Laptop & Accessory",5,Married,5,0,2.0,140.87,0,Retained,"4-12 Months (Medium Risk)"
11,6,3,"Laptop & Accessory",1,Married,8,0,9.0,147.35,0,Retained,"4-12 Months (Medium Risk)"
5,16,3,Fashion,1,Single,3,0,,212.44,0,Retained,"4-12 Months (Medium Risk)"
19,9,5,"Laptop & Accessory",1,Married,3,0,10.0,182.7,0,Retained,">12 Months (Low Risk)"
0,13,3,Mobile,3,Married,4,1,7.0,133.39,1,Churned,"0-3 Months (High Risk)"
3,6,4,Fashion,3,Single,2,0,8.0,184.74,0,Retained,"0-3 Months (High Risk)"
7,23,4,"Laptop & Accessory",1,Married,3,1,3.0,178.68,0,Retained,"4-12 Months (Medium Risk)"
6,10,4,"Laptop & Accessory",5,Married,3,0,4.0,192.25,0,Retained,"4-12 Months (Medium Risk)"
15,34,4,"Laptop & Accessory",2,Divorced,1,0,4.0,145.23,0,Retained,">12 Months (Low Risk)"
11,7,5,"Mobile Phone",5,Married,4,0,3.0,164.2,0,Retained,"4-12 Months (Medium Risk)"
6,21,3,"Laptop & Accessory",1,Married,1,1,1.0,12,0,Retained,"4-12 Months (Medium Risk)"
0,30,4,Fashion,5,Single,2,0,9.0,187.22,1,Churned,"0-3 Months (High Risk)"
14,9,4,"Laptop & Accessory",4,Married,5,0,11.0,181.77,0,Retained,">12 Months (Low Risk)"
23,34,3,Grocery,5,Married,5,1,2.0,268.8,0,Retained,">12 Months (Low Risk)"
27,30,4,Grocery,1,Single,8,0,9.0,267.75,0,Retained,">12 Months (Low Risk)"
5,25,2,Mobile,3,Married,7,1,2.0,127.59,1,Churned,"4-12 Months (Medium Risk)"
13,7,3,Fashion,2,Married,2,0,,221.13,0,Retained,">12 Months (Low Risk)"
18,31,3,Others,4,Single,4,0,0.0,280.61,0,Retained,">12 Months (Low Risk)"
1,6,3,"Mobile Phone",5,Married,2,0,2.0,135.91,0,Retained,"0-3 Months (High Risk)"
8,16,3,"Laptop & Accessory",3,Single,4,1,4.0,161.42,0,Retained,"4-12 Months (Medium Risk)"
15,18,3,Mobile,4,Married,9,0,4.0,127.66,0,Retained,">12 Months (Low Risk)"
15,14,4,"Laptop & Accessory",3,Single,8,0,2.0,175.03,0,Retained,">12 Months (Low Risk)"
0,15,3,Mobile,5,Single,3,1,0.0,131.72,1,Churned,"0-3 Months (High Risk)"
11,17,4,"Mobile Phone",5,Married,2,1,4.0,152.82,0,Retained,"4-12 Months (Medium Risk)"
4,8,3,Mobile,3,Married,1,0,2.0,130.67,0,Retained,"4-12 Months (Medium Risk)"
3,16,5,"Mobile Phone",2,Single,2,0,3.0,164.83,0,Retained,"0-3 Months (High Risk)"
10,15,2,Fashion,5,Married,11,0,6.0,242.13,0,Retained,"4-12 Months (Medium Risk)"
1,14,4,"Mobile Phone",4,Single,3,0,1.0,151.79,1,Churned,"0-3 Months (High Risk)"
28,26,4,Fashion,4,Divorced,4,0,2.0,232.25,0,Retained,">12 Months (Low Risk)"
3,13,3,"Laptop & Accessory",3,Married,2,0,9.0,134.91,0,Retained,"0-3 Months (High Risk)"
2,16,4,"Laptop & Accessory",1,Single,3,0,8.0,177.53,0,Retained,"0-3 Months (High Risk)"
14,27,4,Fashion,2,Divorced,6,0,,228.22,0,Retained,">12 Months (Low Risk)"
8,34,1,"Laptop & Accessory",3,Married,2,0,8.0,134.07,0,Retained,"4-12 Months (Medium Risk)"
10,7,4,"Laptop & Accessory",1,Single,6,0,1.0,191.53,0,Retained,"4-12 Months (Medium Risk)"
31,14,2,"Laptop & Accessory",1,Married,2,1,10.0,177.2,0,Retained,">12 Months (Low Risk)"
1,15,3,"Laptop & Accessory",2,Single,2,0,7.0,152.53,0,Retained,"0-3 Months (High Risk)"
10,33,4,"Laptop & Accessory",3,Married,8,0,3.0,178.47,0,Retained,"4-12 Months (Medium Risk)"
8,28,5,"Mobile Phone",3,Single,1,0,3.0,142.3,0,Retained,"4-12 Months (Medium Risk)"
10,31,3,"Laptop & Accessory",3,Divorced,4,1,7.0,144.49,0,Retained,"4-12 Months (Medium Risk)"
14,7,5,Grocery,4,Married,3,0,12.0,260.03,0,Retained,">12 Months (Low Risk)"
4,22,5,Fashion,5,Married,4,0,8.0,196.4,0,Retained,"4-12 Months (Medium Risk)"
2,9,4,"Laptop & Accessory",4,Divorced,3,1,6.0,172.79,0,Retained,"0-3 Months (High Risk)"
4,24,4,Fashion,5,Divorced,3,1,9.0,244.16000000000003,0,Retained,"4-12 Months (Medium Risk)"
3,13,3,"Laptop & Accessory",5,Married,8,0,2.0,147.79,0,Retained,"0-3 Months (High Risk)"
9,9,4,Fashion,1,Married,5,0,12.0,196.99,0,Retained,"4-12 Months (Medium Risk)"
10,9,5,Fashion,3,Married,3,0,1.0,200.96,0,Retained,"4-12 Months (Medium Risk)"
24,15,3,Others,4,Married,5,1,10.0,298.47,0,Retained,">12 Months (Low Risk)"
8,28,1,Fashion,4,Married,8,0,,219.95999999999998,0,Retained,"4-12 Months (Medium Risk)"
1,20,4,"Laptop & Accessory",3,Single,5,1,,223.54,1,Churned,"0-3 Months (High Risk)"
0,8,3,"Mobile Phone",1,Single,2,1,3.0,137.6,0,Retained,"0-3 Months (High Risk)"
24,7,4,Others,2,Married,5,0,7.0,320.17,0,Retained,">12 Months (Low Risk)"
9,9,4,Fashion,2,Divorced,5,0,12.0,196.99,0,Retained,"4-12 Months (Medium Risk)"
8,7,4,"Laptop & Accessory",1,Married,1,0,0.0,153.63,0,Retained,"4-12 Months (Medium Risk)"
7,14,4,"Laptop & Accessory",3,Married,3,0,9.0,184.68,0,Retained,"4-12 Months (Medium Risk)"
8,10,4,"Mobile Phone",5,Divorced,6,0,3.0,148.62,1,Churned,"4-12 Months (Medium Risk)"
4,15,2,Fashion,5,Divorced,2,1,8.0,239.16000000000003,0,Retained,"4-12 Months (Medium Risk)"
10,11,1,Mobile,3,Single,1,0,3.0,135,0,Retained,"4-12 Months (Medium Risk)"
23,28,5,Grocery,1,Single,2,1,9.0,244.11,0,Retained,">12 Months (Low Risk)"
17,9,4,"Laptop & Accessory",1,Married,3,1,9.0,203.47,0,Retained,">12 Months (Low Risk)"
6,12,2,"Mobile Phone",4,Married,2,1,6.0,157.98,0,Retained,"4-12 Months (Medium Risk)"
5,11,4,"Laptop & Accessory",1,Single,9,0,0.0,196.79,0,Retained,"4-12 Months (Medium Risk)"
1,8,4,"Mobile Phone",1,Married,11,1,3.0,172.87,1,Churned,"0-3 Months (High Risk)"
19,27,4,"Laptop & Accessory",3,Single,10,0,2.0,173.5,0,Retained,">12 Months (Low Risk)"
9,6,4,Fashion,5,Married,3,0,,215.69,0,Retained,"4-12 Months (Medium Risk)"
12,9,4,"Mobile Phone",1,Single,7,1,3.0,164.44,0,Retained,"4-12 Months (Medium Risk)"
1,11,5,"Laptop & Accessory",2,Single,3,1,5.0,183.28,1,Churned,"0-3 Months (High Risk)"
10,11,1,Mobile,3,Single,1,0,3.0,135,0,Retained,"4-12 Months (Medium Risk)"
12,15,3,"Laptop & Accessory",5,Married,2,0,9.0,151.51,0,Retained,"4-12 Months (Medium Risk)"
24,10,4,Others,4,Married,3,0,8.0,307,0,Retained,">12 Months (Low Risk)"
1,17,5,Fashion,5,Married,11,0,,228.06,1,Churned,"0-3 Months (High Risk)"
8,7,5,"Mobile Phone",2,Divorced,3,1,4.0,161.22,0,Retained,"4-12 Months (Medium Risk)"
10,10,4,"Laptop & Accessory",4,Single,5,1,,217.78,0,Retained,"4-12 Months (Medium Risk)"
0,9,3,Mobile,5,Single,2,1,7.0,133.48,1,Churned,"0-3 Months (High Risk)"
16,36,4,"Laptop & Accessory",4,Married,3,0,9.0,169.34,0,Retained,">12 Months (Low Risk)"
4,8,4,"Mobile Phone",3,Married,2,0,4.0,145.64,0,Retained,"4-12 Months (Medium Risk)"
25,9,4,Grocery,5,Divorced,2,0,16.0,268.56,0,Retained,">12 Months (Low Risk)"
0,22,5,"Mobile Phone",5,Single,2,1,7.0,139.19,1,Churned,"0-3 Months (High Risk)"
12,25,6,"Laptop & Accessory",1,Married,5,1,1.0,183.11,0,Retained,"4-12 Months (Medium Risk)"
7,7,5,"Mobile Phone",5,Single,5,1,3.0,152.99,0,Retained,"4-12 Months (Medium Risk)"
2,8,5,"Laptop & Accessory",1,Married,3,1,8.0,193.34,0,Retained,"0-3 Months (High Risk)"
9,14,3,"Laptop & Accessory",2,Married,5,0,7.0,150.79,0,Retained,"4-12 Months (Medium Risk)"
23,18,4,"Laptop & Accessory",1,Single,5,0,5.0,170.07,0,Retained,">12 Months (Low Risk)"
1,9,5,"Mobile Phone",1,Single,3,0,1.0,136.02,1,Churned,"0-3 Months (High Risk)"
1,18,4,"Laptop & Accessory",5,Divorced,3,1,4.0,172.41,0,Retained,"0-3 Months (High Risk)"
1,9,3,Mobile,4,Married,2,0,0.0,128.56,0,Retained,"0-3 Months (High Risk)"
1,11,2,"Laptop & Accessory",4,Married,3,1,4.0,186.42,0,Retained,"0-3 Months (High Risk)"
8,9,5,"Laptop & Accessory",5,Married,8,0,10.0,184.57,0,Retained,"4-12 Months (Medium Risk)"
13,32,3,"Laptop & Accessory",5,Divorced,2,0,5.0,183.96,0,Retained,">12 Months (Low Risk)"
0,6,4,Fashion,3,Divorced,6,0,7.0,206.08999999999997,1,Churned,"0-3 Months (High Risk)"
22,6,3,Grocery,3,Single,5,0,0.0,253.79000000000002,0,Retained,">12 Months (Low Risk)"
17,14,4,Fashion,5,Married,10,0,,224.85,0,Retained,">12 Months (Low Risk)"
0,8,3,"Mobile Phone",3,Married,7,1,2.0,139.77,0,Retained,"0-3 Months (High Risk)"
0,15,4,"Laptop & Accessory",5,Single,8,0,3.0,134.07,1,Churned,"0-3 Months (High Risk)"
27,14,3,"Laptop & Accessory",3,Single,8,0,0.0,137.8,0,Retained,">12 Months (Low Risk)"
4,18,3,Others,3,Divorced,2,0,8.0,295.45,1,Churned,"4-12 Months (Medium Risk)"
0,22,3,Mobile,4,Married,10,0,2.0,128.11,0,Retained,"0-3 Months (High Risk)"
10,13,6,"Mobile Phone",3,Married,3,0,8.0,152.41,0,Retained,"4-12 Months (Medium Risk)"
10,21,4,"Laptop & Accessory",2,Divorced,2,1,12.0,190.86,0,Retained,"4-12 Months (Medium Risk)"
20,22,1,"Laptop & Accessory",3,Married,2,1,7.0,150.67,0,Retained,">12 Months (Low Risk)"
11,16,4,Fashion,3,Married,1,1,7.0,187.4,0,Retained,"4-12 Months (Medium Risk)"
0,8,1,"Laptop & Accessory",3,Married,2,0,7.0,152.06,0,Retained,"0-3 Months (High Risk)"
1,15,4,"Laptop & Accessory",4,Married,3,0,8.0,187.14,0,Retained,"0-3 Months (High Risk)"
19,9,5,"Laptop & Accessory",1,Married,3,0,10.0,182.7,0,Retained,">12 Months (Low Risk)"
1,26,4,"Mobile Phone",1,Married,3,0,3.0,148.23,0,Retained,"0-3 Months (High Risk)"
9,17,4,"Laptop & Accessory",3,Single,5,1,5.0,186.42,0,Retained,"4-12 Months (Medium Risk)"
0,8,3,"Mobile Phone",3,Single,7,0,1.0,143.82,1,Churned,"0-3 Months (High Risk)"
7,14,3,"Laptop & Accessory",3,Single,4,0,3.0,161.42,0,Retained,"4-12 Months (Medium Risk)"
10,14,4,"Mobile Phone",4,Single,4,0,4.0,145.13,0,Retained,"4-12 Months (Medium Risk)"
24,9,4,Others,3,Divorced,4,1,8.0,317.37,0,Retained,">12 Months (Low Risk)"
1,31,5,"Mobile Phone",3,Single,7,1,4.0,145.28,1,Churned,"0-3 Months (High Risk)"
1,12,2,"Mobile Phone",4,Married,3,1,3.0,148.28,0,Retained,"0-3 Months (High Risk)"
5,8,6,"Laptop & Accessory",5,Married,3,0,8.0,175.03,0,Retained,"4-12 Months (Medium Risk)"
9,16,3,Fashion,3,Married,4,0,7.0,170.94,0,Retained,"4-12 Months (Medium Risk)"
1,24,4,"Mobile Phone",3,Single,3,1,8.0,148.94,1,Churned,"0-3 Months (High Risk)"
21,28,3,Grocery,1,Married,4,0,7.0,271.74,0,Retained,">12 Months (Low Risk)"
21,11,5,Fashion,4,Married,10,1,,228.33,0,Retained,">12 Months (Low Risk)"
21,32,4,Fashion,3,Single,4,0,,211.33,0,Retained,">12 Months (Low Risk)"
9,12,1,"Laptop & Accessory",5,Married,4,1,2.0,155.62,0,Retained,"4-12 Months (Medium Risk)"
1,36,4,"Mobile Phone",5,Married,3,0,3.0,164.07,0,Retained,"0-3 Months (High Risk)"
10,27,3,Mobile,1,Married,6,0,0.0,129.73,0,Retained,"4-12 Months (Medium Risk)"
0,10,3,Mobile,5,Single,2,0,0.0,129.73,1,Churned,"0-3 Months (High Risk)"
11,7,4,"Mobile Phone",2,Single,3,0,8.0,146.15,0,Retained,"4-12 Months (Medium Risk)"
8,12,5,Fashion,5,Single,4,0,9.0,241.31,0,Retained,"4-12 Months (Medium Risk)"
27,8,5,Grocery,3,Married,6,1,3.0,254.64999999999998,0,Retained,">12 Months (Low Risk)"
16,11,4,"Laptop & Accessory",5,Single,9,0,6.0,176.55,0,Retained,">12 Months (Low Risk)"
6,8,3,"Laptop & Accessory",1,Married,2,0,4.0,155.05,0,Retained,"4-12 Months (Medium Risk)"
11,18,4,"Mobile Phone",3,Single,6,0,3.0,161.29,0,Retained,"4-12 Months (Medium Risk)"
3,13,3,"Laptop & Accessory",3,Married,2,0,9.0,134.91,0,Retained,"0-3 Months (High Risk)"
15,13,4,"Mobile Phone",5,Single,4,1,18.0,172.21,0,Retained,">12 Months (Low Risk)"
12,14,3,"Mobile Phone",3,Married,2,0,7.0,137.55,0,Retained,"4-12 Months (Medium Risk)"
8,11,3,Fashion,4,Single,1,0,13.0,180.95,0,Retained,"4-12 Months (Medium Risk)"
16,15,3,"Laptop & Accessory",3,Married,4,1,7.0,156.79,0,Retained,">12 Months (Low Risk)"
25,14,5,"Laptop & Accessory",3,Married,4,0,1.0,186.32,0,Retained,">12 Months (Low Risk)"
14,6,3,"Laptop & Accessory",5,Married,1,0,7.0,141.03,0,Retained,">12 Months (Low Risk)"
3,27,4,"Laptop & Accessory",2,Married,4,0,3.0,194.31,0,Retained,"0-3 Months (High Risk)"
14,17,2,"Mobile Phone",3,Married,5,1,8.0,147.13,0,Retained,">12 Months (Low Risk)"
22,17,3,"Laptop & Accessory",1,Single,4,0,4.0,145.07,0,Retained,">12 Months (Low Risk)"
23,30,3,Grocery,3,Divorced,4,1,5.0,239.73000000000002,0,Retained,">12 Months (Low Risk)"
6,15,3,Mobile,2,Divorced,1,0,10.0,127.81,0,Retained,"4-12 Months (Medium Risk)"
24,27,4,Grocery,3,Married,4,1,14.0,237.45,0,Retained,">12 Months (Low Risk)"
18,29,3,"Laptop & Accessory",5,Married,2,1,8.0,136.33,0,Retained,">12 Months (Low Risk)"
1,25,4,Mobile,5,Divorced,2,0,3.0,131.96,0,Retained,"0-3 Months (High Risk)"
10,16,2,"Mobile Phone",4,Married,3,0,3.0,153.1,0,Retained,"4-12 Months (Medium Risk)"
9,11,3,Fashion,5,Married,5,0,2.0,180.08,0,Retained,"4-12 Months (Medium Risk)"
0,13,1,"Mobile Phone",5,Single,1,0,7.0,135.78,0,Retained,"0-3 Months (High Risk)"
31,14,4,Others,5,Married,7,0,11.0,320.66,0,Retained,">12 Months (Low Risk)"
19,9,5,Grocery,2,Divorced,11,0,9.0,292.92,0,Retained,">12 Months (Low Risk)"
4,9,5,"Laptop & Accessory",1,Single,7,1,1.0,193.77,0,Retained,"4-12 Months (Medium Risk)"
6,31,4,"Laptop & Accessory",4,Single,2,0,2.0,143.2,0,Retained,"4-12 Months (Medium Risk)"
27,13,4,"Laptop & Accessory",3,Married,4,1,6.0,148.06,0,Retained,">12 Months (Low Risk)"
4,13,5,"Laptop & Accessory",2,Divorced,2,0,8.0,171.27,0,Retained,"4-12 Months (Medium Risk)"
12,19,5,"Laptop & Accessory",5,Married,4,0,3.0,187.88,0,Retained,"4-12 Months (Medium Risk)"
20,20,3,"Laptop & Accessory",5,Single,3,0,7.0,149.6,0,Retained,">12 Months (Low Risk)"
13,10,4,Fashion,1,Married,8,0,11.0,208.55,0,Retained,">12 Months (Low Risk)"
3,9,5,"Laptop & Accessory",4,Married,4,0,1.0,191.44,0,Retained,"0-3 Months (High Risk)"
17,11,3,Others,4,Divorced,8,0,10.0,282.13,0,Retained,">12 Months (Low Risk)"
13,6,3,"Laptop & Accessory",1,Married,5,0,3.0,165.13,0,Retained,">12 Months (Low Risk)"
1,9,4,"Mobile Phone",5,Divorced,8,1,3.0,145.42,1,Churned,"0-3 Months (High Risk)"
20,7,3,Mobile,1,Married,8,0,2.0,134.2,0,Retained,">12 Months (Low Risk)"
4,26,3,"Laptop & Accessory",3,Married,2,0,0.0,169.32,0,Retained,"4-12 Months (Medium Risk)"
13,15,3,"Laptop & Accessory",5,Married,1,0,1.0,154.73,0,Retained,">12 Months (Low Risk)"
14,8,4,"Laptop & Accessory",1,Married,6,0,4.0,190.13,0,Retained,">12 Months (Low Risk)"
11,10,4,Fashion,3,Divorced,3,0,,219.34,0,Retained,"4-12 Months (Medium Risk)"
18,32,4,"Laptop & Accessory",5,Married,2,0,5.0,143.85,0,Retained,">12 Months (Low Risk)"
24,27,3,"Laptop & Accessory",1,Single,1,1,0.0,154.41,0,Retained,">12 Months (Low Risk)"
1,22,2,"Laptop & Accessory",5,Single,1,0,7.0,156.61,0,Retained,"0-3 Months (High Risk)"
29,14,3,"Mobile Phone",5,Married,5,1,2.0,142.57,0,Retained,">12 Months (Low Risk)"
10,9,3,"Laptop & Accessory",4,Single,4,0,1.0,141.07,0,Retained,"4-12 Months (Medium Risk)"
28,10,4,"Laptop & Accessory",5,Divorced,4,0,6.0,184.4,0,Retained,">12 Months (Low Risk)"
12,13,5,"Laptop & Accessory",3,Married,4,0,8.0,178.21,0,Retained,"4-12 Months (Medium Risk)"
1,28,5,"Mobile Phone",4,Single,3,1,1.0,146.21,1,Churned,"0-3 Months (High Risk)"
10,14,2,"Laptop & Accessory",5,Married,4,0,14.0,171.39,0,Retained,"4-12 Months (Medium Risk)"
1,20,4,"Laptop & Accessory",5,Married,4,0,3.0,167.33,1,Churned,"0-3 Months (High Risk)"
19,14,4,Fashion,5,Married,4,0,,222.24,0,Retained,">12 Months (Low Risk)"
7,15,4,Fashion,4,Single,2,0,7.0,186.21,0,Retained,"4-12 Months (Medium Risk)"
4,26,3,"Laptop & Accessory",3,Divorced,2,0,0.0,169.32,0,Retained,"4-12 Months (Medium Risk)"
1,27,4,"Laptop & Accessory",3,Single,3,0,,224.81,0,Retained,"0-3 Months (High Risk)"
8,7,5,"Laptop & Accessory",5,Single,2,0,10.0,178.43,0,Retained,"4-12 Months (Medium Risk)"
3,30,2,"Mobile Phone",3,Divorced,3,0,8.0,152,0,Retained,"0-3 Months (High Risk)"
11,23,5,"Laptop & Accessory",3,Married,6,0,1.0,188.34,0,Retained,"4-12 Months (Medium Risk)"
13,22,3,Fashion,1,Single,7,1,3.0,179.45,0,Retained,">12 Months (Low Risk)"
3,17,4,"Mobile Phone",3,Single,3,0,1.0,151.42,0,Retained,"0-3 Months (High Risk)"
31,16,5,"Mobile Phone",4,Divorced,6,1,1.0,158.46,0,Retained,">12 Months (Low Risk)"
10,15,3,Fashion,4,Married,2,0,7.0,188.34,0,Retained,"4-12 Months (Medium Risk)"
1,30,4,Fashion,5,Married,11,1,,224.5,1,Churned,"0-3 Months (High Risk)"
1,16,4,"Mobile Phone",5,Single,4,1,1.0,156.72,1,Churned,"0-3 Months (High Risk)"
9,15,4,"Laptop & Accessory",4,Married,3,1,2.0,188.47,0,Retained,"4-12 Months (Medium Risk)"
11,11,4,"Mobile Phone",2,Married,6,0,9.0,25,0,Retained,"4-12 Months (Medium Risk)"
28,10,4,Grocery,1,Married,5,0,10.0,302.79,0,Retained,">12 Months (Low Risk)"
11,6,1,Mobile,3,Married,2,0,0.0,128.44,0,Retained,"4-12 Months (Medium Risk)"
10,10,2,"Laptop & Accessory",5,Married,8,0,5.0,193.42,0,Retained,"4-12 Months (Medium Risk)"
26,13,2,Grocery,3,Divorced,4,0,3.0,248.14,0,Retained,">12 Months (Low Risk)"
23,6,3,Others,4,Married,4,1,7.0,281.72,0,Retained,">12 Months (Low Risk)"
22,6,4,Grocery,3,Single,8,1,7.0,239.64,0,Retained,">12 Months (Low Risk)"
10,11,4,"Laptop & Accessory",4,Married,9,0,3.0,176.31,0,Retained,"4-12 Months (Medium Risk)"
1,21,5,"Mobile Phone",4,Married,3,1,3.0,162.43,1,Churned,"0-3 Months (High Risk)"
10,8,3,"Laptop & Accessory",3,Divorced,5,1,0.0,196.02,0,Retained,"4-12 Months (Medium Risk)"
4,13,4,Fashion,3,Divorced,2,0,9.0,189.43,0,Retained,"4-12 Months (Medium Risk)"
8,6,3,"Laptop & Accessory",3,Single,2,0,3.0,148.59,0,Retained,"4-12 Months (Medium Risk)"
12,8,5,"Mobile Phone",5,Single,6,0,1.0,153.58,0,Retained,"4-12 Months (Medium Risk)"
1,9,4,"Mobile Phone",5,Married,9,0,8.0,152.07,1,Churned,"0-3 Months (High Risk)"
7,21,4,"Mobile Phone",4,Married,3,0,7.0,152.56,0,Retained,"4-12 Months (Medium Risk)"
19,36,4,Fashion,1,Married,6,1,,218.8,0,Retained,">12 Months (Low Risk)"
1,9,4,"Mobile Phone",1,Married,2,0,2.0,150.23,0,Retained,"0-3 Months (High Risk)"
10,25,4,"Laptop & Accessory",2,Single,4,0,10.0,202.79,0,Retained,"4-12 Months (Medium Risk)"
12,9,2,"Laptop & Accessory",4,Divorced,10,0,6.0,163.89,0,Retained,"4-12 Months (Medium Risk)"
9,7,4,"Laptop & Accessory",3,Single,3,0,4.0,173.59,0,Retained,"4-12 Months (Medium Risk)"
8,15,2,"Laptop & Accessory",3,Married,3,0,9.0,192.99,0,Retained,"4-12 Months (Medium Risk)"
12,8,4,"Laptop & Accessory",1,Married,9,0,10.0,172.35,0,Retained,"4-12 Months (Medium Risk)"
1,15,6,"Mobile Phone",3,Divorced,3,0,3.0,171.21,0,Retained,"0-3 Months (High Risk)"
28,12,4,Others,5,Married,6,0,3.0,319.06,0,Retained,">12 Months (Low Risk)"
2,7,6,"Laptop & Accessory",2,Divorced,2,0,6.0,191.74,0,Retained,"0-3 Months (High Risk)"
3,6,3,"Mobile Phone",4,Married,2,0,7.0,137.48,0,Retained,"0-3 Months (High Risk)"
4,17,5,"Laptop & Accessory",3,Divorced,3,0,5.0,190.78,0,Retained,"4-12 Months (Medium Risk)"
14,17,5,Fashion,4,Married,4,0,,222.05,0,Retained,">12 Months (Low Risk)"
17,13,4,Fashion,1,Married,4,0,17.0,202.48,0,Retained,">12 Months (Low Risk)"
7,6,4,Fashion,3,Divorced,2,1,6.0,170.83,0,Retained,"4-12 Months (Medium Risk)"
8,8,3,"Laptop & Accessory",4,Single,6,0,2.0,144.25,0,Retained,"4-12 Months (Medium Risk)"
16,9,4,Grocery,5,Divorced,2,0,8.0,301.65,0,Retained,">12 Months (Low Risk)"
20,8,2,Grocery,5,Single,3,0,13.0,300.67,0,Retained,">12 Months (Low Risk)"
2,19,4,"Laptop & Accessory",4,Married,5,1,3.0,140.25,0,Retained,"0-3 Months (High Risk)"
29,33,2,Others,4,Married,6,1,5.0,321.36,0,Retained,">12 Months (Low Risk)"
1,7,5,"Mobile Phone",4,Single,3,0,1.0,153.36,0,Retained,"0-3 Months (High Risk)"
27,17,3,Grocery,1,Married,4,0,12.0,260.32,0,Retained,">12 Months (Low Risk)"
3,9,5,"Mobile Phone",5,Single,4,1,1.0,161.46,1,Churned,"0-3 Months (High Risk)"
0,10,1,"Laptop & Accessory",4,Married,2,1,3.0,161.42,0,Retained,"0-3 Months (High Risk)"
10,17,3,Fashion,2,Married,2,1,,221.85000000000002,0,Retained,"4-12 Months (Medium Risk)"
3,14,3,Fashion,3,Married,6,0,7.0,172.64,0,Retained,"0-3 Months (High Risk)"
4,29,5,"Laptop & Accessory",3,Divorced,4,1,1.0,188.8,1,Churned,"4-12 Months (Medium Risk)"
11,8,5,"Laptop & Accessory",1,Married,3,1,3.0,154.05,0,Retained,"4-12 Months (Medium Risk)"
5,33,4,"Mobile Phone",3,Married,3,0,4.0,154.11,0,Retained,"4-12 Months (Medium Risk)"
14,9,5,"Laptop & Accessory",3,Married,8,0,1.0,159.48,0,Retained,">12 Months (Low Risk)"
3,17,4,"Mobile Phone",4,Married,2,0,2.0,157.91,0,Retained,"0-3 Months (High Risk)"
1,9,6,"Mobile Phone",1,Married,7,1,3.0,159.64,1,Churned,"0-3 Months (High Risk)"
31,10,5,"Laptop & Accessory",2,Single,7,0,6.0,176.71,0,Retained,">12 Months (Low Risk)"
15,11,4,"Mobile Phone",3,Divorced,11,1,8.0,149.61,1,Churned,">12 Months (Low Risk)"
1,16,5,"Laptop & Accessory",5,Single,9,0,4.0,159.07,1,Churned,"0-3 Months (High Risk)"
14,12,3,Fashion,3,Single,2,0,7.0,192.41,0,Retained,">12 Months (Low Risk)"
10,17,4,Fashion,5,Married,9,1,8.0,208.21,0,Retained,"4-12 Months (Medium Risk)"
1,22,4,"Mobile Phone",3,Divorced,3,0,3.0,151.1,1,Churned,"0-3 Months (High Risk)"
13,7,4,Others,3,Married,3,1,7.0,316.97,0,Retained,">12 Months (Low Risk)"
13,8,3,Others,3,Married,1,0,9.0,294.36,0,Retained,">12 Months (Low Risk)"
23,35,4,Grocery,3,Married,1,0,7.0,270.46,0,Retained,">12 Months (Low Risk)"
21,9,4,"Mobile Phone",3,Single,6,0,1.0,149.79,1,Churned,">12 Months (Low Risk)"
5,8,1,"Laptop & Accessory",1,Single,8,0,7.0,150.55,0,Retained,"4-12 Months (Medium Risk)"
30,35,4,Grocery,2,Married,4,0,0.0,241.18,0,Retained,">12 Months (Low Risk)"
1,10,4,"Mobile Phone",3,Single,3,0,1.0,139.2,1,Churned,"0-3 Months (High Risk)"
15,11,3,Others,3,Divorced,7,0,0.0,283.03,0,Retained,">12 Months (Low Risk)"
20,7,4,Fashion,5,Married,9,0,,218.96,0,Retained,">12 Months (Low Risk)"
13,9,4,Fashion,3,Single,2,0,9.0,234.38,0,Retained,">12 Months (Low Risk)"
27,28,3,Grocery,3,Married,4,0,7.0,274.26,0,Retained,">12 Months (Low Risk)"
9,14,3,"Laptop & Accessory",1,Married,5,0,7.0,150.79,0,Retained,"4-12 Months (Medium Risk)"
11,7,4,"Laptop & Accessory",4,Divorced,8,0,4.0,189.47,0,Retained,"4-12 Months (Medium Risk)"
1,14,4,"Laptop & Accessory",3,Married,3,0,2.0,173.83,1,Churned,"0-3 Months (High Risk)"
1,32,6,"Mobile Phone",3,Single,3,0,2.0,147.93,1,Churned,"0-3 Months (High Risk)"
3,7,3,"Mobile Phone",4,Married,1,1,7.0,135.79,0,Retained,"0-3 Months (High Risk)"
26,6,4,Grocery,3,Married,5,1,,229.64999999999998,0,Retained,">12 Months (Low Risk)"
2,8,3,Mobile,4,Married,1,0,2.0,131.8,0,Retained,"0-3 Months (High Risk)"
6,8,3,"Laptop & Accessory",4,Single,9,0,7.0,151.47,0,Retained,"4-12 Months (Medium Risk)"
22,36,4,Fashion,3,Married,5,0,1.0,250.04000000000002,0,Retained,">12 Months (Low Risk)"
27,7,4,"Laptop & Accessory",5,Single,9,0,11.0,208.81,0,Retained,">12 Months (Low Risk)"
23,7,5,Grocery,3,Single,9,1,8.0,264.64,0,Retained,">12 Months (Low Risk)"
23,14,3,"Mobile Phone",4,Divorced,8,0,2.0,138.75,0,Retained,">12 Months (Low Risk)"
4,11,5,"Laptop & Accessory",4,Married,3,1,8.0,177.09,0,Retained,"4-12 Months (Medium Risk)"
1,8,4,"Mobile Phone",3,Single,2,0,3.0,158.75,0,Retained,"0-3 Months (High Risk)"
1,12,5,Fashion,1,Married,3,1,9.0,253.07999999999998,0,Retained,"0-3 Months (High Risk)"
19,9,6,"Laptop & Accessory",3,Single,2,0,2.0,191.32,0,Retained,">12 Months (Low Risk)"
14,16,4,"Laptop & Accessory",3,Married,5,0,8.0,164.75,0,Retained,">12 Months (Low Risk)"
3,8,4,"Mobile Phone",1,Married,3,0,3.0,162.6,0,Retained,"0-3 Months (High Risk)"
28,10,3,"Laptop & Accessory",3,Divorced,1,1,2.0,140.35,0,Retained,">12 Months (Low Risk)"
6,9,4,"Mobile Phone",5,Single,3,0,3.0,149.39,0,Retained,"4-12 Months (Medium Risk)"
16,19,4,"Laptop & Accessory",1,Married,5,1,1.0,175.87,0,Retained,">12 Months (Low Risk)"
0,7,4,"Laptop & Accessory",5,Married,2,0,7.0,197.14,1,Churned,"0-3 Months (High Risk)"
5,18,3,Grocery,5,Single,1,1,14.0,237.57999999999998,1,Churned,"4-12 Months (Medium Risk)"
26,30,1,Fashion,1,Married,4,0,2.0,170.05,0,Retained,">12 Months (Low Risk)"
26,13,3,Others,3,Married,4,0,7.0,286.06,0,Retained,">12 Months (Low Risk)"
5,11,3,Mobile,4,Single,3,0,7.0,127.18,0,Retained,"4-12 Months (Medium Risk)"
0,11,4,Fashion,1,Married,2,1,,228.07999999999998,0,Retained,"0-3 Months (High Risk)"
13,29,4,Fashion,5,Single,3,1,9.0,233.8,0,Retained,">12 Months (Low Risk)"
1,12,4,"Mobile Phone",5,Single,3,1,3.0,148.8,0,Retained,"0-3 Months (High Risk)"
21,6,4,Others,2,Single,7,0,0.0,282.65,0,Retained,">12 Months (Low Risk)"
1,18,4,"Mobile Phone",4,Divorced,3,0,3.0,147.44,0,Retained,"0-3 Months (High Risk)"
22,8,5,Others,1,Single,8,0,1.0,307.65,0,Retained,">12 Months (Low Risk)"
2,16,4,"Mobile Phone",2,Divorced,3,0,5.0,145.7,0,Retained,"0-3 Months (High Risk)"
12,25,6,"Laptop & Accessory",1,Married,5,1,1.0,183.11,0,Retained,"4-12 Months (Medium Risk)"
1,7,4,"Laptop & Accessory",3,Divorced,3,0,8.0,177.96,0,Retained,"0-3 Months (High Risk)"
12,7,5,Fashion,3,Single,11,1,1.0,178.81,1,Churned,"4-12 Months (Medium Risk)"
21,11,4,"Laptop & Accessory",3,Single,5,0,1.0,154.76,0,Retained,">12 Months (Low Risk)"
3,35,5,"Mobile Phone",5,Single,3,0,5.0,162.85,0,Retained,"0-3 Months (High Risk)"
3,20,5,"Laptop & Accessory",4,Married,6,1,4.0,165.25,0,Retained,"0-3 Months (High Risk)"
17,13,3,Others,1,Married,1,1,10.0,290.49,0,Retained,">12 Months (Low Risk)"
24,11,4,Others,4,Married,5,0,7.0,316.44,0,Retained,">12 Months (Low Risk)"
16,12,4,"Mobile Phone",3,Divorced,6,0,1.0,145.93,0,Retained,">12 Months (Low Risk)"
19,21,3,Others,4,Divorced,6,0,3.0,290.81,0,Retained,">12 Months (Low Risk)"
11,8,3,Fashion,4,Single,8,0,0.0,173.51,0,Retained,"4-12 Months (Medium Risk)"
15,8,4,"Mobile Phone",4,Married,5,0,0.0,148.41,0,Retained,">12 Months (Low Risk)"
6,13,3,"Laptop & Accessory",4,Divorced,1,0,2.0,143.02,0,Retained,"4-12 Months (Medium Risk)"
5,14,4,Fashion,1,Single,3,1,11.0,196.43,0,Retained,"4-12 Months (Medium Risk)"
15,12,2,"Laptop & Accessory",4,Single,5,0,3.0,193.7,0,Retained,">12 Months (Low Risk)"
1,15,3,"Laptop & Accessory",1,Single,2,0,7.0,152.53,0,Retained,"0-3 Months (High Risk)"
1,18,5,"Mobile Phone",5,Single,3,1,1.0,151,1,Churned,"0-3 Months (High Risk)"
4,10,1,"Mobile Phone",3,Married,9,0,2.0,139.78,0,Retained,"4-12 Months (Medium Risk)"
28,14,4,"Laptop & Accessory",1,Married,6,0,8.0,193.54,0,Retained,">12 Months (Low Risk)"
1,15,4,Fashion,3,Single,3,0,,212.26,0,Retained,"0-3 Months (High Risk)"
13,31,5,Grocery,1,Married,2,0,7.0,245.31,0,Retained,">12 Months (Low Risk)"
9,15,2,"Mobile Phone",1,Married,3,0,2.0,147.69,0,Retained,"4-12 Months (Medium Risk)"
14,9,4,"Mobile Phone",3,Married,4,0,3.0,148.45,0,Retained,">12 Months (Low Risk)"
1,5,5,"Mobile Phone",4,Married,3,0,1.0,150.96,1,Churned,"0-3 Months (High Risk)"
0,16,4,Fashion,5,Married,10,0,0.0,203.06,1,Churned,"0-3 Months (High Risk)"
3,30,4,"Mobile Phone",2,Single,11,0,3.0,147.01,0,Retained,"0-3 Months (High Risk)"
8,17,4,"Mobile Phone",3,Married,3,1,1.0,163.15,0,Retained,"4-12 Months (Medium Risk)"
11,14,4,"Laptop & Accessory",5,Married,7,1,5.0,167.84,0,Retained,"4-12 Months (Medium Risk)"
17,14,1,Mobile,2,Divorced,3,1,2.0,128.18,0,Retained,">12 Months (Low Risk)"
17,33,4,Grocery,1,Married,3,1,13.0,294.59,0,Retained,">12 Months (Low Risk)"
7,14,3,"Laptop & Accessory",5,Divorced,6,0,2.0,165,0,Retained,"4-12 Months (Medium Risk)"
0,10,3,Mobile,4,Single,2,0,2.0,132.95,0,Retained,"0-3 Months (High Risk)"
1,16,4,"Mobile Phone",5,Single,9,0,5.0,167,1,Churned,"0-3 Months (High Risk)"
19,9,3,Grocery,4,Divorced,9,0,1.0,266.06,0,Retained,">12 Months (Low Risk)"
3,22,3,"Laptop & Accessory",3,Divorced,9,0,2.0,153.01,0,Retained,"0-3 Months (High Risk)"
14,8,3,Grocery,5,Divorced,8,0,8.0,265.95,0,Retained,">12 Months (Low Risk)"
28,8,4,Grocery,1,Single,8,0,8.0,298.28,0,Retained,">12 Months (Low Risk)"
28,12,4,Others,5,Divorced,6,0,3.0,319.06,0,Retained,">12 Months (Low Risk)"
1,15,2,"Laptop & Accessory",4,Married,2,0,3.0,173.51,0,Retained,"0-3 Months (High Risk)"
25,6,3,Grocery,2,Divorced,3,0,8.0,270.99,0,Retained,">12 Months (Low Risk)"
1,8,3,"Laptop & Accessory",4,Married,5,0,4.0,148.55,1,Churned,"0-3 Months (High Risk)"
3,16,4,"Laptop & Accessory",3,Divorced,2,0,4.0,165.78,0,Retained,"0-3 Months (High Risk)"
15,16,3,Mobile,3,Married,4,0,3.0,129.36,0,Retained,">12 Months (Low Risk)"
9,32,3,"Laptop & Accessory",3,Married,7,0,2.0,153.47,0,Retained,"4-12 Months (Medium Risk)"
12,17,4,"Laptop & Accessory",3,Married,5,0,3.0,185.77,0,Retained,"4-12 Months (Medium Risk)"
1,10,4,"Laptop & Accessory",5,Divorced,3,1,4.0,166.94,0,Retained,"0-3 Months (High Risk)"
5,9,4,"Mobile Phone",2,Married,2,1,3.0,151.95,0,Retained,"4-12 Months (Medium Risk)"
5,35,4,Mobile,4,Single,2,0,1.0,128.37,0,Retained,"4-12 Months (Medium Risk)"
6,33,4,"Laptop & Accessory",1,Married,2,0,3.0,169.65,0,Retained,"4-12 Months (Medium Risk)"
18,14,4,Others,1,Married,2,1,11.0,315.49,0,Retained,">12 Months (Low Risk)"
13,15,4,"Laptop & Accessory",1,Married,10,0,2.0,148.76,0,Retained,">12 Months (Low Risk)"
9,7,5,"Mobile Phone",3,Married,8,0,8.0,147.58,0,Retained,"4-12 Months (Medium Risk)"
9,32,5,"Laptop & Accessory",2,Single,6,0,3.0,161.81,0,Retained,"4-12 Months (Medium Risk)"
4,14,5,"Mobile Phone",4,Married,3,0,2.0,146.41,0,Retained,"4-12 Months (Medium Risk)"
8,14,3,"Laptop & Accessory",3,Married,2,0,9.0,141.48,0,Retained,"4-12 Months (Medium Risk)"
9,15,4,"Laptop & Accessory",4,Married,3,1,2.0,188.47,0,Retained,"4-12 Months (Medium Risk)"
1,7,4,"Mobile Phone",1,Single,3,1,9.0,151.86,1,Churned,"0-3 Months (High Risk)"
15,20,4,"Laptop & Accessory",3,Single,8,0,3.0,162.44,0,Retained,">12 Months (Low Risk)"
24,15,3,Others,4,Married,5,1,10.0,298.47,0,Retained,">12 Months (Low Risk)"
24,13,4,"Laptop & Accessory",3,Married,3,0,0.0,161.32,0,Retained,">12 Months (Low Risk)"
2,6,3,Fashion,1,Married,2,0,1.0,179.18,0,Retained,"0-3 Months (High Risk)"
19,7,1,Grocery,5,Single,2,0,12.0,275.67,0,Retained,">12 Months (Low Risk)"
16,12,4,"Laptop & Accessory",3,Single,2,1,8.0,140.81,0,Retained,">12 Months (Low Risk)"
21,16,4,Others,4,Married,5,0,9.0,296.65,0,Retained,">12 Months (Low Risk)"
2,8,3,"Laptop & Accessory",1,Married,2,0,3.0,188.53,0,Retained,"0-3 Months (High Risk)"
6,6,2,Grocery,3,Married,5,0,5.0,261.84,0,Retained,"4-12 Months (Medium Risk)"
12,34,4,"Laptop & Accessory",5,Single,4,0,3.0,142.84,1,Churned,"4-12 Months (Medium Risk)"
30,18,5,"Laptop & Accessory",5,Married,6,0,1.0,178.8,0,Retained,">12 Months (Low Risk)"
12,11,4,"Mobile Phone",3,Married,9,0,1.0,158.06,0,Retained,"4-12 Months (Medium Risk)"
3,28,4,"Laptop & Accessory",3,Married,3,1,0.0,163.8,1,Churned,"0-3 Months (High Risk)"
11,32,5,"Laptop & Accessory",1,Married,9,0,4.0,182.31,0,Retained,"4-12 Months (Medium Risk)"
0,7,3,Mobile,3,Single,1,0,2.0,133.75,0,Retained,"0-3 Months (High Risk)"
3,22,6,"Mobile Phone",1,Married,2,1,4.0,146.68,0,Retained,"0-3 Months (High Risk)"
1,16,4,"Mobile Phone",5,Single,3,0,1.0,150.52,0,Retained,"0-3 Months (High Risk)"
8,14,3,"Mobile Phone",3,Single,2,0,4.0,143.23,0,Retained,"4-12 Months (Medium Risk)"
4,7,5,Fashion,3,Single,3,0,,209.74,0,Retained,"4-12 Months (Medium Risk)"
5,16,3,Mobile,3,Married,7,0,3.0,134.33,0,Retained,"4-12 Months (Medium Risk)"
31,22,4,Grocery,3,Married,4,1,3.0,282.87,0,Retained,">12 Months (Low Risk)"
4,14,3,Grocery,4,Single,4,0,0.0,264.22,0,Retained,"4-12 Months (Medium Risk)"
12,21,3,Grocery,5,Single,1,0,10.0,233.41000000000003,0,Retained,"4-12 Months (Medium Risk)"
7,6,4,"Mobile Phone",2,Divorced,2,1,3.0,136.22,0,Retained,"4-12 Months (Medium Risk)"
12,30,3,"Laptop & Accessory",1,Single,8,0,7.0,141.08,0,Retained,"4-12 Months (Medium Risk)"
0,8,1,Mobile,5,Single,8,0,1.0,134.24,0,Retained,"0-3 Months (High Risk)"
14,16,4,"Laptop & Accessory",5,Married,2,0,2.0,179.73,0,Retained,">12 Months (Low Risk)"
18,8,4,Grocery,2,Divorced,10,0,8.0,267.92,0,Retained,">12 Months (Low Risk)"
11,26,4,"Laptop & Accessory",3,Married,5,0,3.0,182.68,0,Retained,"4-12 Months (Medium Risk)"
21,14,5,Fashion,5,Married,9,1,,225.08,1,Churned,">12 Months (Low Risk)"
9,9,4,"Laptop & Accessory",4,Single,7,0,3.0,169.25,0,Retained,"4-12 Months (Medium Risk)"
10,12,3,"Laptop & Accessory",1,Married,5,0,1.0,165.02,0,Retained,"4-12 Months (Medium Risk)"
8,17,4,"Mobile Phone",4,Married,3,0,1.0,145.08,0,Retained,"4-12 Months (Medium Risk)"
25,6,4,Others,3,Married,1,0,9.0,299.99,0,Retained,">12 Months (Low Risk)"
14,8,3,Grocery,4,Single,2,0,4.0,260.15,0,Retained,">12 Months (Low Risk)"
0,6,4,"Laptop & Accessory",5,Married,2,0,7.0,197.14,1,Churned,"0-3 Months (High Risk)"
1,16,5,"Mobile Phone",3,Divorced,2,1,1.0,158.88,1,Churned,"0-3 Months (High Risk)"
14,16,5,"Laptop & Accessory",4,Single,2,0,9.0,161.51,0,Retained,">12 Months (Low Risk)"
11,16,3,"Laptop & Accessory",3,Married,4,0,2.0,160.77,0,Retained,"4-12 Months (Medium Risk)"
3,9,4,"Mobile Phone",4,Married,2,0,3.0,156.8,0,Retained,"0-3 Months (High Risk)"
0,28,4,Mobile,4,Married,2,0,0.0,128.63,1,Churned,"0-3 Months (High Risk)"
19,36,4,"Mobile Phone",1,Single,7,0,4.0,159.52,0,Retained,">12 Months (Low Risk)"
20,8,4,Mobile,1,Single,2,1,2.0,132.94,0,Retained,">12 Months (Low Risk)"
28,29,4,Grocery,3,Married,5,0,8.0,299.26,0,Retained,">12 Months (Low Risk)"
5,31,4,"Laptop & Accessory",1,Single,4,0,5.0,177.38,0,Retained,"4-12 Months (Medium Risk)"
0,6,3,"Laptop & Accessory",3,Married,1,0,2.0,148.98,0,Retained,"0-3 Months (High Risk)"
0,30,5,"Mobile Phone",2,Single,2,1,0.0,111.18,1,Churned,"0-3 Months (High Risk)"
5,15,2,"Mobile Phone",4,Single,11,0,3.0,146.09,0,Retained,"4-12 Months (Medium Risk)"
5,10,4,"Mobile Phone",5,Married,3,1,4.0,155.65,0,Retained,"4-12 Months (Medium Risk)"
15,8,3,Grocery,5,Divorced,1,0,7.0,276.65,0,Retained,">12 Months (Low Risk)"
2,15,4,"Mobile Phone",1,Single,3,0,3.0,158.1,0,Retained,"0-3 Months (High Risk)"
1,15,3,"Laptop & Accessory",4,Divorced,2,0,3.0,173.51,0,Retained,"0-3 Months (High Risk)"
24,9,4,Others,3,Married,4,1,8.0,317.37,0,Retained,">12 Months (Low Risk)"
16,31,4,Fashion,5,Divorced,3,1,9.0,199.06,0,Retained,">12 Months (Low Risk)"
1,14,6,"Laptop & Accessory",3,Single,3,1,7.0,185.74,1,Churned,"0-3 Months (High Risk)"
0,11,3,Mobile,3,Single,2,1,0.0,128.51,1,Churned,"0-3 Months (High Risk)"
29,15,3,Grocery,2,Divorced,8,0,,211.02999999999997,0,Retained,">12 Months (Low Risk)"
20,14,4,"Laptop & Accessory",3,Divorced,4,0,1.0,177.58,0,Retained,">12 Months (Low Risk)"
20,11,3,Others,3,Divorced,5,0,1.0,283,0,Retained,">12 Months (Low Risk)"
7,9,5,"Laptop & Accessory",5,Single,4,0,12.0,147.59,0,Retained,"4-12 Months (Medium Risk)"
19,13,3,"Laptop & Accessory",3,Divorced,3,0,0.0,152.58,0,Retained,">12 Months (Low Risk)"
9,10,4,Fashion,1,Married,8,0,9.0,203.23,0,Retained,"4-12 Months (Medium Risk)"
13,8,1,"Laptop & Accessory",4,Married,2,0,7.0,142.44,0,Retained,">12 Months (Low Risk)"
6,7,4,"Laptop & Accessory",4,Married,3,0,10.0,187.2,0,Retained,"4-12 Months (Medium Risk)"
10,16,4,"Laptop & Accessory",2,Married,3,1,0.0,166.94,0,Retained,"4-12 Months (Medium Risk)"
9,9,4,"Mobile Phone",1,Married,3,0,3.0,145.14,0,Retained,"4-12 Months (Medium Risk)"
1,15,6,"Mobile Phone",5,Married,3,0,2.0,149.51,0,Retained,"0-3 Months (High Risk)"
1,8,4,Mobile,4,Divorced,1,0,4.0,132.01,0,Retained,"0-3 Months (High Risk)"
12,16,3,"Laptop & Accessory",5,Married,3,0,7.0,153.77,0,Retained,"4-12 Months (Medium Risk)"
5,7,3,Fashion,1,Married,2,0,7.0,204.22,0,Retained,"4-12 Months (Medium Risk)"
8,14,4,"Mobile Phone",3,Married,2,1,8.0,148.08,0,Retained,"4-12 Months (Medium Risk)"
1,7,4,"Laptop & Accessory",4,Married,3,0,5.0,188.97,0,Retained,"0-3 Months (High Risk)"
0,14,1,Mobile,3,Married,8,0,2.0,135.17,0,Retained,"0-3 Months (High Risk)"
16,15,3,"Laptop & Accessory",3,Married,4,1,7.0,156.79,0,Retained,">12 Months (Low Risk)"
18,35,2,Grocery,2,Divorced,5,1,12.0,258.2,0,Retained,">12 Months (Low Risk)"
5,12,4,"Laptop & Accessory",1,Married,3,0,3.0,179.76,0,Retained,"4-12 Months (Medium Risk)"
6,10,3,"Laptop & Accessory",4,Married,6,0,7.0,130.55,0,Retained,"4-12 Months (Medium Risk)"
9,8,4,Fashion,3,Divorced,2,0,0.0,175.96,0,Retained,"4-12 Months (Medium Risk)"
24,11,3,Grocery,4,Married,2,1,10.0,240.26,0,Retained,">12 Months (Low Risk)"
10,7,5,"Laptop & Accessory",3,Married,2,0,3.0,168.74,0,Retained,"4-12 Months (Medium Risk)"
22,9,3,"Laptop & Accessory",4,Divorced,5,0,3.0,206.2,0,Retained,">12 Months (Low Risk)"
6,7,4,"Mobile Phone",1,Married,2,0,3.0,148.14,0,Retained,"4-12 Months (Medium Risk)"
3,9,4,"Laptop & Accessory",3,Married,3,0,3.0,171.49,0,Retained,"0-3 Months (High Risk)"
1,16,4,"Mobile Phone",5,Single,4,1,1.0,156.72,1,Churned,"0-3 Months (High Risk)"
5,10,3,"Mobile Phone",4,Married,3,0,2.0,139.31,0,Retained,"4-12 Months (Medium Risk)"
10,16,3,"Laptop & Accessory",4,Single,3,1,1.0,141.97,0,Retained,"4-12 Months (Medium Risk)"
27,25,3,Fashion,4,Divorced,3,0,1.0,207.25,0,Retained,">12 Months (Low Risk)"
0,8,3,"Mobile Phone",3,Single,7,0,1.0,143.82,1,Churned,"0-3 Months (High Risk)"
15,8,4,"Laptop & Accessory",2,Single,4,0,0.0,167.81,0,Retained,">12 Months (Low Risk)"
5,8,3,"Laptop & Accessory",4,Married,1,1,2.0,140.78,0,Retained,"4-12 Months (Medium Risk)"
21,9,5,"Mobile Phone",1,Married,11,1,1.0,148.8,1,Churned,">12 Months (Low Risk)"
14,9,4,"Mobile Phone",3,Married,4,0,3.0,145.01,0,Retained,">12 Months (Low Risk)"
11,6,1,Mobile,3,Divorced,2,0,0.0,128.44,0,Retained,"4-12 Months (Medium Risk)"
10,8,6,Fashion,5,Married,4,1,,227.52,0,Retained,"4-12 Months (Medium Risk)"
14,9,4,Others,3,Married,2,0,13.0,305.41,0,Retained,">12 Months (Low Risk)"
0,10,4,"Laptop & Accessory",2,Single,2,1,3.0,144.87,0,Retained,"0-3 Months (High Risk)"
19,31,4,"Mobile Phone",4,Single,3,0,5.0,146.77,0,Retained,">12 Months (Low Risk)"
3,21,4,Fashion,5,Married,3,0,7.0,171.4,0,Retained,"0-3 Months (High Risk)"
11,6,4,Fashion,3,Single,10,1,0.0,153.81,1,Churned,"4-12 Months (Medium Risk)"
3,18,3,"Laptop & Accessory",3,Single,1,0,4.0,165.77,0,Retained,"0-3 Months (High Risk)"
10,15,4,"Laptop & Accessory",4,Married,2,0,3.0,141.89,0,Retained,"4-12 Months (Medium Risk)"
21,13,3,"Laptop & Accessory",5,Married,5,0,2.0,154.86,0,Retained,">12 Months (Low Risk)"
14,7,4,"Laptop & Accessory",1,Married,6,0,4.0,190.13,0,Retained,">12 Months (Low Risk)"
9,14,1,Fashion,5,Married,10,0,,217.13,0,Retained,"4-12 Months (Medium Risk)"
11,8,6,"Laptop & Accessory",1,Married,3,0,,220.25,0,Retained,"4-12 Months (Medium Risk)"
5,6,3,Mobile,5,Single,2,0,0.0,129.56,0,Retained,"4-12 Months (Medium Risk)"
9,15,4,"Mobile Phone",3,Single,3,0,5.0,168.23,0,Retained,"4-12 Months (Medium Risk)"
28,10,4,"Laptop & Accessory",5,Married,4,0,6.0,184.4,0,Retained,">12 Months (Low Risk)"
9,28,4,"Laptop & Accessory",1,Married,3,1,8.0,165.14,0,Retained,"4-12 Months (Medium Risk)"
24,6,4,Others,3,Married,6,1,1.0,318.31,0,Retained,">12 Months (Low Risk)"
0,31,4,Mobile,4,Single,5,1,2.0,123.13,1,Churned,"0-3 Months (High Risk)"
4,11,3,"Laptop & Accessory",5,Single,1,0,7.0,199.36,0,Retained,"4-12 Months (Medium Risk)"
2,15,3,Mobile,3,Married,10,0,2.0,129.74,0,Retained,"0-3 Months (High Risk)"
8,9,5,"Mobile Phone",5,Single,3,0,4.0,168.81,0,Retained,"4-12 Months (Medium Risk)"
1,12,4,Mobile,2,Single,3,0,1.0,135.51,0,Retained,"0-3 Months (High Risk)"
31,25,4,Fashion,2,Single,8,0,,230.12,0,Retained,">12 Months (Low Risk)"
17,7,3,Mobile,1,Married,5,1,2.0,131.95,0,Retained,">12 Months (Low Risk)"
10,19,3,"Laptop & Accessory",1,Married,2,0,7.0,142.85,0,Retained,"4-12 Months (Medium Risk)"
1,20,4,"Laptop & Accessory",5,Married,4,0,3.0,167.33,1,Churned,"0-3 Months (High Risk)"
12,6,2,Fashion,2,Married,1,0,7.0,196.13,0,Retained,"4-12 Months (Medium Risk)"
16,7,4,"Mobile Phone",5,Married,5,0,3.0,150.76,0,Retained,">12 Months (Low Risk)"
6,15,5,"Laptop & Accessory",4,Married,3,1,10.0,177.28,0,Retained,"4-12 Months (Medium Risk)"
3,28,2,Fashion,5,Married,3,0,,224.8,0,Retained,"0-3 Months (High Risk)"
9,15,4,"Mobile Phone",2,Divorced,3,0,3.0,150.72,0,Retained,"4-12 Months (Medium Risk)"
17,17,4,"Mobile Phone",1,Single,2,0,8.0,149.55,0,Retained,">12 Months (Low Risk)"
12,17,3,Fashion,1,Married,2,0,7.0,176.54,1,Churned,"4-12 Months (Medium Risk)"
16,33,3,Fashion,5,Married,9,0,1.0,208.2,0,Retained,">12 Months (Low Risk)"
25,8,4,Mobile,2,Single,8,0,2.0,132.12,0,Retained,">12 Months (Low Risk)"
20,33,5,"Laptop & Accessory",4,Single,10,0,3.0,204.91,0,Retained,">12 Months (Low Risk)"
12,12,1,Fashion,3,Married,3,0,6.0,182.37,0,Retained,"4-12 Months (Medium Risk)"
7,9,3,"Mobile Phone",2,Divorced,1,0,2.0,137.37,0,Retained,"4-12 Months (Medium Risk)"
12,12,4,Fashion,5,Married,5,0,7.0,199.91,0,Retained,"4-12 Months (Medium Risk)"
1,31,4,"Mobile Phone",4,Married,3,1,1.0,149.08,1,Churned,"0-3 Months (High Risk)"
18,10,3,"Laptop & Accessory",4,Married,2,0,8.0,144.47,0,Retained,">12 Months (Low Risk)"
7,9,3,"Laptop & Accessory",1,Single,1,0,4.0,177.56,0,Retained,"4-12 Months (Medium Risk)"
14,31,4,"Laptop & Accessory",2,Married,3,0,8.0,158.19,0,Retained,">12 Months (Low Risk)"
12,7,4,Fashion,5,Married,3,0,12.0,260.82,0,Retained,"4-12 Months (Medium Risk)"
16,17,3,Fashion,3,Married,2,0,9.0,175.1,0,Retained,">12 Months (Low Risk)"
30,11,4,Fashion,4,Married,3,1,4.0,205.52,0,Retained,">12 Months (Low Risk)"
25,9,6,"Laptop & Accessory",4,Married,7,0,3.0,179.82,0,Retained,">12 Months (Low Risk)"
7,23,4,"Laptop & Accessory",1,Married,3,1,3.0,178.68,0,Retained,"4-12 Months (Medium Risk)"
29,7,4,Others,5,Single,2,1,14.0,315.45,0,Retained,">12 Months (Low Risk)"
13,8,3,Others,3,Married,1,0,9.0,294.36,0,Retained,">12 Months (Low Risk)"
6,14,1,Mobile,5,Married,7,0,6.0,131.43,0,Retained,"4-12 Months (Medium Risk)"
10,7,4,"Laptop & Accessory",2,Single,6,0,1.0,191.53,0,Retained,"4-12 Months (Medium Risk)"
1,36,5,"Laptop & Accessory",3,Single,3,0,9.0,170.08,1,Churned,"0-3 Months (High Risk)"
1,19,4,"Mobile Phone",1,Single,3,0,5.0,151.47,0,Retained,"0-3 Months (High Risk)"
23,23,4,Fashion,5,Married,6,0,11.0,232.69,0,Retained,">12 Months (Low Risk)"
4,35,4,"Laptop & Accessory",1,Married,2,0,7.0,154.68,0,Retained,"4-12 Months (Medium Risk)"
13,8,3,Others,3,Married,1,0,12.0,280.41,0,Retained,">12 Months (Low Risk)"
27,9,5,Fashion,4,Divorced,4,0,13.0,200.25,0,Retained,">12 Months (Low Risk)"
10,9,4,"Laptop & Accessory",4,Married,6,1,1.0,194.62,0,Retained,"4-12 Months (Medium Risk)"
31,13,4,"Mobile Phone",3,Divorced,10,0,3.0,147.67,0,Retained,">12 Months (Low Risk)"
26,29,3,Grocery,1,Single,7,0,8.0,242.75,0,Retained,">12 Months (Low Risk)"
5,14,4,Fashion,2,Single,3,1,11.0,196.43,0,Retained,"4-12 Months (Medium Risk)"
0,8,1,"Laptop & Accessory",3,Single,1,0,7.0,165,0,Retained,"0-3 Months (High Risk)"
4,16,4,"Laptop & Accessory",5,Married,3,0,11.0,155.72,0,Retained,"4-12 Months (Medium Risk)"
7,14,1,"Laptop & Accessory",3,Married,2,0,8.0,167.99,0,Retained,"4-12 Months (Medium Risk)"
0,10,5,Fashion,1,Married,2,0,8.0,204,1,Churned,"0-3 Months (High Risk)"
21,11,4,"Laptop & Accessory",1,Single,3,1,8.0,166.63,0,Retained,">12 Months (Low Risk)"
60,27,3,Grocery,1,Married,5,1,0.0,278.75,0,Retained,">12 Months (Low Risk)"
1,32,5,"Mobile Phone",4,Divorced,7,0,2.0,150.46,1,Churned,"0-3 Months (High Risk)"
13,25,3,"Laptop & Accessory",1,Married,9,1,7.0,127.41,0,Retained,">12 Months (Low Risk)"
20,20,3,"Laptop & Accessory",3,Married,4,1,2.0,145.91,0,Retained,">12 Months (Low Risk)"
4,7,5,Fashion,3,Single,3,0,,209.74,0,Retained,"4-12 Months (Medium Risk)"
5,15,4,Grocery,4,Single,5,0,1.0,289.22,0,Retained,"4-12 Months (Medium Risk)"
22,24,3,"Laptop & Accessory",2,Married,2,1,7.0,168.04,0,Retained,">12 Months (Low Risk)"
30,16,4,"Mobile Phone",3,Divorced,4,0,4.0,154.42,0,Retained,">12 Months (Low Risk)"
14,12,3,Fashion,1,Single,4,1,0.0,235.91000000000003,0,Retained,">12 Months (Low Risk)"
1,28,4,"Mobile Phone",3,Married,3,0,1.0,148.77,1,Churned,"0-3 Months (High Risk)"
10,17,4,Fashion,1,Single,3,0,,224.8,0,Retained,"4-12 Months (Medium Risk)"
1,11,3,"Laptop & Accessory",1,Single,2,0,2.0,149.08,0,Retained,"0-3 Months (High Risk)"
7,15,4,"Laptop & Accessory",5,Married,4,0,3.0,188.92,0,Retained,"4-12 Months (Medium Risk)"
0,13,4,"Laptop & Accessory",5,Single,9,0,7.0,168.11,0,Retained,"0-3 Months (High Risk)"
5,9,4,"Mobile Phone",3,Married,2,0,3.0,155.67,0,Retained,"4-12 Months (Medium Risk)"
11,9,4,"Laptop & Accessory",3,Divorced,6,1,,221.02,0,Retained,"4-12 Months (Medium Risk)"
11,12,4,"Laptop & Accessory",1,Married,9,0,5.0,188.47,0,Retained,"4-12 Months (Medium Risk)"
15,12,2,"Mobile Phone",3,Married,4,1,4.0,146.27,0,Retained,">12 Months (Low Risk)"
8,24,3,"Laptop & Accessory",5,Married,1,0,4.0,0,0,Retained,"4-12 Months (Medium Risk)"
10,9,5,Fashion,3,Divorced,3,0,1.0,200.96,0,Retained,"4-12 Months (Medium Risk)"
0,14,3,"Laptop & Accessory",3,Married,1,1,4.0,149.07,0,Retained,"0-3 Months (High Risk)"
12,9,5,"Mobile Phone",4,Single,3,0,4.0,149.4,0,Retained,"4-12 Months (Medium Risk)"
6,19,3,Mobile,1,Single,4,0,2.0,134.52,0,Retained,"4-12 Months (Medium Risk)"
31,31,2,Fashion,1,Married,5,1,,219.39,0,Retained,">12 Months (Low Risk)"
10,33,1,"Laptop & Accessory",3,Single,5,1,3.0,163.97,1,Churned,"4-12 Months (Medium Risk)"
0,12,4,Mobile,2,Single,2,1,0.0,129.26,1,Churned,"0-3 Months (High Risk)"
30,8,4,Grocery,2,Single,4,1,3.0,237.26,0,Retained,">12 Months (Low Risk)"
20,21,4,"Mobile Phone",4,Divorced,11,1,4.0,174.63,1,Churned,">12 Months (Low Risk)"
1,11,2,"Mobile Phone",5,Married,4,0,3.0,153.19,0,Retained,"0-3 Months (High Risk)"
29,15,3,Mobile,3,Married,3,0,3.0,129.42,0,Retained,">12 Months (Low Risk)"
1,9,2,"Laptop & Accessory",3,Married,3,0,8.0,177.06,0,Retained,"0-3 Months (High Risk)"
11,9,5,"Laptop & Accessory",1,Married,7,0,1.0,176.63,0,Retained,"4-12 Months (Medium Risk)"
22,29,4,Grocery,1,Married,5,0,8.0,296.74,0,Retained,">12 Months (Low Risk)"
24,17,4,Grocery,4,Single,4,0,,231.42000000000002,0,Retained,">12 Months (Low Risk)"
9,35,2,"Laptop & Accessory",3,Married,3,0,9.0,159.07,0,Retained,"4-12 Months (Medium Risk)"
19,27,6,Fashion,5,Married,4,1,8.0,233.51,0,Retained,">12 Months (Low Risk)"
23,35,4,Grocery,3,Divorced,1,0,7.0,270.46,0,Retained,">12 Months (Low Risk)"
1,7,4,"Mobile Phone",4,Married,3,0,5.0,163.16,0,Retained,"0-3 Months (High Risk)"
22,7,3,Grocery,3,Single,5,0,0.0,253.79000000000002,0,Retained,">12 Months (Low Risk)"
4,9,3,Mobile,5,Married,2,1,3.0,130.65,0,Retained,"4-12 Months (Medium Risk)"
4,32,5,Fashion,4,Single,4,1,,215.94,1,Churned,"4-12 Months (Medium Risk)"
13,8,3,"Laptop & Accessory",4,Married,8,0,3.0,157.15,0,Retained,">12 Months (Low Risk)"
1,16,5,"Mobile Phone",5,Divorced,5,0,3.0,169,1,Churned,"0-3 Months (High Risk)"
5,36,5,"Laptop & Accessory",1,Married,3,0,8.0,179.68,0,Retained,"4-12 Months (Medium Risk)"
15,16,3,Grocery,5,Divorced,1,0,9.0,267.99,0,Retained,">12 Months (Low Risk)"
6,17,4,"Mobile Phone",3,Married,8,0,4.0,159.33,0,Retained,"4-12 Months (Medium Risk)"
15,8,3,Grocery,3,Married,1,1,10.0,278.61,0,Retained,">12 Months (Low Risk)"
15,11,6,"Laptop & Accessory",4,Married,8,0,3.0,189.3,0,Retained,">12 Months (Low Risk)"
3,9,5,"Laptop & Accessory",4,Divorced,4,0,1.0,191.44,0,Retained,"0-3 Months (High Risk)"
11,9,3,Mobile,3,Married,4,0,2.0,128.21,0,Retained,"4-12 Months (Medium Risk)"
5,18,4,"Laptop & Accessory",5,Married,3,1,2.0,193.33,0,Retained,"4-12 Months (Medium Risk)"
3,13,4,"Mobile Phone",5,Divorced,9,1,3.0,149.04,1,Churned,"0-3 Months (High Risk)"
10,24,5,"Laptop & Accessory",4,Married,4,0,4.0,180.07,0,Retained,"4-12 Months (Medium Risk)"
19,9,6,"Laptop & Accessory",3,Single,2,0,2.0,191.32,0,Retained,">12 Months (Low Risk)"
9,9,4,"Laptop & Accessory",5,Married,4,0,1.0,175.93,0,Retained,"4-12 Months (Medium Risk)"
29,9,5,Others,5,Married,10,0,1.0,315.38,0,Retained,">12 Months (Low Risk)"
18,19,1,Grocery,3,Single,7,1,8.0,236.95,1,Churned,">12 Months (Low Risk)"
10,12,2,"Laptop & Accessory",5,Married,5,1,7.0,159.74,0,Retained,"4-12 Months (Medium Risk)"
8,16,3,"Mobile Phone",1,Married,2,0,2.0,139.17,0,Retained,"4-12 Months (Medium Risk)"
1,9,4,"Mobile Phone",4,Single,3,0,1.0,138.93,1,Churned,"0-3 Months (High Risk)"
8,7,4,Fashion,1,Single,3,0,,223.88,0,Retained,"4-12 Months (Medium Risk)"
6,8,5,"Mobile Phone",4,Married,2,0,3.0,147.69,0,Retained,"4-12 Months (Medium Risk)"
1,27,4,"Laptop & Accessory",3,Single,2,0,3.0,147.72,0,Retained,"0-3 Months (High Risk)"
9,14,4,Fashion,5,Single,2,0,9.0,175.87,0,Retained,"4-12 Months (Medium Risk)"
3,31,3,"Laptop & Accessory",3,Married,8,1,2.0,147.36,0,Retained,"0-3 Months (High Risk)"
9,11,3,Fashion,5,Married,5,0,2.0,180.08,0,Retained,"4-12 Months (Medium Risk)"
30,6,3,"Laptop & Accessory",3,Divorced,3,0,2.0,167.55,0,Retained,">12 Months (Low Risk)"
25,9,4,Fashion,3,Married,3,1,4.0,179.69,0,Retained,">12 Months (Low Risk)"
23,8,3,Grocery,5,Married,2,0,7.0,279.24,0,Retained,">12 Months (Low Risk)"
6,6,4,"Laptop & Accessory",1,Single,1,0,4.0,169.49,0,Retained,"4-12 Months (Medium Risk)"
13,10,5,"Laptop & Accessory",3,Married,2,0,8.0,155.69,0,Retained,">12 Months (Low Risk)"
14,8,3,Grocery,5,Married,8,0,8.0,265.95,0,Retained,">12 Months (Low Risk)"
24,31,4,Grocery,3,Divorced,5,1,6.0,264.73,0,Retained,">12 Months (Low Risk)"
6,7,4,"Laptop & Accessory",5,Married,6,0,3.0,165.87,0,Retained,"4-12 Months (Medium Risk)"
1,12,4,"Mobile Phone",3,Single,3,1,1.0,153.51,1,Churned,"0-3 Months (High Risk)"
6,21,3,"Laptop & Accessory",1,Married,1,1,1.0,148.78,0,Retained,"4-12 Months (Medium Risk)"
0,25,4,"Mobile Phone",5,Married,2,0,7.0,140.66,0,Retained,"0-3 Months (High Risk)"
1,22,4,"Mobile Phone",1,Single,3,0,1.0,153.71,0,Retained,"0-3 Months (High Risk)"
1,10,5,"Mobile Phone",3,Single,3,0,1.0,157.3,0,Retained,"0-3 Months (High Risk)"
26,7,5,Others,3,Divorced,2,0,10.0,324.99,0,Retained,">12 Months (Low Risk)"
8,28,5,"Mobile Phone",3,Single,1,0,3.0,142.3,0,Retained,"4-12 Months (Medium Risk)"
28,27,4,"Laptop & Accessory",3,Single,5,0,4.0,173.69,0,Retained,">12 Months (Low Risk)"
0,24,3,"Laptop & Accessory",3,Divorced,1,1,2.0,146.14,1,Churned,"0-3 Months (High Risk)"
2,33,3,"Laptop & Accessory",3,Married,5,0,1.0,143.35,0,Retained,"0-3 Months (High Risk)"
6,20,5,"Mobile Phone",4,Divorced,3,0,3.0,152.43,0,Retained,"4-12 Months (Medium Risk)"
6,13,3,Fashion,3,Married,1,0,,216.91000000000003,0,Retained,"4-12 Months (Medium Risk)"
1,15,5,"Mobile Phone",3,Single,3,1,3.0,164.89,1,Churned,"0-3 Months (High Risk)"
19,6,3,Fashion,5,Married,8,0,3.0,193.96,0,Retained,">12 Months (Low Risk)"
1,16,5,"Mobile Phone",3,Married,2,1,1.0,158.88,1,Churned,"0-3 Months (High Risk)"
21,33,4,Others,3,Married,5,0,1.0,321.58,0,Retained,">12 Months (Low Risk)"
1,17,5,"Mobile Phone",3,Single,3,0,3.0,151.25,1,Churned,"0-3 Months (High Risk)"
21,9,4,"Laptop & Accessory",2,Married,7,0,5.0,175.7,0,Retained,">12 Months (Low Risk)"
7,14,1,"Laptop & Accessory",3,Married,3,0,2.0,144.04,0,Retained,"4-12 Months (Medium Risk)"
16,9,4,Fashion,1,Married,4,1,,226.24,0,Retained,">12 Months (Low Risk)"
15,13,4,Fashion,1,Single,5,1,1.0,260.91,0,Retained,">12 Months (Low Risk)"
20,9,3,Grocery,3,Married,10,1,13.0,237.7,0,Retained,">12 Months (Low Risk)"
30,22,3,"Laptop & Accessory",5,Single,9,0,2.0,154.05,0,Retained,">12 Months (Low Risk)"
6,34,3,"Laptop & Accessory",3,Married,2,1,7.0,152.07,0,Retained,"4-12 Months (Medium Risk)"
0,15,3,Mobile,3,Married,2,0,2.0,127.41999999999999,1,Churned,"0-3 Months (High Risk)"
8,8,5,Others,4,Single,3,1,11.0,288.24,1,Churned,"4-12 Months (Medium Risk)"
5,35,3,"Mobile Phone",3,Single,10,0,7.0,140.25,0,Retained,"4-12 Months (Medium Risk)"
1,8,6,"Laptop & Accessory",4,Single,8,0,1.0,192.35,1,Churned,"0-3 Months (High Risk)"
8,7,5,"Mobile Phone",1,Married,3,1,4.0,161.22,0,Retained,"4-12 Months (Medium Risk)"
19,10,4,Others,4,Divorced,3,0,8.0,287.89,0,Retained,">12 Months (Low Risk)"
16,11,4,"Laptop & Accessory",5,Single,9,0,6.0,176.55,0,Retained,">12 Months (Low Risk)"
0,6,3,"Mobile Phone",1,Married,10,1,2.0,147.87,1,Churned,"0-3 Months (High Risk)"
0,11,3,Mobile,1,Single,2,0,2.0,131.17,0,Retained,"0-3 Months (High Risk)"
18,11,5,"Laptop & Accessory",5,Single,2,1,4.0,157.69,0,Retained,">12 Months (Low Risk)"
15,29,3,Grocery,1,Single,3,0,0.0,259.92,0,Retained,">12 Months (Low Risk)"
1,22,1,"Laptop & Accessory",5,Single,1,0,7.0,156.61,0,Retained,"0-3 Months (High Risk)"
23,15,3,Others,3,Married,5,1,0.0,293.31,0,Retained,">12 Months (Low Risk)"
3,26,3,"Laptop & Accessory",5,Divorced,1,0,2.0,199.57,0,Retained,"0-3 Months (High Risk)"
14,12,3,"Mobile Phone",5,Single,3,1,17.0,147.21,0,Retained,">12 Months (Low Risk)"
26,29,3,Grocery,2,Single,7,0,8.0,242.75,0,Retained,">12 Months (Low Risk)"
3,27,4,"Mobile Phone",1,Married,3,0,11.0,163.12,0,Retained,"0-3 Months (High Risk)"
8,22,3,Fashion,3,Divorced,5,1,0.0,176.32,0,Retained,"4-12 Months (Medium Risk)"
31,7,6,"Laptop & Accessory",3,Married,4,1,3.0,181.6,0,Retained,">12 Months (Low Risk)"
18,13,3,Fashion,5,Married,2,0,11.0,152.1,0,Retained,">12 Months (Low Risk)"
1,31,5,Fashion,5,Single,3,0,,212.22,1,Churned,"0-3 Months (High Risk)"
1,11,6,Fashion,2,Divorced,3,0,,229,1,Churned,"0-3 Months (High Risk)"
11,8,4,Fashion,3,Married,4,1,2.0,177.56,0,Retained,"4-12 Months (Medium Risk)"
9,6,3,"Laptop & Accessory",1,Single,5,0,0.0,166.53,0,Retained,"4-12 Months (Medium Risk)"
10,22,4,"Laptop & Accessory",3,Married,5,0,0.0,163.34,0,Retained,"4-12 Months (Medium Risk)"
28,24,3,Grocery,4,Single,4,0,7.0,268.35,0,Retained,">12 Months (Low Risk)"
27,20,2,"Laptop & Accessory",5,Married,3,0,4.0,169.5,0,Retained,">12 Months (Low Risk)"
0,15,3,"Laptop & Accessory",5,Single,4,1,3.0,182.24,1,Churned,"0-3 Months (High Risk)"
19,11,4,"Laptop & Accessory",5,Married,6,1,4.0,175.06,0,Retained,">12 Months (Low Risk)"
12,12,3,Fashion,4,Single,5,0,2.0,183.76,0,Retained,"4-12 Months (Medium Risk)"
20,10,2,Grocery,5,Married,4,0,9.0,257.25,0,Retained,">12 Months (Low Risk)"
29,25,4,Grocery,4,Single,5,0,8.0,293.35,0,Retained,">12 Months (Low Risk)"
13,18,3,"Laptop & Accessory",5,Married,3,0,7.0,144.48,0,Retained,">12 Months (Low Risk)"
1,11,5,"Laptop & Accessory",5,Married,3,0,4.0,167.56,0,Retained,"0-3 Months (High Risk)"
13,6,3,"Laptop & Accessory",3,Single,4,1,0.0,147.28,1,Churned,">12 Months (Low Risk)"
5,27,4,"Laptop & Accessory",3,Married,3,0,3.0,166.97,0,Retained,"4-12 Months (Medium Risk)"
23,17,3,Others,4,Single,4,0,4.0,299.26,0,Retained,">12 Months (Low Risk)"
0,6,4,Mobile,4,Single,2,0,0.0,128.36,0,Retained,"0-3 Months (High Risk)"
20,9,4,"Laptop & Accessory",2,Married,4,0,5.0,198.79,0,Retained,">12 Months (Low Risk)"
18,8,4,"Mobile Phone",1,Single,8,1,3.0,149.36,0,Retained,">12 Months (Low Risk)"
12,15,3,"Laptop & Accessory",4,Single,10,0,3.0,167.82,0,Retained,"4-12 Months (Medium Risk)"
5,12,4,"Mobile Phone",4,Married,3,0,3.0,152.89,0,Retained,"4-12 Months (Medium Risk)"
7,8,4,"Mobile Phone",5,Single,2,0,3.0,143.81,0,Retained,"4-12 Months (Medium Risk)"
29,9,4,Fashion,4,Married,5,0,3.0,234.76,0,Retained,">12 Months (Low Risk)"
7,6,4,"Laptop & Accessory",5,Single,1,0,9.0,153.43,0,Retained,"4-12 Months (Medium Risk)"
4,34,4,"Laptop & Accessory",1,Married,9,0,8.0,178.04,0,Retained,"4-12 Months (Medium Risk)"
19,9,3,Grocery,3,Married,4,0,9.0,274.65,0,Retained,">12 Months (Low Risk)"
20,31,3,Fashion,3,Single,3,0,11.0,186.33,0,Retained,">12 Months (Low Risk)"
29,7,2,Grocery,2,Married,4,0,1.0,272.32,0,Retained,">12 Months (Low Risk)"
1,13,5,"Mobile Phone",4,Married,3,0,4.0,148.68,0,Retained,"0-3 Months (High Risk)"
7,7,5,"Mobile Phone",3,Married,3,0,1.0,145.08,0,Retained,"4-12 Months (Medium Risk)"
1,17,4,Grocery,5,Married,3,1,11.0,295.68,0,Retained,"0-3 Months (High Risk)"
1,32,4,"Mobile Phone",3,Married,3,0,8.0,154.42,0,Retained,"0-3 Months (High Risk)"
8,22,4,"Laptop & Accessory",5,Single,3,0,7.0,186.25,0,Retained,"4-12 Months (Medium Risk)"
5,9,6,"Mobile Phone",2,Married,6,1,1.0,152.78,1,Churned,"4-12 Months (Medium Risk)"
1,22,4,"Laptop & Accessory",3,Married,9,0,1.0,173.34,1,Churned,"0-3 Months (High Risk)"
25,13,3,Fashion,4,Single,8,0,0.0,204.45,0,Retained,">12 Months (Low Risk)"
18,34,4,Grocery,4,Single,2,0,6.0,267.04,0,Retained,">12 Months (Low Risk)"
20,10,4,Grocery,4,Divorced,10,0,2.0,291.06,0,Retained,">12 Months (Low Risk)"
11,28,3,"Mobile Phone",5,Divorced,3,1,8.0,160.64,0,Retained,"4-12 Months (Medium Risk)"
2,15,3,Mobile,3,Married,10,0,2.0,129.74,0,Retained,"0-3 Months (High Risk)"
4,12,4,Mobile,3,Married,2,1,2.0,127.03,0,Retained,"4-12 Months (Medium Risk)"
5,11,3,Mobile,4,Single,3,0,7.0,127.18,0,Retained,"4-12 Months (Medium Risk)"
15,13,5,"Laptop & Accessory",4,Single,8,1,3.0,185.32,0,Retained,">12 Months (Low Risk)"
17,6,3,"Laptop & Accessory",5,Married,6,1,3.0,154.54,0,Retained,">12 Months (Low Risk)"
5,6,3,"Laptop & Accessory",1,Married,2,1,8.0,161.62,0,Retained,"4-12 Months (Medium Risk)"
0,6,5,"Laptop & Accessory",4,Single,7,0,0.0,167.35,1,Churned,"0-3 Months (High Risk)"
10,15,5,"Mobile Phone",5,Married,2,0,4.0,148.42,0,Retained,"4-12 Months (Medium Risk)"
5,12,4,"Laptop & Accessory",3,Married,3,0,3.0,208.46,0,Retained,"4-12 Months (Medium Risk)"
1,15,5,"Mobile Phone",4,Single,3,0,1.0,137.61,1,Churned,"0-3 Months (High Risk)"
19,8,3,Fashion,1,Married,5,1,3.0,203.68,0,Retained,">12 Months (Low Risk)"
1,27,4,"Laptop & Accessory",3,Single,2,0,3.0,147.72,0,Retained,"0-3 Months (High Risk)"
7,21,3,"Laptop & Accessory",5,Single,2,0,6.0,161.25,0,Retained,"4-12 Months (Medium Risk)"
19,32,4,Others,4,Single,5,0,1.0,305.61,0,Retained,">12 Months (Low Risk)"
16,17,4,Grocery,5,Married,2,0,10.0,292.99,0,Retained,">12 Months (Low Risk)"
12,8,4,"Laptop & Accessory",2,Divorced,9,0,4.0,152.04,0,Retained,"4-12 Months (Medium Risk)"
7,9,4,"Laptop & Accessory",4,Single,10,0,8.0,176.47,0,Retained,"4-12 Months (Medium Risk)"
6,9,5,"Laptop & Accessory",5,Single,6,0,5.0,146.76,0,Retained,"4-12 Months (Medium Risk)"
1,25,4,"Mobile Phone",3,Married,2,0,3.0,152.74,0,Retained,"0-3 Months (High Risk)"
31,28,4,Grocery,1,Married,6,1,1.0,303.75,0,Retained,">12 Months (Low Risk)"
0,14,3,Fashion,3,Single,2,0,7.0,187.26,0,Retained,"0-3 Months (High Risk)"
14,6,4,Others,3,Divorced,2,0,10.0,291.89,0,Retained,">12 Months (Low Risk)"
17,8,3,Fashion,3,Single,6,1,2.0,202.09,0,Retained,">12 Months (Low Risk)"
0,16,3,"Laptop & Accessory",1,Single,2,0,2.0,146.84,0,Retained,"0-3 Months (High Risk)"
3,17,5,"Laptop & Accessory",3,Single,11,0,5.0,183.69,0,Retained,"0-3 Months (High Risk)"
30,13,1,"Laptop & Accessory",2,Married,1,1,9.0,152.2,0,Retained,">12 Months (Low Risk)"
6,7,4,Fashion,1,Married,3,0,,229.22,0,Retained,"4-12 Months (Medium Risk)"
7,17,4,"Laptop & Accessory",3,Single,3,0,10.0,179.87,0,Retained,"4-12 Months (Medium Risk)"
0,29,4,Fashion,5,Divorced,2,0,10.0,173.36,1,Churned,"0-3 Months (High Risk)"
0,9,4,Mobile,3,Single,2,0,0.0,132.3,0,Retained,"0-3 Months (High Risk)"
3,7,5,Grocery,2,Married,5,0,8.0,286.24,0,Retained,"0-3 Months (High Risk)"
10,16,5,"Laptop & Accessory",4,Married,4,1,,213.47,0,Retained,"4-12 Months (Medium Risk)"
8,22,3,Fashion,4,Divorced,1,0,9.0,180.2,0,Retained,"4-12 Months (Medium Risk)"
5,10,4,"Laptop & Accessory",3,Married,2,0,8.0,161.62,0,Retained,"4-12 Months (Medium Risk)"
0,10,3,Mobile,5,Single,2,0,0.0,129.73,1,Churned,"0-3 Months (High Risk)"
18,7,4,"Mobile Phone",1,Married,6,1,3.0,156.95,0,Retained,">12 Months (Low Risk)"
11,9,3,"Laptop & Accessory",1,Single,9,1,0.0,168.61,0,Retained,"4-12 Months (Medium Risk)"
1,17,4,"Mobile Phone",1,Married,2,0,2.0,146.45,0,Retained,"0-3 Months (High Risk)"
7,24,5,"Mobile Phone",3,Married,11,1,1.0,149.37,1,Churned,"4-12 Months (Medium Risk)"
0,30,4,Fashion,5,Single,2,0,9.0,187.22,1,Churned,"0-3 Months (High Risk)"
9,9,5,Fashion,4,Married,4,0,,227.74,0,Retained,"4-12 Months (Medium Risk)"
13,12,3,Grocery,3,Single,8,0,13.0,232.37,0,Retained,">12 Months (Low Risk)"
1,10,5,"Mobile Phone",3,Married,3,1,2.0,150.66,0,Retained,"0-3 Months (High Risk)"
1,7,5,"Laptop & Accessory",3,Single,3,0,3.0,171.17,0,Retained,"0-3 Months (High Risk)"
9,15,1,Mobile,4,Married,2,0,2.0,128.1,0,Retained,"4-12 Months (Medium Risk)"
12,23,4,"Laptop & Accessory",4,Single,4,0,3.0,166.98,0,Retained,"4-12 Months (Medium Risk)"
8,16,4,Fashion,2,Married,2,0,,210,0,Retained,"4-12 Months (Medium Risk)"
4,17,4,Fashion,3,Single,11,0,,221.67,0,Retained,"4-12 Months (Medium Risk)"
14,35,6,Fashion,5,Married,5,0,2.0,234.32,0,Retained,">12 Months (Low Risk)"
26,10,5,Grocery,5,Divorced,3,0,17.0,293.56,0,Retained,">12 Months (Low Risk)"
19,7,4,"Mobile Phone",1,Married,5,0,3.0,147.7,0,Retained,">12 Months (Low Risk)"
3,8,4,"Laptop & Accessory",1,Single,6,1,0.0,168.77,0,Retained,"0-3 Months (High Risk)"
24,35,4,Grocery,5,Divorced,6,1,3.0,293.8,0,Retained,">12 Months (Low Risk)"
2,16,4,"Mobile Phone",3,Married,7,0,3.0,148.77,0,Retained,"0-3 Months (High Risk)"
20,9,4,Fashion,1,Married,6,1,,228.68,0,Retained,">12 Months (Low Risk)"
22,29,4,Grocery,1,Married,5,0,8.0,296.74,0,Retained,">12 Months (Low Risk)"
0,20,4,"Mobile Phone",4,Married,2,1,2.0,137.43,1,Churned,"0-3 Months (High Risk)"
0,23,3,Mobile,3,Married,1,1,0.0,127.41,1,Churned,"0-3 Months (High Risk)"
11,26,4,Fashion,4,Single,3,1,10.0,201.42,0,Retained,"4-12 Months (Medium Risk)"
14,8,4,"Mobile Phone",4,Married,5,0,4.0,148.87,0,Retained,">12 Months (Low Risk)"
10,25,4,"Laptop & Accessory",1,Single,4,0,10.0,202.79,0,Retained,"4-12 Months (Medium Risk)"
2,16,4,"Laptop & Accessory",3,Single,10,0,4.0,158.69,0,Retained,"0-3 Months (High Risk)"
10,16,3,"Mobile Phone",4,Married,2,0,7.0,139.36,0,Retained,"4-12 Months (Medium Risk)"
6,16,1,Fashion,3,Married,1,1,8.0,183.8,0,Retained,"4-12 Months (Medium Risk)"
0,15,3,"Laptop & Accessory",1,Single,2,0,7.0,141.05,0,Retained,"0-3 Months (High Risk)"
9,34,4,"Laptop & Accessory",3,Married,4,0,8.0,193.83,0,Retained,"4-12 Months (Medium Risk)"
1,21,4,Fashion,2,Single,2,1,8.0,200.53,1,Churned,"0-3 Months (High Risk)"
6,11,4,Mobile,2,Divorced,2,0,2.0,129.11,0,Retained,"4-12 Months (Medium Risk)"
2,13,3,"Laptop & Accessory",2,Married,2,1,0.0,166.23,0,Retained,"0-3 Months (High Risk)"
3,35,3,Fashion,4,Married,4,0,3.0,192.5,0,Retained,"0-3 Months (High Risk)"
9,7,4,Fashion,3,Single,3,0,,212.89,0,Retained,"4-12 Months (Medium Risk)"
10,7,6,Fashion,5,Married,4,1,,227.52,0,Retained,"4-12 Months (Medium Risk)"
8,23,3,"Laptop & Accessory",5,Divorced,4,1,7.0,189.66,0,Retained,"4-12 Months (Medium Risk)"
10,10,4,"Mobile Phone",1,Married,7,0,1.0,153.35,0,Retained,"4-12 Months (Medium Risk)"
1,15,5,"Mobile Phone",1,Married,8,0,3.0,146.8,1,Churned,"0-3 Months (High Risk)"
26,9,5,Others,3,Single,3,1,13.0,315.68,0,Retained,">12 Months (Low Risk)"
1,36,4,"Mobile Phone",5,Married,3,0,3.0,164.07,0,Retained,"0-3 Months (High Risk)"
15,11,4,Fashion,3,Married,2,1,,229.47,0,Retained,">12 Months (Low Risk)"
3,16,3,Fashion,3,Single,10,0,2.0,196.67,0,Retained,"0-3 Months (High Risk)"
11,10,4,"Laptop & Accessory",4,Single,5,0,2.0,166.07,0,Retained,"4-12 Months (Medium Risk)"
3,6,4,"Laptop & Accessory",1,Married,2,1,0.0,151.26,0,Retained,"0-3 Months (High Risk)"
1,34,4,Fashion,2,Divorced,3,0,10.0,201.39,1,Churned,"0-3 Months (High Risk)"
0,16,4,"Mobile Phone",3,Single,2,0,0.0,112,0,Retained,"0-3 Months (High Risk)"
18,7,4,"Mobile Phone",1,Single,8,1,3.0,149.36,0,Retained,">12 Months (Low Risk)"
7,29,4,"Laptop & Accessory",4,Married,2,0,8.0,186.46,0,Retained,"4-12 Months (Medium Risk)"
1,21,4,"Mobile Phone",5,Divorced,3,1,9.0,147.35,0,Retained,"0-3 Months (High Risk)"
5,27,4,"Laptop & Accessory",3,Divorced,3,0,1.0,194.32,0,Retained,"4-12 Months (Medium Risk)"
24,12,4,Mobile,3,Single,1,0,7.0,128.38,0,Retained,">12 Months (Low Risk)"
7,12,4,"Laptop & Accessory",1,Married,8,0,,224.98,0,Retained,"4-12 Months (Medium Risk)"
11,13,3,"Laptop & Accessory",5,Married,6,1,8.0,184.74,0,Retained,"4-12 Months (Medium Risk)"
15,8,5,Others,1,Married,2,0,9.0,298.45,1,Churned,">12 Months (Low Risk)"
13,11,4,Fashion,5,Married,6,1,12.0,204.75,0,Retained,">12 Months (Low Risk)"
4,29,4,"Laptop & Accessory",2,Divorced,1,0,8.0,155.82,0,Retained,"4-12 Months (Medium Risk)"
23,7,5,Grocery,3,Single,9,1,8.0,264.64,0,Retained,">12 Months (Low Risk)"
7,13,4,"Laptop & Accessory",2,Married,5,0,8.0,202.25,0,Retained,"4-12 Months (Medium Risk)"
15,8,3,Others,3,Married,6,0,14.0,288.8,0,Retained,">12 Months (Low Risk)"
13,16,4,"Laptop & Accessory",5,Married,3,0,10.0,176.51,0,Retained,">12 Months (Low Risk)"
9,9,1,"Laptop & Accessory",5,Married,7,0,4.0,168.42,0,Retained,"4-12 Months (Medium Risk)"
16,15,4,Others,1,Married,3,0,10.0,309.3,0,Retained,">12 Months (Low Risk)"
12,17,4,"Laptop & Accessory",1,Married,3,0,10.0,178.43,0,Retained,"4-12 Months (Medium Risk)"
0,10,4,Mobile,2,Divorced,1,0,4.0,131.62,0,Retained,"0-3 Months (High Risk)"
5,19,4,Others,3,Divorced,3,0,9.0,320.45,1,Churned,"4-12 Months (Medium Risk)"
2,35,5,"Laptop & Accessory",3,Married,9,0,6.0,163.84,0,Retained,"0-3 Months (High Risk)"
15,35,5,"Laptop & Accessory",1,Single,5,0,0.0,142.72,0,Retained,">12 Months (Low Risk)"
0,25,3,"Mobile Phone",1,Married,4,0,2.0,136.69,0,Retained,"0-3 Months (High Risk)"
26,14,4,Fashion,4,Single,9,0,,229.45,0,Retained,">12 Months (Low Risk)"
28,27,4,"Laptop & Accessory",3,Single,5,0,4.0,173.69,0,Retained,">12 Months (Low Risk)"
8,8,5,Fashion,3,Married,3,1,7.0,195.83,0,Retained,"4-12 Months (Medium Risk)"
14,19,4,"Laptop & Accessory",5,Married,4,0,8.0,169.48,0,Retained,">12 Months (Low Risk)"
0,31,1,Mobile,1,Single,2,1,1.0,129.94,0,Retained,"0-3 Months (High Risk)"
11,8,3,"Laptop & Accessory",5,Married,4,0,7.0,168.93,0,Retained,"4-12 Months (Medium Risk)"
9,11,5,"Mobile Phone",1,Married,3,0,3.0,148.76,0,Retained,"4-12 Months (Medium Risk)"
4,13,3,"Laptop & Accessory",5,Married,2,0,12.0,143.06,0,Retained,"4-12 Months (Medium Risk)"
5,16,3,"Laptop & Accessory",1,Single,9,0,0.0,146.48,0,Retained,"4-12 Months (Medium Risk)"
1,15,6,"Mobile Phone",3,Married,3,0,3.0,171.21,0,Retained,"0-3 Months (High Risk)"
9,13,6,"Laptop & Accessory",1,Single,3,0,9.0,191.46,0,Retained,"4-12 Months (Medium Risk)"
17,17,5,"Laptop & Accessory",3,Married,3,0,1.0,177.57,0,Retained,">12 Months (Low Risk)"
14,16,5,"Laptop & Accessory",2,Divorced,11,0,3.0,173.76,0,Retained,">12 Months (Low Risk)"
9,17,3,Fashion,1,Married,1,0,8.0,197.38,0,Retained,"4-12 Months (Medium Risk)"
5,18,3,Grocery,5,Single,1,1,14.0,237.57999999999998,1,Churned,"4-12 Months (Medium Risk)"
22,24,4,Others,3,Married,2,1,9.0,295.02,0,Retained,">12 Months (Low Risk)"
15,17,4,"Laptop & Accessory",2,Single,9,0,11.0,187.3,0,Retained,">12 Months (Low Risk)"
19,11,3,"Laptop & Accessory",4,Married,2,1,2.0,150.21,0,Retained,">12 Months (Low Risk)"
22,14,4,"Laptop & Accessory",5,Married,6,0,3.0,179.86,0,Retained,">12 Months (Low Risk)"
2,8,6,"Laptop & Accessory",1,Married,2,0,6.0,191.74,0,Retained,"0-3 Months (High Risk)"
23,34,3,Grocery,5,Divorced,5,1,2.0,268.8,0,Retained,">12 Months (Low Risk)"
9,9,3,"Laptop & Accessory",4,Single,4,1,1.0,192.78,0,Retained,"4-12 Months (Medium Risk)"
11,13,4,"Laptop & Accessory",2,Single,1,0,5.0,140.28,0,Retained,"4-12 Months (Medium Risk)"
1,16,4,"Laptop & Accessory",5,Single,2,1,4.0,207.24,1,Churned,"0-3 Months (High Risk)"
0,21,3,Fashion,3,Married,8,1,7.0,236.10000000000002,1,Churned,"0-3 Months (High Risk)"
7,7,3,"Laptop & Accessory",1,Married,10,0,1.0,154.84,0,Retained,"4-12 Months (Medium Risk)"
13,25,4,"Laptop & Accessory",3,Single,2,0,8.0,170.34,0,Retained,">12 Months (Low Risk)"
26,26,4,"Mobile Phone",1,Married,2,0,3.0,167.58,0,Retained,">12 Months (Low Risk)"
10,17,5,"Laptop & Accessory",3,Married,3,1,8.0,181.73,0,Retained,"4-12 Months (Medium Risk)"
7,34,4,"Laptop & Accessory",3,Married,2,0,7.0,167.12,0,Retained,"4-12 Months (Medium Risk)"
13,22,4,"Laptop & Accessory",3,Single,7,0,0.0,150.94,0,Retained,">12 Months (Low Risk)"
7,12,4,"Laptop & Accessory",2,Divorced,8,0,,224.98,0,Retained,"4-12 Months (Medium Risk)"
3,6,5,"Mobile Phone",3,Divorced,4,0,2.0,138.33,0,Retained,"0-3 Months (High Risk)"
23,6,3,Others,2,Married,4,0,6.0,295.17,0,Retained,">12 Months (Low Risk)"
2,7,5,"Laptop & Accessory",1,Married,3,1,8.0,193.34,0,Retained,"0-3 Months (High Risk)"
15,32,3,Fashion,5,Divorced,4,1,0.0,231.91000000000003,0,Retained,">12 Months (Low Risk)"
15,13,5,"Laptop & Accessory",4,Single,8,1,3.0,185.32,0,Retained,">12 Months (Low Risk)"
0,31,3,Mobile,1,Single,2,1,1.0,127.94999999999999,1,Churned,"0-3 Months (High Risk)"
28,14,4,Grocery,4,Married,2,1,0.0,235.76999999999998,0,Retained,">12 Months (Low Risk)"
1,16,4,"Mobile Phone",5,Married,3,0,3.0,150,0,Retained,"0-3 Months (High Risk)"
0,8,5,"Laptop & Accessory",1,Single,4,0,0.0,150.71,0,Retained,"0-3 Months (High Risk)"
11,6,4,Fashion,3,Single,10,1,0.0,153.81,1,Churned,"4-12 Months (Medium Risk)"
15,18,3,Mobile,4,Married,9,0,4.0,127.66,0,Retained,">12 Months (Low Risk)"
15,17,6,"Laptop & Accessory",4,Single,3,0,10.0,186.51,0,Retained,">12 Months (Low Risk)"
3,16,2,"Mobile Phone",3,Married,8,0,1.0,149.51,0,Retained,"0-3 Months (High Risk)"
12,21,3,Grocery,5,Single,1,0,10.0,233.41000000000003,0,Retained,"4-12 Months (Medium Risk)"
16,16,5,Others,1,Single,10,0,2.0,321.13,0,Retained,">12 Months (Low Risk)"
4,16,3,"Laptop & Accessory",1,Married,3,1,4.0,165.83,0,Retained,"4-12 Months (Medium Risk)"
7,14,3,"Laptop & Accessory",5,Married,4,0,0.0,151.21,0,Retained,"4-12 Months (Medium Risk)"
9,13,3,"Mobile Phone",1,Single,3,0,1.0,146.78,0,Retained,"4-12 Months (Medium Risk)"
12,30,5,Fashion,3,Single,2,0,,220.26,0,Retained,"4-12 Months (Medium Risk)"
17,16,4,"Laptop & Accessory",3,Married,5,1,8.0,181.79,0,Retained,">12 Months (Low Risk)"
3,10,4,"Mobile Phone",5,Single,3,1,6.0,172.23,0,Retained,"0-3 Months (High Risk)"
1,15,5,"Mobile Phone",3,Single,3,1,3.0,164.89,1,Churned,"0-3 Months (High Risk)"
2,14,4,"Laptop & Accessory",2,Divorced,2,1,2.0,150.56,0,Retained,"0-3 Months (High Risk)"
7,16,3,"Mobile Phone",3,Married,2,1,0.0,138.15,0,Retained,"4-12 Months (Medium Risk)"
29,33,2,Others,4,Married,6,1,5.0,321.36,0,Retained,">12 Months (Low Risk)"
7,9,3,"Laptop & Accessory",2,Single,1,0,4.0,177.56,0,Retained,"4-12 Months (Medium Risk)"
10,8,5,"Laptop & Accessory",3,Married,2,0,3.0,168.74,0,Retained,"4-12 Months (Medium Risk)"
18,6,2,Others,2,Divorced,1,0,7.0,292.02,0,Retained,">12 Months (Low Risk)"
9,35,2,"Laptop & Accessory",3,Married,3,0,9.0,159.07,0,Retained,"4-12 Months (Medium Risk)"
18,7,4,"Laptop & Accessory",1,Married,6,1,3.0,182.43,0,Retained,">12 Months (Low Risk)"
0,11,3,Mobile,3,Single,2,1,2.0,134.41,1,Churned,"0-3 Months (High Risk)"
13,13,4,Fashion,4,Single,6,0,3.0,208.76,0,Retained,">12 Months (Low Risk)"
4,23,4,"Laptop & Accessory",3,Divorced,10,0,3.0,178.01,0,Retained,"4-12 Months (Medium Risk)"
3,17,4,"Mobile Phone",4,Married,3,0,3.0,147.97,0,Retained,"0-3 Months (High Risk)"
1,28,2,"Mobile Phone",1,Single,3,0,3.0,151.78,0,Retained,"0-3 Months (High Risk)"
15,9,4,Grocery,4,Single,3,0,5.0,285.15,0,Retained,">12 Months (Low Risk)"
30,30,4,Grocery,4,Married,6,1,10.0,259.02,0,Retained,">12 Months (Low Risk)"
21,23,2,"Laptop & Accessory",3,Married,3,1,8.0,175.67,0,Retained,">12 Months (Low Risk)"
1,7,6,"Mobile Phone",4,Single,9,1,8.0,147.16,1,Churned,"0-3 Months (High Risk)"
25,10,4,Grocery,4,Single,5,0,1.0,262.34,0,Retained,">12 Months (Low Risk)"
13,19,4,"Laptop & Accessory",4,Married,6,0,1.0,177.95,0,Retained,">12 Months (Low Risk)"
10,11,3,"Laptop & Accessory",2,Married,8,0,4.0,163.47,0,Retained,"4-12 Months (Medium Risk)"
14,25,3,"Laptop & Accessory",5,Married,3,0,0.0,130.72,0,Retained,">12 Months (Low Risk)"
14,14,3,"Laptop & Accessory",4,Married,6,0,4.0,143.93,0,Retained,">12 Months (Low Risk)"
0,14,2,"Laptop & Accessory",4,Divorced,1,0,2.0,148.51,0,Retained,"0-3 Months (High Risk)"
1,10,4,"Mobile Phone",5,Single,7,1,5.0,151.57,1,Churned,"0-3 Months (High Risk)"
19,8,3,"Laptop & Accessory",2,Married,3,0,4.0,173.79,0,Retained,">12 Months (Low Risk)"
19,24,3,Fashion,3,Married,6,0,2.0,205.27,0,Retained,">12 Months (Low Risk)"
1,14,4,"Mobile Phone",1,Married,3,1,3.0,147.75,1,Churned,"0-3 Months (High Risk)"
23,12,4,"Laptop & Accessory",3,Married,4,0,3.0,191.51,0,Retained,">12 Months (Low Risk)"
18,24,6,"Mobile Phone",3,Single,4,0,1.0,147.9,0,Retained,">12 Months (Low Risk)"
4,29,5,"Laptop & Accessory",3,Married,4,1,1.0,188.8,1,Churned,"4-12 Months (Medium Risk)"
18,26,5,Fashion,5,Married,3,1,7.0,208.51,0,Retained,">12 Months (Low Risk)"
16,25,4,"Laptop & Accessory",5,Married,8,1,3.0,179.1,0,Retained,">12 Months (Low Risk)"
17,15,4,"Laptop & Accessory",4,Married,6,0,1.0,172.65,0,Retained,">12 Months (Low Risk)"
1,7,4,"Mobile Phone",4,Single,3,0,2.0,145.96,0,Retained,"0-3 Months (High Risk)"
24,14,4,Fashion,4,Married,6,0,,224.89999999999998,0,Retained,">12 Months (Low Risk)"
19,8,3,Fashion,1,Married,4,0,7.0,185.78,0,Retained,">12 Months (Low Risk)"
1,27,4,Fashion,3,Married,5,0,,223.24,1,Churned,"0-3 Months (High Risk)"
17,13,3,Others,1,Married,1,1,10.0,290.49,0,Retained,">12 Months (Low Risk)"
1,9,5,"Mobile Phone",3,Single,3,0,3.0,145.44,1,Churned,"0-3 Months (High Risk)"
25,5,3,Fashion,4,Single,8,0,0.0,204.45,0,Retained,">12 Months (Low Risk)"
8,14,3,"Mobile Phone",3,Single,2,0,4.0,143.23,0,Retained,"4-12 Months (Medium Risk)"
12,27,4,"Laptop & Accessory",1,Married,4,1,4.0,161.2,0,Retained,"4-12 Months (Medium Risk)"
19,13,4,Fashion,5,Married,6,1,1.0,257.45,0,Retained,">12 Months (Low Risk)"
14,21,4,"Laptop & Accessory",5,Married,3,0,3.0,171.39,0,Retained,">12 Months (Low Risk)"
9,25,2,"Laptop & Accessory",5,Married,3,0,11.0,177.08,0,Retained,"4-12 Months (Medium Risk)"
17,26,3,Mobile,4,Single,2,0,3.0,134.2,0,Retained,">12 Months (Low Risk)"
1,15,4,"Mobile Phone",3,Single,3,0,1.0,144.04,1,Churned,"0-3 Months (High Risk)"
13,15,3,"Laptop & Accessory",5,Married,1,0,1.0,154.73,0,Retained,">12 Months (Low Risk)"
1,9,3,Mobile,4,Married,2,0,0.0,128.56,0,Retained,"0-3 Months (High Risk)"
12,22,5,Fashion,1,Married,2,1,10.0,240.10000000000002,0,Retained,"4-12 Months (Medium Risk)"
21,13,3,"Laptop & Accessory",5,Married,5,0,2.0,154.86,0,Retained,">12 Months (Low Risk)"
7,10,4,"Mobile Phone",4,Married,5,1,4.0,147.77,0,Retained,"4-12 Months (Medium Risk)"
6,9,4,"Laptop & Accessory",3,Single,6,1,8.0,174.98,0,Retained,"4-12 Months (Medium Risk)"
5,7,4,"Laptop & Accessory",5,Divorced,3,0,4.0,166.48,0,Retained,"4-12 Months (Medium Risk)"
5,7,4,"Laptop & Accessory",2,Single,10,1,6.0,184.93,1,Churned,"4-12 Months (Medium Risk)"
6,10,4,"Mobile Phone",4,Married,9,0,2.0,138.38,0,Retained,"4-12 Months (Medium Risk)"
29,9,4,Grocery,1,Single,4,1,3.0,291.59,0,Retained,">12 Months (Low Risk)"
0,6,4,"Mobile Phone",5,Married,2,0,3.0,139.55,0,Retained,"0-3 Months (High Risk)"
12,17,4,"Laptop & Accessory",1,Married,3,0,10.0,178.43,0,Retained,"4-12 Months (Medium Risk)"
19,14,4,"Laptop & Accessory",5,Married,9,1,7.0,146.15,0,Retained,">12 Months (Low Risk)"
0,11,3,Mobile,1,Single,2,0,2.0,131.17,0,Retained,"0-3 Months (High Risk)"
11,16,3,Mobile,3,Divorced,1,0,2.0,126.84,0,Retained,"4-12 Months (Medium Risk)"
0,18,3,"Laptop & Accessory",1,Single,4,1,7.0,145.81,1,Churned,"0-3 Months (High Risk)"
10,8,4,"Laptop & Accessory",1,Married,6,0,0.0,151.63,0,Retained,"4-12 Months (Medium Risk)"
13,13,2,Fashion,3,Married,4,0,7.0,207.37,0,Retained,">12 Months (Low Risk)"
1,25,4,"Mobile Phone",2,Single,3,0,1.0,151.93,1,Churned,"0-3 Months (High Risk)"
2,9,3,"Mobile Phone",5,Single,2,1,5.0,147.23,0,Retained,"0-3 Months (High Risk)"
21,11,5,Fashion,4,Married,10,1,,228.33,0,Retained,">12 Months (Low Risk)"
14,33,5,"Laptop & Accessory",1,Married,5,1,1.0,169.22,0,Retained,">12 Months (Low Risk)"
3,27,4,"Laptop & Accessory",1,Married,4,0,3.0,194.31,0,Retained,"0-3 Months (High Risk)"
19,15,4,"Laptop & Accessory",1,Married,11,0,9.0,161.97,0,Retained,">12 Months (Low Risk)"
26,7,4,Grocery,2,Divorced,4,0,9.0,295.99,0,Retained,">12 Months (Low Risk)"
19,14,4,"Laptop & Accessory",5,Married,9,1,7.0,146.15,0,Retained,">12 Months (Low Risk)"
3,27,4,"Mobile Phone",1,Married,3,0,11.0,163.12,0,Retained,"0-3 Months (High Risk)"
19,20,3,"Mobile Phone",4,Married,10,1,3.0,149.63,1,Churned,">12 Months (Low Risk)"
27,9,5,Fashion,4,Married,4,0,13.0,200.25,0,Retained,">12 Months (Low Risk)"
3,15,3,"Laptop & Accessory",5,Married,2,0,10.0,130.72,0,Retained,"0-3 Months (High Risk)"
0,10,4,"Mobile Phone",3,Single,6,0,2.0,138.94,1,Churned,"0-3 Months (High Risk)"
22,11,3,"Laptop & Accessory",3,Divorced,3,0,2.0,166.51,0,Retained,">12 Months (Low Risk)"
13,31,5,Grocery,1,Married,2,0,7.0,245.31,0,Retained,">12 Months (Low Risk)"
0,8,3,Mobile,3,Single,3,0,0.0,134.85,1,Churned,"0-3 Months (High Risk)"
15,8,3,Others,3,Married,6,0,14.0,288.8,0,Retained,">12 Months (Low Risk)"
20,20,3,"Laptop & Accessory",4,Married,9,0,7.0,154.67,0,Retained,">12 Months (Low Risk)"
11,18,4,"Laptop & Accessory",5,Married,3,0,2.0,162.88,0,Retained,"4-12 Months (Medium Risk)"
1,11,5,"Mobile Phone",3,Single,7,0,3.0,163.94,1,Churned,"0-3 Months (High Risk)"
1,9,4,"Mobile Phone",5,Divorced,9,0,8.0,152.07,1,Churned,"0-3 Months (High Risk)"
1,11,5,"Laptop & Accessory",1,Single,3,1,4.0,169.87,0,Retained,"0-3 Months (High Risk)"
8,10,4,"Mobile Phone",2,Divorced,2,0,3.0,162.37,0,Retained,"4-12 Months (Medium Risk)"
19,24,3,Fashion,3,Divorced,6,0,2.0,205.27,0,Retained,">12 Months (Low Risk)"
1,24,5,"Mobile Phone",1,Married,7,0,4.0,148.67,1,Churned,"0-3 Months (High Risk)"
3,17,4,"Mobile Phone",3,Single,3,0,1.0,151.42,0,Retained,"0-3 Months (High Risk)"
14,14,4,Others,4,Single,3,0,9.0,323.33,0,Retained,">12 Months (Low Risk)"
7,17,5,"Laptop & Accessory",1,Single,5,0,2.0,171.82,0,Retained,"4-12 Months (Medium Risk)"
8,26,5,"Mobile Phone",1,Married,3,0,8.0,154.29,0,Retained,"4-12 Months (Medium Risk)"
14,11,5,Fashion,1,Married,9,0,12.0,233.55,0,Retained,">12 Months (Low Risk)"
28,26,4,"Laptop & Accessory",5,Married,11,1,5.0,179.85,0,Retained,">12 Months (Low Risk)"
9,16,4,"Laptop & Accessory",3,Married,2,1,7.0,156.73,0,Retained,"4-12 Months (Medium Risk)"
1,13,3,"Laptop & Accessory",5,Single,1,0,3.0,148.98,0,Retained,"0-3 Months (High Risk)"
10,10,5,Fashion,1,Married,2,0,5.0,201.44,0,Retained,"4-12 Months (Medium Risk)"
6,12,4,"Mobile Phone",4,Single,4,0,8.0,152.18,0,Retained,"4-12 Months (Medium Risk)"
30,16,4,"Mobile Phone",3,Married,4,0,4.0,154.42,0,Retained,">12 Months (Low Risk)"
4,17,5,"Laptop & Accessory",3,Married,3,0,5.0,190.78,0,Retained,"4-12 Months (Medium Risk)"
15,9,1,"Laptop & Accessory",2,Divorced,3,1,3.0,152.31,0,Retained,">12 Months (Low Risk)"
28,8,3,Grocery,1,Single,3,1,2.0,266.59,0,Retained,">12 Months (Low Risk)"
1,13,6,"Mobile Phone",3,Married,2,0,1.0,148.51,1,Churned,"0-3 Months (High Risk)"
9,15,5,Fashion,2,Divorced,6,1,,228.77,0,Retained,"4-12 Months (Medium Risk)"
9,14,4,Fashion,3,Single,5,0,,227.21,0,Retained,"4-12 Months (Medium Risk)"
15,19,1,"Laptop & Accessory",5,Married,6,0,0.0,155.38,0,Retained,">12 Months (Low Risk)"
1,9,4,"Mobile Phone",3,Single,4,0,1.0,159.85,1,Churned,"0-3 Months (High Risk)"
1,7,4,"Mobile Phone",3,Single,2,0,6.0,145.58,1,Churned,"0-3 Months (High Risk)"
9,25,4,"Laptop & Accessory",3,Married,3,0,1.0,171.01,0,Retained,"4-12 Months (Medium Risk)"
7,35,4,"Laptop & Accessory",3,Married,3,1,8.0,177.07,0,Retained,"4-12 Months (Medium Risk)"
9,9,4,"Laptop & Accessory",4,Single,7,0,3.0,169.25,0,Retained,"4-12 Months (Medium Risk)"
7,10,3,"Laptop & Accessory",3,Divorced,10,0,2.0,165.38,0,Retained,"4-12 Months (Medium Risk)"
0,8,1,"Laptop & Accessory",3,Married,2,0,7.0,152.06,0,Retained,"0-3 Months (High Risk)"
20,7,5,Fashion,5,Married,4,1,6.0,231.73000000000002,0,Retained,">12 Months (Low Risk)"
3,13,4,"Mobile Phone",2,Divorced,3,0,9.0,156.31,0,Retained,"0-3 Months (High Risk)"
1,8,4,"Mobile Phone",3,Married,5,0,3.0,154.09,1,Churned,"0-3 Months (High Risk)"
1,10,4,"Mobile Phone",1,Married,3,0,1.0,145.61,0,Retained,"0-3 Months (High Risk)"
24,27,4,Grocery,3,Married,4,1,14.0,237.45,0,Retained,">12 Months (Low Risk)"
11,12,2,"Mobile Phone",3,Single,2,0,4.0,160,0,Retained,"4-12 Months (Medium Risk)"
1,27,4,Fashion,3,Divorced,5,0,,223.24,1,Churned,"0-3 Months (High Risk)"
20,9,4,Others,1,Married,9,1,3.0,318.28,0,Retained,">12 Months (Low Risk)"
25,35,3,Mobile,1,Married,3,0,0.0,134.82,0,Retained,">12 Months (Low Risk)"
0,10,4,"Laptop & Accessory",5,Married,2,0,3.0,142.56,0,Retained,"0-3 Months (High Risk)"
14,10,5,"Laptop & Accessory",4,Married,7,0,2.0,164.3,0,Retained,">12 Months (Low Risk)"
1,15,2,"Mobile Phone",3,Married,9,0,3.0,160.17,0,Retained,"0-3 Months (High Risk)"
19,9,4,"Laptop & Accessory",1,Single,6,0,4.0,176.6,1,Churned,">12 Months (Low Risk)"
31,23,4,"Laptop & Accessory",5,Single,10,0,3.0,179.05,0,Retained,">12 Months (Low Risk)"
8,9,4,"Mobile Phone",3,Married,8,0,3.0,147.31,0,Retained,"4-12 Months (Medium Risk)"
7,6,1,"Laptop & Accessory",2,Married,1,0,9.0,197.25,0,Retained,"4-12 Months (Medium Risk)"
1,11,3,"Mobile Phone",5,Divorced,4,0,3.0,153.19,0,Retained,"0-3 Months (High Risk)"
8,6,4,Mobile,3,Single,2,0,4.0,128.59,0,Retained,"4-12 Months (Medium Risk)"
6,15,4,Fashion,1,Single,3,0,,214.98,0,Retained,"4-12 Months (Medium Risk)"
4,26,1,Mobile,2,Divorced,1,0,2.0,127.91,0,Retained,"4-12 Months (Medium Risk)"
4,7,6,"Mobile Phone",3,Married,5,0,3.0,163.33,0,Retained,"4-12 Months (Medium Risk)"
9,7,5,"Laptop & Accessory",2,Divorced,2,0,1.0,178.63,0,Retained,"4-12 Months (Medium Risk)"
2,8,3,"Laptop & Accessory",3,Married,2,0,2.0,146.49,0,Retained,"0-3 Months (High Risk)"
30,7,5,Fashion,1,Married,4,0,0.0,208.82999999999998,0,Retained,">12 Months (Low Risk)"
1,23,4,Fashion,3,Married,4,0,1.0,206.61,1,Churned,"0-3 Months (High Risk)"
23,18,3,Fashion,1,Single,5,0,1.0,192.08,0,Retained,">12 Months (Low Risk)"
2,7,4,"Mobile Phone",1,Married,3,0,3.0,152.06,0,Retained,"0-3 Months (High Risk)"
18,35,3,Fashion,1,Divorced,5,1,2.0,193.8,0,Retained,">12 Months (Low Risk)"
17,11,3,Others,4,Married,8,0,10.0,282.13,0,Retained,">12 Months (Low Risk)"
19,16,4,"Laptop & Accessory",4,Married,10,0,16.0,148.48,0,Retained,">12 Months (Low Risk)"
5,8,3,"Laptop & Accessory",4,Married,1,0,6.0,154.7,0,Retained,"4-12 Months (Medium Risk)"
10,9,5,"Laptop & Accessory",1,Single,3,0,9.0,163.86,0,Retained,"4-12 Months (Medium Risk)"
0,32,3,"Laptop & Accessory",2,Single,2,0,4.0,161.8,0,Retained,"0-3 Months (High Risk)"
26,36,4,"Mobile Phone",1,Married,4,0,1.0,159.82,0,Retained,">12 Months (Low Risk)"
10,15,4,"Laptop & Accessory",4,Married,2,0,3.0,141.89,0,Retained,"4-12 Months (Medium Risk)"
8,14,4,"Mobile Phone",3,Married,2,1,8.0,148.08,0,Retained,"4-12 Months (Medium Risk)"
24,18,4,Others,4,Single,5,0,5.0,324.26,0,Retained,">12 Months (Low Risk)"
1,13,6,"Laptop & Accessory",3,Divorced,6,1,8.0,186.72,1,Churned,"0-3 Months (High Risk)"
10,15,3,Fashion,5,Divorced,11,0,6.0,242.13,0,Retained,"4-12 Months (Medium Risk)"
14,13,4,Grocery,3,Single,9,0,14.0,257.37,0,Retained,">12 Months (Low Risk)"
31,23,4,"Laptop & Accessory",5,Single,10,0,3.0,179.05,0,Retained,">12 Months (Low Risk)"
8,14,4,"Mobile Phone",1,Single,3,0,1.0,154.72,0,Retained,"4-12 Months (Medium Risk)"
9,33,3,"Laptop & Accessory",3,Married,7,0,7.0,152.37,0,Retained,"4-12 Months (Medium Risk)"
4,14,4,"Mobile Phone",4,Single,2,0,3.0,154.83,0,Retained,"4-12 Months (Medium Risk)"
2,12,4,"Laptop & Accessory",2,Single,3,0,3.0,174.08,0,Retained,"0-3 Months (High Risk)"
17,34,1,Grocery,1,Married,4,1,11.0,233.2,0,Retained,">12 Months (Low Risk)"
5,13,2,"Laptop & Accessory",1,Married,6,0,8.0,179.6,0,Retained,"4-12 Months (Medium Risk)"
14,16,4,"Laptop & Accessory",3,Married,5,0,8.0,164.75,0,Retained,">12 Months (Low Risk)"
1,27,4,"Mobile Phone",4,Married,2,1,5.0,146.48,1,Churned,"0-3 Months (High Risk)"
5,11,4,"Laptop & Accessory",4,Single,3,0,,218.55,1,Churned,"4-12 Months (Medium Risk)"
3,15,5,"Laptop & Accessory",2,Divorced,3,1,3.0,175.56,0,Retained,"0-3 Months (High Risk)"
24,6,3,Mobile,1,Married,2,0,0.0,127.22999999999999,0,Retained,">12 Months (Low Risk)"
1,17,5,"Mobile Phone",3,Single,3,0,1.0,137,0,Retained,"0-3 Months (High Risk)"
12,14,3,"Laptop & Accessory",5,Married,3,1,8.0,181.05,0,Retained,"4-12 Months (Medium Risk)"
1,33,4,"Laptop & Accessory",1,Married,3,1,9.0,181.17,1,Churned,"0-3 Months (High Risk)"
20,6,3,Fashion,4,Married,1,0,,219.57,0,Retained,">12 Months (Low Risk)"
20,9,4,Grocery,3,Married,8,0,2.0,303.61,0,Retained,">12 Months (Low Risk)"
18,12,5,"Mobile Phone",3,Single,5,0,4.0,156.62,0,Retained,">12 Months (Low Risk)"
10,16,2,"Mobile Phone",4,Married,3,0,3.0,153.1,0,Retained,"4-12 Months (Medium Risk)"
12,9,4,"Mobile Phone",4,Married,7,0,9.0,150.92,0,Retained,"4-12 Months (Medium Risk)"
15,14,3,Others,2,Married,2,0,9.0,284.3,0,Retained,">12 Months (Low Risk)"
28,8,3,Grocery,2,Single,3,1,2.0,266.59,0,Retained,">12 Months (Low Risk)"
10,10,4,"Laptop & Accessory",4,Single,6,0,8.0,169.85,0,Retained,"4-12 Months (Medium Risk)"
27,25,3,"Laptop & Accessory",5,Married,10,1,4.0,154.85,0,Retained,">12 Months (Low Risk)"
20,8,3,"Laptop & Accessory",2,Married,6,0,4.0,150.7,0,Retained,">12 Months (Low Risk)"
0,33,3,"Laptop & Accessory",1,Single,2,1,7.0,158.13,1,Churned,"0-3 Months (High Risk)"
6,17,4,"Mobile Phone",3,Married,8,0,4.0,159.33,0,Retained,"4-12 Months (Medium Risk)"
13,6,3,"Laptop & Accessory",3,Single,4,1,0.0,147.28,1,Churned,">12 Months (Low Risk)"
0,33,3,Fashion,1,Married,2,0,9.0,176.39,1,Churned,"0-3 Months (High Risk)"
7,7,4,"Laptop & Accessory",5,Single,1,0,9.0,153.43,0,Retained,"4-12 Months (Medium Risk)"
10,16,4,Fashion,1,Married,6,0,,225.96,1,Churned,"4-12 Months (Medium Risk)"
8,34,4,"Mobile Phone",4,Single,4,0,3.0,148.11,0,Retained,"4-12 Months (Medium Risk)"
1,7,6,"Mobile Phone",5,Single,2,0,1.0,148.25,1,Churned,"0-3 Months (High Risk)"
1,9,2,"Laptop & Accessory",3,Single,2,0,8.0,190,0,Retained,"0-3 Months (High Risk)"
1,35,3,"Laptop & Accessory",5,Married,8,1,0.0,166.73,1,Churned,"0-3 Months (High Risk)"
4,6,5,"Laptop & Accessory",5,Married,2,0,7.0,150.03,0,Retained,"4-12 Months (Medium Risk)"
14,9,4,"Laptop & Accessory",2,Single,3,0,9.0,171.61,0,Retained,">12 Months (Low Risk)"
6,11,3,"Laptop & Accessory",2,Divorced,7,0,2.0,199.98,0,Retained,"4-12 Months (Medium Risk)"
19,32,5,"Laptop & Accessory",1,Married,2,0,9.0,184.06,0,Retained,">12 Months (Low Risk)"
18,34,4,Grocery,4,Single,2,0,6.0,267.04,0,Retained,">12 Months (Low Risk)"
19,9,4,"Laptop & Accessory",3,Married,6,0,8.0,176.54,0,Retained,">12 Months (Low Risk)"
11,21,4,"Mobile Phone",5,Married,3,0,18.0,155.34,0,Retained,"4-12 Months (Medium Risk)"
1,21,4,"Mobile Phone",2,Divorced,7,1,5.0,149.36,1,Churned,"0-3 Months (High Risk)"
15,19,4,"Mobile Phone",2,Divorced,5,1,1.0,172.66,0,Retained,">12 Months (Low Risk)"
13,19,4,"Laptop & Accessory",4,Married,6,0,1.0,177.95,0,Retained,">12 Months (Low Risk)"
1,26,2,"Laptop & Accessory",1,Single,10,1,5.0,178.04,1,Churned,"0-3 Months (High Risk)"
13,15,4,"Mobile Phone",3,Married,3,0,8.0,162.55,0,Retained,">12 Months (Low Risk)"
21,10,4,Grocery,1,Married,3,0,2.0,252.01999999999998,0,Retained,">12 Months (Low Risk)"
0,11,1,"Laptop & Accessory",5,Married,2,0,5.0,140,0,Retained,"0-3 Months (High Risk)"
6,11,5,"Laptop & Accessory",3,Married,3,0,9.0,186.62,0,Retained,"4-12 Months (Medium Risk)"
15,8,3,Fashion,1,Married,3,1,9.0,201.24,0,Retained,">12 Months (Low Risk)"
4,35,4,"Laptop & Accessory",2,Divorced,3,0,10.0,182.75,0,Retained,"4-12 Months (Medium Risk)"
12,9,4,"Mobile Phone",2,Divorced,3,1,1.0,142.02,0,Retained,"4-12 Months (Medium Risk)"
4,8,3,Mobile,2,Married,1,1,2.0,126.94999999999999,0,Retained,"4-12 Months (Medium Risk)"
0,19,3,"Laptop & Accessory",4,Single,6,0,0.0,157.65,1,Churned,"0-3 Months (High Risk)"
24,20,3,"Laptop & Accessory",2,Divorced,5,0,7.0,149.36,0,Retained,">12 Months (Low Risk)"
12,30,4,"Laptop & Accessory",1,Married,11,0,3.0,182.45,0,Retained,"4-12 Months (Medium Risk)"
0,19,3,"Laptop & Accessory",5,Married,3,0,2.0,142.33,1,Churned,"0-3 Months (High Risk)"
14,6,2,Fashion,5,Divorced,2,0,7.0,183.92,0,Retained,">12 Months (Low Risk)"
8,15,4,"Laptop & Accessory",4,Single,10,0,0.0,165.4,0,Retained,"4-12 Months (Medium Risk)"
17,15,4,"Laptop & Accessory",3,Married,6,1,3.0,170.22,0,Retained,">12 Months (Low Risk)"
9,9,3,Mobile,1,Married,6,0,0.0,128.35,0,Retained,"4-12 Months (Medium Risk)"
14,23,4,"Mobile Phone",3,Married,11,0,1.0,160.44,0,Retained,">12 Months (Low Risk)"
5,14,1,"Laptop & Accessory",1,Married,2,0,8.0,162.09,0,Retained,"4-12 Months (Medium Risk)"
11,8,1,"Laptop & Accessory",5,Single,7,1,12.0,159.8,0,Retained,"4-12 Months (Medium Risk)"
21,12,4,"Laptop & Accessory",3,Single,3,0,2.0,142.4,0,Retained,">12 Months (Low Risk)"
10,9,4,"Mobile Phone",3,Married,6,0,3.0,150.43,0,Retained,"4-12 Months (Medium Risk)"
19,8,3,Others,5,Single,4,0,1.0,289.47,0,Retained,">12 Months (Low Risk)"
0,7,4,Mobile,3,Married,2,1,0.0,129.33,0,Retained,"0-3 Months (High Risk)"
0,23,3,Mobile,3,Married,1,1,0.0,127.41,1,Churned,"0-3 Months (High Risk)"
16,33,4,Grocery,4,Divorced,7,0,9.0,260.25,0,Retained,">12 Months (Low Risk)"
6,13,4,"Laptop & Accessory",3,Single,3,0,8.0,175.1,0,Retained,"4-12 Months (Medium Risk)"
18,16,4,"Mobile Phone",5,Married,3,1,2.0,150.59,0,Retained,">12 Months (Low Risk)"
6,9,4,"Mobile Phone",4,Divorced,3,0,8.0,148.7,0,Retained,"4-12 Months (Medium Risk)"
17,10,3,"Laptop & Accessory",4,Single,10,0,3.0,159.33,0,Retained,">12 Months (Low Risk)"
17,22,5,"Laptop & Accessory",2,Divorced,5,0,3.0,193.04,0,Retained,">12 Months (Low Risk)"
2,8,5,"Mobile Phone",3,Married,3,0,1.0,140.63,0,Retained,"0-3 Months (High Risk)"
31,12,5,Fashion,4,Married,4,1,,230.52,0,Retained,">12 Months (Low Risk)"
17,8,1,Fashion,1,Married,2,1,7.0,178.79,0,Retained,">12 Months (Low Risk)"
4,7,4,"Mobile Phone",3,Married,2,0,4.0,145.64,0,Retained,"4-12 Months (Medium Risk)"
0,29,4,"Laptop & Accessory",3,Married,2,0,8.0,135.4,0,Retained,"0-3 Months (High Risk)"
7,16,4,"Laptop & Accessory",3,Married,2,0,7.0,150.63,0,Retained,"4-12 Months (Medium Risk)"
8,16,3,"Laptop & Accessory",3,Single,4,1,4.0,161.42,0,Retained,"4-12 Months (Medium Risk)"
19,9,4,"Laptop & Accessory",3,Married,6,0,8.0,176.54,0,Retained,">12 Months (Low Risk)"
5,16,3,Fashion,1,Single,3,0,,212.44,0,Retained,"4-12 Months (Medium Risk)"
10,9,3,Fashion,3,Married,2,0,8.0,194.34,0,Retained,"4-12 Months (Medium Risk)"
19,6,3,Others,1,Married,10,0,2.0,296.27,0,Retained,">12 Months (Low Risk)"
7,28,4,"Laptop & Accessory",1,Married,2,1,11.0,157.47,0,Retained,"4-12 Months (Medium Risk)"
14,15,4,"Laptop & Accessory",1,Married,5,1,3.0,165.69,0,Retained,">12 Months (Low Risk)"
8,8,4,"Mobile Phone",1,Single,1,1,4.0,149.3,0,Retained,"4-12 Months (Medium Risk)"
16,9,2,"Laptop & Accessory",5,Married,9,0,4.0,187.72,0,Retained,">12 Months (Low Risk)"
7,28,2,"Mobile Phone",4,Married,3,0,14.0,145.28,0,Retained,"4-12 Months (Medium Risk)"
0,31,1,Mobile,2,Single,2,1,1.0,129.94,0,Retained,"0-3 Months (High Risk)"
1,16,4,"Laptop & Accessory",1,Single,3,0,8.0,166.05,0,Retained,"0-3 Months (High Risk)"
20,10,2,Grocery,5,Married,4,0,9.0,257.25,0,Retained,">12 Months (Low Risk)"
8,31,4,Fashion,4,Divorced,4,0,8.0,209.02999999999997,0,Retained,"4-12 Months (Medium Risk)"
5,9,4,"Laptop & Accessory",1,Single,6,1,6.0,190.82,0,Retained,"4-12 Months (Medium Risk)"
11,26,4,"Laptop & Accessory",3,Married,5,0,3.0,182.68,0,Retained,"4-12 Months (Medium Risk)"
4,8,3,Mobile,3,Married,2,0,3.0,134.77,0,Retained,"4-12 Months (Medium Risk)"
1,32,4,"Mobile Phone",2,Single,3,1,2.0,152.95,1,Churned,"0-3 Months (High Risk)"
12,25,3,"Laptop & Accessory",1,Married,9,0,2.0,139.02,0,Retained,"4-12 Months (Medium Risk)"
7,11,4,"Laptop & Accessory",1,Married,2,0,13.0,139.86,0,Retained,"4-12 Months (Medium Risk)"
18,11,5,"Laptop & Accessory",5,Single,2,1,4.0,157.69,0,Retained,">12 Months (Low Risk)"
4,13,3,"Laptop & Accessory",1,Married,4,0,7.0,159.15,0,Retained,"4-12 Months (Medium Risk)"
0,25,1,"Laptop & Accessory",1,Single,9,1,4.0,153.04,1,Churned,"0-3 Months (High Risk)"
1,8,5,"Laptop & Accessory",3,Single,3,0,3.0,171.17,0,Retained,"0-3 Months (High Risk)"
1,13,4,"Mobile Phone",2,Divorced,3,1,3.0,151.59,0,Retained,"0-3 Months (High Risk)"
1,12,4,"Mobile Phone",4,Single,2,0,3.0,149.22,1,Churned,"0-3 Months (High Risk)"
8,11,3,Fashion,4,Single,1,0,13.0,180.95,0,Retained,"4-12 Months (Medium Risk)"
0,19,3,"Laptop & Accessory",3,Single,4,1,2.0,198.54,1,Churned,"0-3 Months (High Risk)"
13,28,6,"Laptop & Accessory",3,Married,8,0,3.0,182.36,0,Retained,">12 Months (Low Risk)"
1,9,4,"Mobile Phone",5,Married,2,0,3.0,155.41,1,Churned,"0-3 Months (High Risk)"
28,6,3,Others,5,Single,1,1,13.0,290.45,0,Retained,">12 Months (Low Risk)"
13,9,4,Mobile,3,Divorced,2,1,2.0,126.83000000000001,1,Churned,">12 Months (Low Risk)"
16,21,4,"Laptop & Accessory",1,Married,4,0,2.0,168.04,0,Retained,">12 Months (Low Risk)"
4,7,4,"Mobile Phone",4,Married,3,0,8.0,162.48,0,Retained,"4-12 Months (Medium Risk)"
20,8,4,Mobile,2,Single,2,1,2.0,132.94,0,Retained,">12 Months (Low Risk)"
0,33,3,Fashion,2,Divorced,2,0,9.0,176.39,1,Churned,"0-3 Months (High Risk)"
3,35,3,"Laptop & Accessory",5,Married,9,0,3.0,141.15,0,Retained,"0-3 Months (High Risk)"
3,30,2,"Mobile Phone",3,Married,3,0,8.0,152,0,Retained,"0-3 Months (High Risk)"
14,13,4,Grocery,1,Single,3,1,8.0,289.37,0,Retained,">12 Months (Low Risk)"
19,19,3,"Laptop & Accessory",4,Single,7,0,9.0,155.62,0,Retained,">12 Months (Low Risk)"
0,13,4,Fashion,2,Married,10,0,,215.57,0,Retained,"0-3 Months (High Risk)"
4,12,2,"Laptop & Accessory",2,Married,5,0,7.0,154.6,0,Retained,"4-12 Months (Medium Risk)"
31,7,5,"Laptop & Accessory",3,Single,9,0,4.0,179.73,0,Retained,">12 Months (Low Risk)"
25,25,3,"Mobile Phone",1,Married,1,0,2.0,142.58,0,Retained,">12 Months (Low Risk)"
8,13,3,Fashion,3,Single,4,0,6.0,202.21,0,Retained,"4-12 Months (Medium Risk)"
0,24,1,Mobile,5,Married,1,0,0.0,129.56,1,Churned,"0-3 Months (High Risk)"
0,15,4,Mobile,3,Divorced,1,1,0.0,133.88,1,Churned,"0-3 Months (High Risk)"
9,15,4,"Laptop & Accessory",3,Married,3,0,10.0,166.48,0,Retained,"4-12 Months (Medium Risk)"
9,25,4,"Laptop & Accessory",5,Married,2,0,5.0,25,0,Retained,"4-12 Months (Medium Risk)"
11,14,4,Fashion,3,Single,6,0,3.0,261.64,0,Retained,"4-12 Months (Medium Risk)"
1,17,4,"Laptop & Accessory",5,Single,3,0,9.0,167.13,1,Churned,"0-3 Months (High Risk)"
2,8,4,"Laptop & Accessory",4,Married,3,0,0.0,166.44,0,Retained,"0-3 Months (High Risk)"
5,8,3,"Laptop & Accessory",3,Single,5,1,7.0,149.98,0,Retained,"4-12 Months (Medium Risk)"
9,6,5,Fashion,5,Married,3,1,7.0,202.52,0,Retained,"4-12 Months (Medium Risk)"
2,11,4,"Laptop & Accessory",4,Married,2,1,9.0,141.87,0,Retained,"0-3 Months (High Risk)"
14,12,3,Fashion,2,Single,4,1,0.0,235.91000000000003,0,Retained,">12 Months (Low Risk)"
19,6,3,Fashion,5,Married,8,0,3.0,193.96,0,Retained,">12 Months (Low Risk)"
1,14,4,"Mobile Phone",3,Married,5,1,8.0,158.39,1,Churned,"0-3 Months (High Risk)"
16,35,5,"Laptop & Accessory",2,Divorced,2,0,5.0,170.23,0,Retained,">12 Months (Low Risk)"
11,7,4,Fashion,1,Single,6,0,3.0,199.91,0,Retained,"4-12 Months (Medium Risk)"
1,13,2,"Mobile Phone",5,Divorced,3,1,1.0,141.01,1,Churned,"0-3 Months (High Risk)"
7,9,5,"Laptop & Accessory",5,Single,4,0,12.0,147.59,0,Retained,"4-12 Months (Medium Risk)"
6,31,4,"Laptop & Accessory",4,Single,2,0,2.0,143.2,0,Retained,"4-12 Months (Medium Risk)"
12,9,5,"Mobile Phone",4,Married,6,0,6.0,149.68,0,Retained,"4-12 Months (Medium Risk)"
1,12,4,"Mobile Phone",4,Single,3,1,1.0,143.78,1,Churned,"0-3 Months (High Risk)"
1,29,4,"Mobile Phone",3,Single,3,0,3.0,159.47,0,Retained,"0-3 Months (High Risk)"
26,19,2,"Laptop & Accessory",5,Married,2,0,3.0,144.5,0,Retained,">12 Months (Low Risk)"
16,7,5,"Laptop & Accessory",1,Married,11,1,3.0,185.62,0,Retained,">12 Months (Low Risk)"
0,14,4,"Laptop & Accessory",5,Single,7,0,2.0,153.26,1,Churned,"0-3 Months (High Risk)"
17,14,1,Mobile,1,Married,3,1,2.0,128.18,0,Retained,">12 Months (Low Risk)"
31,8,6,Fashion,1,Married,5,0,1.0,233.82999999999998,0,Retained,">12 Months (Low Risk)"
0,10,4,"Mobile Phone",3,Single,6,0,2.0,138.94,1,Churned,"0-3 Months (High Risk)"
5,14,4,"Laptop & Accessory",2,Married,6,0,8.0,200.47,0,Retained,"4-12 Months (Medium Risk)"
19,9,5,"Mobile Phone",3,Single,3,0,1.0,147.74,0,Retained,">12 Months (Low Risk)"
8,9,5,"Mobile Phone",3,Married,5,0,8.0,152.68,0,Retained,"4-12 Months (Medium Risk)"
9,7,4,"Laptop & Accessory",3,Single,3,0,4.0,173.59,0,Retained,"4-12 Months (Medium Risk)"
31,7,4,Fashion,1,Married,5,1,5.0,244.04000000000002,0,Retained,">12 Months (Low Risk)"
6,16,4,"Laptop & Accessory",1,Single,4,0,1.0,146.82,0,Retained,"4-12 Months (Medium Risk)"
10,9,4,"Mobile Phone",1,Single,5,1,3.0,151.44,0,Retained,"4-12 Months (Medium Risk)"
1,15,4,"Laptop & Accessory",3,Married,2,1,5.0,174.07,0,Retained,"0-3 Months (High Risk)"
4,14,4,"Mobile Phone",5,Single,5,1,4.0,146.66,1,Churned,"4-12 Months (Medium Risk)"
18,8,5,"Laptop & Accessory",3,Single,1,0,1.0,166.32,0,Retained,">12 Months (Low Risk)"
18,32,4,"Laptop & Accessory",5,Married,2,0,5.0,143.85,0,Retained,">12 Months (Low Risk)"
5,10,4,Fashion,3,Married,11,0,3.0,261.75,0,Retained,"4-12 Months (Medium Risk)"
3,8,4,"Laptop & Accessory",2,Single,6,1,0.0,168.77,0,Retained,"0-3 Months (High Risk)"
3,13,4,"Mobile Phone",1,Married,3,0,9.0,156.31,0,Retained,"0-3 Months (High Risk)"
27,31,2,Fashion,1,Married,5,0,3.0,195.05,0,Retained,">12 Months (Low Risk)"
13,13,3,Others,4,Single,2,0,8.0,298.33,0,Retained,">12 Months (Low Risk)"
8,31,3,Fashion,3,Married,2,1,1.0,203.88,0,Retained,"4-12 Months (Medium Risk)"
23,6,4,"Mobile Phone",3,Married,3,0,2.0,136.9,0,Retained,">12 Months (Low Risk)"
16,30,3,Fashion,5,Single,7,1,2.0,204.48,1,Churned,">12 Months (Low Risk)"
12,21,4,"Laptop & Accessory",4,Married,2,0,,224.24,0,Retained,"4-12 Months (Medium Risk)"
19,7,2,Others,1,Married,2,0,8.0,317.02,0,Retained,">12 Months (Low Risk)"
15,14,3,"Laptop & Accessory",4,Married,1,0,2.0,168.25,0,Retained,">12 Months (Low Risk)"
15,8,4,"Laptop & Accessory",5,Married,2,0,8.0,166.03,0,Retained,">12 Months (Low Risk)"
8,13,4,Mobile,1,Married,2,0,1.0,126.9,0,Retained,"4-12 Months (Medium Risk)"
16,33,4,Grocery,4,Married,7,0,9.0,260.25,0,Retained,">12 Months (Low Risk)"
14,9,4,"Mobile Phone",5,Married,6,0,3.0,158.77,0,Retained,">12 Months (Low Risk)"
1,9,5,"Laptop & Accessory",4,Single,9,1,,224.07,1,Churned,"0-3 Months (High Risk)"
0,10,2,Mobile,5,Divorced,3,0,2.0,128.19,0,Retained,"0-3 Months (High Risk)"
26,18,4,"Laptop & Accessory",3,Divorced,10,0,5.0,156.49,0,Retained,">12 Months (Low Risk)"
7,17,4,"Laptop & Accessory",4,Married,5,0,8.0,144.9,0,Retained,"4-12 Months (Medium Risk)"
3,17,5,"Laptop & Accessory",4,Married,3,1,8.0,207.68,0,Retained,"0-3 Months (High Risk)"
7,11,5,"Mobile Phone",4,Divorced,8,0,2.0,151.22,0,Retained,"4-12 Months (Medium Risk)"
6,16,3,"Laptop & Accessory",3,Single,2,0,9.0,154.87,0,Retained,"4-12 Months (Medium Risk)"
5,7,5,"Mobile Phone",5,Divorced,3,0,3.0,147.18,0,Retained,"4-12 Months (Medium Risk)"
23,6,4,"Mobile Phone",3,Divorced,3,0,2.0,136.9,0,Retained,">12 Months (Low Risk)"
0,9,4,Fashion,2,Divorced,2,1,7.0,203.25,1,Churned,"0-3 Months (High Risk)"
14,16,4,"Laptop & Accessory",5,Married,2,0,2.0,179.73,0,Retained,">12 Months (Low Risk)"
1,7,6,"Mobile Phone",5,Single,2,0,1.0,148.25,1,Churned,"0-3 Months (High Risk)"
20,15,5,"Laptop & Accessory",5,Married,10,1,8.0,171.15,0,Retained,">12 Months (Low Risk)"
21,33,4,Others,3,Married,5,0,1.0,321.58,0,Retained,">12 Months (Low Risk)"
9,23,4,Fashion,4,Married,2,0,10.0,205.2,0,Retained,"4-12 Months (Medium Risk)"
27,16,3,"Laptop & Accessory",5,Single,7,1,4.0,144.4,0,Retained,">12 Months (Low Risk)"
8,6,3,Fashion,4,Divorced,2,0,6.0,172.95,0,Retained,"4-12 Months (Medium Risk)"
29,15,5,Grocery,4,Married,3,1,1.0,260.77,0,Retained,">12 Months (Low Risk)"
29,15,3,Grocery,1,Married,8,0,,211.02999999999997,0,Retained,">12 Months (Low Risk)"
22,17,5,Others,4,Married,6,0,10.0,321.65,0,Retained,">12 Months (Low Risk)"
12,9,4,"Mobile Phone",4,Married,7,0,9.0,150.92,0,Retained,"4-12 Months (Medium Risk)"
11,12,4,"Laptop & Accessory",3,Married,3,0,7.0,153.21,0,Retained,"4-12 Months (Medium Risk)"
1,14,5,"Laptop & Accessory",5,Single,10,0,8.0,193.11,0,Retained,"0-3 Months (High Risk)"
9,27,3,"Laptop & Accessory",4,Married,5,0,7.0,189.26,1,Churned,"4-12 Months (Medium Risk)"
17,13,5,Grocery,2,Married,6,1,1.0,291.27,0,Retained,">12 Months (Low Risk)"
11,24,5,"Laptop & Accessory",1,Married,4,1,0.0,158.11,0,Retained,"4-12 Months (Medium Risk)"
15,6,3,"Laptop & Accessory",3,Married,2,0,6.0,149.07,0,Retained,">12 Months (Low Risk)"
14,6,1,Fashion,5,Married,2,0,7.0,183.92,0,Retained,">12 Months (Low Risk)"
8,24,1,"Laptop & Accessory",5,Married,2,0,10.0,152.08,0,Retained,"4-12 Months (Medium Risk)"
1,11,4,"Mobile Phone",2,Single,3,1,3.0,153.75,0,Retained,"0-3 Months (High Risk)"
8,16,5,Fashion,4,Single,3,0,,211.21,0,Retained,"4-12 Months (Medium Risk)"
6,12,3,"Laptop & Accessory",1,Married,4,0,7.0,177.25,0,Retained,"4-12 Months (Medium Risk)"
0,26,5,"Laptop & Accessory",3,Married,4,1,2.0,145.59,1,Churned,"0-3 Months (High Risk)"
23,9,4,Others,1,Married,5,0,4.0,316.61,0,Retained,">12 Months (Low Risk)"
19,8,4,"Laptop & Accessory",3,Single,6,0,4.0,178.99,0,Retained,">12 Months (Low Risk)"
15,13,4,Fashion,3,Single,3,0,,217.41,0,Retained,">12 Months (Low Risk)"
10,17,5,"Laptop & Accessory",3,Married,3,1,8.0,181.73,0,Retained,"4-12 Months (Medium Risk)"
19,12,6,"Laptop & Accessory",5,Single,3,1,5.0,182.69,0,Retained,">12 Months (Low Risk)"
7,9,4,"Laptop & Accessory",4,Single,10,0,8.0,176.47,0,Retained,"4-12 Months (Medium Risk)"
10,7,5,"Laptop & Accessory",1,Married,2,0,3.0,195.25,0,Retained,"4-12 Months (Medium Risk)"
0,8,4,Mobile,2,Single,8,0,0.0,127.85,1,Churned,"0-3 Months (High Risk)"
2,14,4,"Laptop & Accessory",5,Single,2,0,4.0,173.98,0,Retained,"0-3 Months (High Risk)"
17,8,1,Fashion,1,Married,2,1,7.0,178.79,0,Retained,">12 Months (Low Risk)"
2,16,3,Mobile,4,Married,1,0,1.0,132.91,0,Retained,"0-3 Months (High Risk)"
27,11,3,Others,5,Married,5,0,2.0,294.06,0,Retained,">12 Months (Low Risk)"
22,10,4,Others,3,Divorced,3,0,0.0,287.11,0,Retained,">12 Months (Low Risk)"
1,32,4,"Laptop & Accessory",5,Divorced,2,0,4.0,147.24,0,Retained,"0-3 Months (High Risk)"
0,29,3,Fashion,5,Married,10,1,2.0,199.5,1,Churned,"0-3 Months (High Risk)"
12,36,4,"Laptop & Accessory",1,Single,3,0,10.0,149.06,0,Retained,"4-12 Months (Medium Risk)"
1,7,4,"Mobile Phone",4,Single,3,1,5.0,157.02,1,Churned,"0-3 Months (High Risk)"
1,6,5,"Laptop & Accessory",2,Divorced,1,0,5.0,166.74,0,Retained,"0-3 Months (High Risk)"
17,14,4,Fashion,5,Divorced,10,0,,224.85,0,Retained,">12 Months (Low Risk)"
20,21,4,"Mobile Phone",4,Married,11,1,4.0,174.63,1,Churned,">12 Months (Low Risk)"
9,30,3,"Laptop & Accessory",4,Married,8,0,8.0,156.74,0,Retained,"4-12 Months (Medium Risk)"
11,26,4,Fashion,4,Single,3,1,10.0,201.42,0,Retained,"4-12 Months (Medium Risk)"
5,17,4,"Laptop & Accessory",1,Married,4,1,5.0,190.83,0,Retained,"4-12 Months (Medium Risk)"
0,8,4,"Mobile Phone",2,Single,2,0,0.0,111.02000000000001,1,Churned,"0-3 Months (High Risk)"
8,6,3,"Laptop & Accessory",3,Single,2,0,3.0,148.59,0,Retained,"4-12 Months (Medium Risk)"
15,9,4,Grocery,4,Single,3,0,5.0,285.15,0,Retained,">12 Months (Low Risk)"
0,12,5,"Laptop & Accessory",3,Divorced,5,1,7.0,161.72,1,Churned,"0-3 Months (High Risk)"
1,29,4,"Laptop & Accessory",3,Married,3,1,8.0,186.79,1,Churned,"0-3 Months (High Risk)"
3,20,5,"Laptop & Accessory",4,Married,6,1,4.0,165.25,0,Retained,"0-3 Months (High Risk)"
7,11,5,"Mobile Phone",4,Divorced,10,0,3.0,163.38,0,Retained,"4-12 Months (Medium Risk)"
5,14,4,"Laptop & Accessory",4,Divorced,2,1,9.0,152.28,0,Retained,"4-12 Months (Medium Risk)"
0,15,3,"Mobile Phone",1,Single,2,0,0.0,110.81,1,Churned,"0-3 Months (High Risk)"
1,30,5,"Laptop & Accessory",3,Married,3,0,9.0,160.4,0,Retained,"0-3 Months (High Risk)"
10,6,5,"Laptop & Accessory",1,Married,2,0,3.0,195.25,0,Retained,"4-12 Months (Medium Risk)"
22,14,4,"Laptop & Accessory",4,Married,2,0,7.0,151.3,0,Retained,">12 Months (Low Risk)"
7,10,3,Fashion,1,Married,3,1,0.0,197.13,0,Retained,"4-12 Months (Medium Risk)"
14,12,3,"Mobile Phone",5,Single,3,1,17.0,147.21,0,Retained,">12 Months (Low Risk)"
6,9,4,"Mobile Phone",4,Married,3,0,8.0,148.7,0,Retained,"4-12 Months (Medium Risk)"
0,21,3,Mobile,1,Single,2,0,0.0,128.71,0,Retained,"0-3 Months (High Risk)"
27,14,4,Others,3,Married,5,0,8.0,311.06,0,Retained,">12 Months (Low Risk)"
4,18,3,"Mobile Phone",2,Divorced,9,1,2.0,139.29,0,Retained,"4-12 Months (Medium Risk)"
6,9,4,"Laptop & Accessory",4,Divorced,2,1,3.0,165.78,0,Retained,"4-12 Months (Medium Risk)"
14,9,4,"Laptop & Accessory",4,Married,9,0,4.0,182.15,0,Retained,">12 Months (Low Risk)"
0,16,4,"Laptop & Accessory",1,Married,2,1,4.0,157.69,0,Retained,"0-3 Months (High Risk)"
13,6,5,Others,2,Divorced,3,0,4.0,317.72,0,Retained,">12 Months (Low Risk)"
0,15,4,"Mobile Phone",5,Married,4,0,2.0,144,1,Churned,"0-3 Months (High Risk)"
1,18,4,"Mobile Phone",5,Divorced,2,0,5.0,145.99,0,Retained,"0-3 Months (High Risk)"
6,14,1,Mobile,5,Married,7,0,6.0,131.43,0,Retained,"4-12 Months (Medium Risk)"
1,35,5,"Laptop & Accessory",3,Married,4,0,,211.39,0,Retained,"0-3 Months (High Risk)"
16,30,5,"Laptop & Accessory",3,Single,3,0,8.0,168.32,0,Retained,">12 Months (Low Risk)"
9,25,4,Fashion,1,Single,4,0,,218.62,0,Retained,"4-12 Months (Medium Risk)"
23,6,3,"Laptop & Accessory",3,Married,1,0,13.0,163.47,0,Retained,">12 Months (Low Risk)"
30,13,3,Others,5,Married,6,0,10.0,295.66,0,Retained,">12 Months (Low Risk)"
24,16,4,Others,3,Married,6,1,1.0,318.31,0,Retained,">12 Months (Low Risk)"
1,16,4,"Mobile Phone",4,Married,8,0,3.0,145.24,0,Retained,"0-3 Months (High Risk)"
20,25,4,"Laptop & Accessory",3,Married,4,0,9.0,173.1,0,Retained,">12 Months (Low Risk)"
16,18,4,Grocery,4,Married,2,0,9.0,243.36,0,Retained,">12 Months (Low Risk)"
10,6,3,Fashion,1,Single,5,0,2.0,174.91,0,Retained,"4-12 Months (Medium Risk)"
16,10,4,Fashion,1,Single,4,0,17.0,202.31,0,Retained,">12 Months (Low Risk)"
18,15,3,Fashion,5,Married,5,1,2.0,207.61,0,Retained,">12 Months (Low Risk)"
6,23,3,Grocery,3,Single,2,0,0.0,274.44,0,Retained,"4-12 Months (Medium Risk)"
8,26,4,"Laptop & Accessory",4,Married,6,0,11.0,169.44,0,Retained,"4-12 Months (Medium Risk)"
7,14,4,"Laptop & Accessory",3,Married,3,0,9.0,184.68,0,Retained,"4-12 Months (Medium Risk)"
10,7,4,"Laptop & Accessory",4,Divorced,2,0,6.0,177.28,0,Retained,"4-12 Months (Medium Risk)"
26,7,5,Others,3,Married,2,0,10.0,324.99,0,Retained,">12 Months (Low Risk)"
27,23,3,Fashion,3,Divorced,9,0,8.0,207.39,0,Retained,">12 Months (Low Risk)"
29,21,3,Others,4,Single,10,0,16.0,312.22,0,Retained,">12 Months (Low Risk)"
0,9,3,Mobile,5,Single,1,0,4.0,131.02,1,Churned,"0-3 Months (High Risk)"
1,12,4,"Mobile Phone",3,Single,3,1,1.0,153.51,1,Churned,"0-3 Months (High Risk)"
3,11,5,"Mobile Phone",5,Married,3,0,1.0,146.09,0,Retained,"0-3 Months (High Risk)"
13,20,4,Others,3,Single,2,0,9.0,296.26,0,Retained,">12 Months (Low Risk)"
6,12,2,"Mobile Phone",1,Married,5,0,3.0,158.12,0,Retained,"4-12 Months (Medium Risk)"
2,26,3,"Laptop & Accessory",1,Married,3,0,2.0,169.31,0,Retained,"0-3 Months (High Risk)"
6,9,3,"Laptop & Accessory",2,Single,9,0,8.0,175.55,0,Retained,"4-12 Months (Medium Risk)"
9,6,3,"Laptop & Accessory",4,Divorced,1,0,5.0,152.28,0,Retained,"4-12 Months (Medium Risk)"
9,10,3,"Laptop & Accessory",4,Married,8,0,2.0,151.31,0,Retained,"4-12 Months (Medium Risk)"
22,11,4,Fashion,2,Single,3,0,9.0,203.98,0,Retained,">12 Months (Low Risk)"
11,12,4,"Mobile Phone",3,Married,2,0,4.0,137.02,0,Retained,"4-12 Months (Medium Risk)"
11,21,4,Fashion,1,Married,1,1,,215.10000000000002,0,Retained,"4-12 Months (Medium Risk)"
10,10,3,Mobile,3,Married,8,1,3.0,129.96,0,Retained,"4-12 Months (Medium Risk)"
9,8,4,"Laptop & Accessory",1,Single,2,0,8.0,138.86,0,Retained,"4-12 Months (Medium Risk)"
1,9,5,"Mobile Phone",2,Single,3,0,1.0,150.64,1,Churned,"0-3 Months (High Risk)"
21,12,4,"Laptop & Accessory",3,Single,3,0,2.0,142.4,0,Retained,">12 Months (Low Risk)"
1,23,4,"Mobile Phone",4,Married,11,0,3.0,153.11,0,Retained,"0-3 Months (High Risk)"
9,7,5,"Mobile Phone",3,Divorced,8,0,8.0,147.58,0,Retained,"4-12 Months (Medium Risk)"
8,11,4,"Laptop & Accessory",3,Married,11,0,3.0,190.38,0,Retained,"4-12 Months (Medium Risk)"
9,16,4,"Laptop & Accessory",3,Single,3,0,9.0,175.98,0,Retained,"4-12 Months (Medium Risk)"
24,9,4,Grocery,3,Divorced,7,0,4.0,301.39,0,Retained,">12 Months (Low Risk)"
18,12,5,"Mobile Phone",3,Single,5,0,4.0,156.62,0,Retained,">12 Months (Low Risk)"
1,10,4,"Mobile Phone",3,Single,3,0,8.0,165.84,1,Churned,"0-3 Months (High Risk)"
9,35,5,"Mobile Phone",3,Married,2,0,3.0,149.3,0,Retained,"4-12 Months (Medium Risk)"
7,25,3,"Laptop & Accessory",4,Married,5,0,10.0,144.44,0,Retained,"4-12 Months (Medium Risk)"
1,26,4,"Mobile Phone",1,Married,5,0,3.0,161.69,0,Retained,"0-3 Months (High Risk)"
11,15,4,"Laptop & Accessory",4,Married,4,0,8.0,165.71,0,Retained,"4-12 Months (Medium Risk)"
7,15,4,"Laptop & Accessory",3,Married,2,0,3.0,196.04,0,Retained,"4-12 Months (Medium Risk)"
9,25,4,"Laptop & Accessory",3,Divorced,3,0,1.0,171.01,0,Retained,"4-12 Months (Medium Risk)"
3,14,4,"Mobile Phone",5,Single,5,0,3.0,145.62,0,Retained,"0-3 Months (High Risk)"
14,9,5,"Mobile Phone",2,Single,2,1,4.0,148.42,0,Retained,">12 Months (Low Risk)"
1,12,4,"Mobile Phone",5,Single,3,1,3.0,148.8,0,Retained,"0-3 Months (High Risk)"
0,29,3,Fashion,5,Married,10,1,2.0,199.5,1,Churned,"0-3 Months (High Risk)"
0,35,4,Mobile,4,Single,1,0,4.0,134.79,1,Churned,"0-3 Months (High Risk)"
13,31,4,"Laptop & Accessory",1,Single,9,0,8.0,166.08,0,Retained,">12 Months (Low Risk)"
17,6,3,"Laptop & Accessory",3,Divorced,8,0,0.0,147.68,0,Retained,">12 Months (Low Risk)"
0,29,4,Fashion,5,Married,2,0,10.0,173.36,1,Churned,"0-3 Months (High Risk)"
19,35,5,Grocery,4,Single,3,0,7.0,292.04,0,Retained,">12 Months (Low Risk)"
18,8,4,"Laptop & Accessory",1,Married,2,0,9.0,157.7,0,Retained,">12 Months (Low Risk)"
13,18,4,Fashion,2,Divorced,3,0,8.0,201.54,1,Churned,">12 Months (Low Risk)"
12,7,4,"Mobile Phone",5,Single,5,0,1.0,151.19,0,Retained,"4-12 Months (Medium Risk)"
0,11,3,"Mobile Phone",2,Single,2,0,0.0,110.50999999999999,0,Retained,"0-3 Months (High Risk)"
13,18,4,Fashion,1,Married,3,0,8.0,201.54,1,Churned,">12 Months (Low Risk)"
14,10,5,"Laptop & Accessory",4,Married,7,0,2.0,164.3,0,Retained,">12 Months (Low Risk)"
8,7,2,"Laptop & Accessory",2,Married,2,0,,222.25,0,Retained,"4-12 Months (Medium Risk)"
16,7,4,"Laptop & Accessory",3,Married,3,0,7.0,174.07,0,Retained,">12 Months (Low Risk)"
7,8,4,"Laptop & Accessory",5,Married,7,0,9.0,159.57,0,Retained,"4-12 Months (Medium Risk)"
0,29,4,"Laptop & Accessory",3,Divorced,4,1,1.0,159.16,1,Churned,"0-3 Months (High Risk)"
8,8,4,Fashion,1,Single,3,0,,223.88,0,Retained,"4-12 Months (Medium Risk)"
2,8,3,"Laptop & Accessory",2,Single,2,0,9.0,145.54,0,Retained,"0-3 Months (High Risk)"
2,24,4,"Laptop & Accessory",5,Married,3,0,9.0,170.58,0,Retained,"0-3 Months (High Risk)"
8,15,4,Fashion,3,Married,2,1,15.0,206.85000000000002,0,Retained,"4-12 Months (Medium Risk)"
4,32,4,"Laptop & Accessory",3,Divorced,9,1,3.0,172.36,0,Retained,"4-12 Months (Medium Risk)"
21,23,2,"Laptop & Accessory",3,Married,3,1,8.0,175.67,0,Retained,">12 Months (Low Risk)"
15,8,4,"Mobile Phone",1,Married,5,0,1.0,152.82,0,Retained,">12 Months (Low Risk)"
13,16,4,"Laptop & Accessory",4,Single,22,0,4.0,192.82,0,Retained,">12 Months (Low Risk)"
10,24,5,"Laptop & Accessory",4,Married,4,0,4.0,180.07,0,Retained,"4-12 Months (Medium Risk)"
4,13,1,"Laptop & Accessory",1,Married,5,0,7.0,169.29,0,Retained,"4-12 Months (Medium Risk)"
1,9,4,"Mobile Phone",4,Married,11,0,3.0,159.68,0,Retained,"0-3 Months (High Risk)"
0,17,2,"Laptop & Accessory",3,Divorced,9,0,2.0,147.07,1,Churned,"0-3 Months (High Risk)"
3,30,3,Mobile,3,Married,2,0,0.0,126.93,0,Retained,"0-3 Months (High Risk)"
10,9,4,"Mobile Phone",3,Single,6,0,10.0,150.19,0,Retained,"4-12 Months (Medium Risk)"
24,9,4,Grocery,3,Married,7,0,4.0,301.39,0,Retained,">12 Months (Low Risk)"
7,8,3,"Laptop & Accessory",2,Single,2,0,4.0,162.74,0,Retained,"4-12 Months (Medium Risk)"
8,7,2,"Mobile Phone",1,Single,4,0,4.0,157.8,0,Retained,"4-12 Months (Medium Risk)"
7,7,2,"Laptop & Accessory",4,Married,3,1,3.0,179.88,0,Retained,"4-12 Months (Medium Risk)"
0,9,4,Mobile,1,Married,1,1,0.0,128.53,1,Churned,"0-3 Months (High Risk)"
16,9,4,"Mobile Phone",3,Married,2,1,1.0,151.96,0,Retained,">12 Months (Low Risk)"
9,9,3,"Laptop & Accessory",4,Single,5,0,7.0,144.85,0,Retained,"4-12 Months (Medium Risk)"
28,18,4,Grocery,1,Married,5,0,13.0,285.32,0,Retained,">12 Months (Low Risk)"
0,6,4,"Laptop & Accessory",2,Divorced,7,0,2.0,147.75,0,Retained,"0-3 Months (High Risk)"
1,22,4,Fashion,3,Married,9,1,8.0,261.1,1,Churned,"0-3 Months (High Risk)"
9,9,3,"Mobile Phone",4,Married,2,0,7.0,136.92,0,Retained,"4-12 Months (Medium Risk)"
29,27,4,"Laptop & Accessory",1,Married,5,1,9.0,179.15,0,Retained,">12 Months (Low Risk)"
0,13,5,"Laptop & Accessory",3,Single,2,1,6.0,160.74,1,Churned,"0-3 Months (High Risk)"
9,17,4,"Laptop & Accessory",3,Single,5,1,5.0,186.42,0,Retained,"4-12 Months (Medium Risk)"
8,17,4,"Laptop & Accessory",3,Married,3,1,8.0,165.01,0,Retained,"4-12 Months (Medium Risk)"
2,13,3,"Laptop & Accessory",1,Married,2,1,0.0,166.23,0,Retained,"0-3 Months (High Risk)"
29,9,5,Grocery,5,Single,9,0,3.0,292.56,0,Retained,">12 Months (Low Risk)"
7,24,4,Grocery,3,Single,3,0,1.0,299.44,0,Retained,"4-12 Months (Medium Risk)"
20,10,4,Grocery,3,Divorced,5,0,10.0,299.65,0,Retained,">12 Months (Low Risk)"
6,36,4,"Mobile Phone",3,Single,11,0,8.0,165.25,0,Retained,"4-12 Months (Medium Risk)"
27,8,4,Fashion,3,Divorced,7,0,0.0,206.86,0,Retained,">12 Months (Low Risk)"
3,7,4,"Laptop & Accessory",5,Married,2,0,3.0,178.73,0,Retained,"0-3 Months (High Risk)"
31,14,2,"Laptop & Accessory",2,Married,2,1,10.0,177.2,0,Retained,">12 Months (Low Risk)"
30,9,4,"Laptop & Accessory",2,Single,6,0,5.0,151.71,0,Retained,">12 Months (Low Risk)"
1,23,4,"Laptop & Accessory",5,Single,7,0,3.0,178.24,1,Churned,"0-3 Months (High Risk)"
15,21,4,"Mobile Phone",3,Married,6,0,9.0,149.51,0,Retained,">12 Months (Low Risk)"
18,36,4,"Laptop & Accessory",1,Single,3,0,18.0,170.41,0,Retained,">12 Months (Low Risk)"
15,14,3,Others,1,Married,2,0,9.0,284.3,0,Retained,">12 Months (Low Risk)"
20,9,4,Fashion,1,Married,5,0,,210.78,0,Retained,">12 Months (Low Risk)"
4,32,4,"Laptop & Accessory",3,Married,9,1,3.0,172.36,0,Retained,"4-12 Months (Medium Risk)"
9,9,4,"Laptop & Accessory",5,Married,4,0,1.0,175.93,0,Retained,"4-12 Months (Medium Risk)"
2,12,4,Mobile,4,Married,2,0,0.0,128.04,0,Retained,"0-3 Months (High Risk)"
0,15,3,"Mobile Phone",5,Single,8,0,4.0,142,1,Churned,"0-3 Months (High Risk)"
9,10,5,"Mobile Phone",3,Married,3,0,1.0,137.81,0,Retained,"4-12 Months (Medium Risk)"
1,21,4,"Mobile Phone",5,Married,3,1,9.0,147.35,0,Retained,"0-3 Months (High Risk)"
6,16,6,"Laptop & Accessory",1,Married,2,0,8.0,171.68,0,Retained,"4-12 Months (Medium Risk)"
1,31,6,"Mobile Phone",2,Single,3,1,1.0,136.18,1,Churned,"0-3 Months (High Risk)"
20,8,3,"Laptop & Accessory",1,Married,6,0,4.0,150.7,0,Retained,">12 Months (Low Risk)"
12,30,3,"Laptop & Accessory",1,Single,8,0,7.0,141.08,0,Retained,"4-12 Months (Medium Risk)"
31,13,4,"Mobile Phone",3,Married,10,0,3.0,147.67,0,Retained,">12 Months (Low Risk)"
1,21,4,"Mobile Phone",1,Married,7,1,5.0,149.36,1,Churned,"0-3 Months (High Risk)"
1,7,4,"Laptop & Accessory",3,Divorced,2,0,3.0,173.98,0,Retained,"0-3 Months (High Risk)"
10,31,3,"Laptop & Accessory",3,Married,4,1,7.0,144.49,0,Retained,"4-12 Months (Medium Risk)"
3,10,5,Fashion,3,Divorced,3,0,8.0,244.35000000000002,0,Retained,"0-3 Months (High Risk)"
4,10,1,"Mobile Phone",3,Married,9,0,2.0,139.78,0,Retained,"4-12 Months (Medium Risk)"
4,11,3,Mobile,4,Married,2,0,2.0,127.88999999999999,0,Retained,"4-12 Months (Medium Risk)"
4,7,4,"Mobile Phone",4,Divorced,2,1,8.0,160.79,0,Retained,"4-12 Months (Medium Risk)"
5,9,6,"Mobile Phone",1,Married,3,1,1.0,136.29,0,Retained,"4-12 Months (Medium Risk)"
6,17,4,Fashion,1,Single,4,0,1.0,237.44,0,Retained,"4-12 Months (Medium Risk)"
28,8,4,Mobile,1,Married,9,0,4.0,126.62,0,Retained,">12 Months (Low Risk)"
22,8,3,Others,1,Married,4,0,3.0,291.61,0,Retained,">12 Months (Low Risk)"
5,16,5,"Mobile Phone",4,Single,2,1,3.0,151.57,0,Retained,"4-12 Months (Medium Risk)"
19,6,1,Grocery,5,Single,2,0,12.0,275.67,0,Retained,">12 Months (Low Risk)"
7,21,3,Grocery,5,Married,8,0,9.0,270.07,0,Retained,"4-12 Months (Medium Risk)"
2,8,3,"Laptop & Accessory",1,Single,2,0,9.0,145.54,0,Retained,"0-3 Months (High Risk)"
28,32,4,Others,1,Married,2,0,13.0,295.86,0,Retained,">12 Months (Low Risk)"
1,22,6,"Laptop & Accessory",1,Married,8,1,3.0,179.4,1,Churned,"0-3 Months (High Risk)"
1,10,4,"Mobile Phone",5,Single,2,0,5.0,156.02,1,Churned,"0-3 Months (High Risk)"
13,22,3,Mobile,3,Married,10,0,0.0,135.44,0,Retained,">12 Months (Low Risk)"
17,17,4,"Mobile Phone",2,Single,2,0,8.0,149.55,0,Retained,">12 Months (Low Risk)"
16,12,4,Others,3,Married,8,0,14.0,293.92,0,Retained,">12 Months (Low Risk)"
7,19,3,Fashion,3,Married,2,0,1.0,186.28,0,Retained,"4-12 Months (Medium Risk)"
8,15,2,"Laptop & Accessory",3,Married,4,0,3.0,169.04,0,Retained,"4-12 Months (Medium Risk)"
0,7,3,Mobile,1,Married,5,0,2.0,132.29,0,Retained,"0-3 Months (High Risk)"
15,23,2,"Laptop & Accessory",5,Single,4,1,2.0,165.45,0,Retained,">12 Months (Low Risk)"
1,23,4,Fashion,3,Married,4,0,1.0,206.61,1,Churned,"0-3 Months (High Risk)"
7,9,3,"Laptop & Accessory",4,Married,2,0,9.0,154.33,0,Retained,"4-12 Months (Medium Risk)"
16,13,4,Fashion,5,Married,11,0,8.0,258.48,0,Retained,">12 Months (Low Risk)"
16,22,3,Grocery,2,Divorced,6,1,9.0,260.64,0,Retained,">12 Months (Low Risk)"
4,9,3,Mobile,5,Married,2,1,3.0,130.65,0,Retained,"4-12 Months (Medium Risk)"
0,35,3,"Mobile Phone",5,Married,2,0,2.0,139.07,0,Retained,"0-3 Months (High Risk)"
2,36,4,"Laptop & Accessory",5,Divorced,9,1,1.0,191.73,1,Churned,"0-3 Months (High Risk)"
1,7,4,"Mobile Phone",2,Single,3,0,1.0,141.11,0,Retained,"0-3 Months (High Risk)"
1,18,4,"Mobile Phone",4,Married,3,0,3.0,147.44,0,Retained,"0-3 Months (High Risk)"
1,14,6,"Laptop & Accessory",3,Single,3,1,7.0,185.74,1,Churned,"0-3 Months (High Risk)"
8,8,3,"Laptop & Accessory",4,Single,6,0,2.0,144.25,0,Retained,"4-12 Months (Medium Risk)"
6,10,4,"Laptop & Accessory",5,Divorced,3,0,4.0,192.25,0,Retained,"4-12 Months (Medium Risk)"
10,19,3,"Laptop & Accessory",1,Married,2,0,7.0,142.85,0,Retained,"4-12 Months (Medium Risk)"
11,36,4,Fashion,4,Married,3,1,10.0,243.49,1,Churned,"4-12 Months (Medium Risk)"
6,8,4,Fashion,1,Married,3,0,,229.22,0,Retained,"4-12 Months (Medium Risk)"
19,30,4,"Laptop & Accessory",5,Divorced,3,1,9.0,161.33,0,Retained,">12 Months (Low Risk)"
1,17,4,"Laptop & Accessory",5,Single,3,0,9.0,167.13,1,Churned,"0-3 Months (High Risk)"
6,23,3,Grocery,3,Single,2,0,0.0,274.44,0,Retained,"4-12 Months (Medium Risk)"
31,31,3,Fashion,2,Married,5,1,,219.39,0,Retained,">12 Months (Low Risk)"
5,15,3,"Laptop & Accessory",1,Married,2,1,5.0,163.22,0,Retained,"4-12 Months (Medium Risk)"
1,12,2,"Mobile Phone",3,Single,5,1,4.0,149.32,1,Churned,"0-3 Months (High Risk)"
8,17,2,"Laptop & Accessory",1,Married,3,0,3.0,172.24,0,Retained,"4-12 Months (Medium Risk)"
8,9,4,"Laptop & Accessory",1,Single,3,0,5.0,187.74,0,Retained,"4-12 Months (Medium Risk)"
27,10,4,Grocery,3,Divorced,5,1,4.0,300.84,0,Retained,">12 Months (Low Risk)"
21,9,5,"Mobile Phone",2,Single,3,1,3.0,157.94,0,Retained,">12 Months (Low Risk)"
4,14,4,"Laptop & Accessory",5,Married,9,0,3.0,172.79,0,Retained,"4-12 Months (Medium Risk)"
5,35,4,Mobile,4,Single,2,0,1.0,128.37,0,Retained,"4-12 Months (Medium Risk)"
28,8,3,Fashion,4,Married,4,0,,209.76,0,Retained,">12 Months (Low Risk)"
5,18,4,"Mobile Phone",2,Divorced,5,1,3.0,148.56,0,Retained,"4-12 Months (Medium Risk)"
10,11,3,"Laptop & Accessory",1,Married,8,0,4.0,163.47,0,Retained,"4-12 Months (Medium Risk)"
0,22,3,"Laptop & Accessory",5,Single,6,0,2.0,153.24,1,Churned,"0-3 Months (High Risk)"
1,7,5,"Mobile Phone",3,Married,3,0,4.0,145.07,0,Retained,"0-3 Months (High Risk)"
16,17,4,"Mobile Phone",3,Married,5,0,4.0,154.36,0,Retained,">12 Months (Low Risk)"
4,9,4,"Mobile Phone",1,Single,2,0,8.0,150.64,0,Retained,"4-12 Months (Medium Risk)"
5,21,3,"Laptop & Accessory",1,Married,6,0,2.0,166.67,0,Retained,"4-12 Months (Medium Risk)"
1,19,4,"Laptop & Accessory",1,Single,5,1,8.0,170.81,1,Churned,"0-3 Months (High Risk)"
11,8,4,Fashion,3,Married,4,1,2.0,177.56,0,Retained,"4-12 Months (Medium Risk)"
8,7,4,"Mobile Phone",5,Married,7,0,4.0,154.96,0,Retained,"4-12 Months (Medium Risk)"
1,17,4,"Laptop & Accessory",2,Single,2,0,2.0,174.5,0,Retained,"0-3 Months (High Risk)"
10,15,5,Fashion,5,Single,3,0,10.0,200.87,0,Retained,"4-12 Months (Medium Risk)"
1,19,3,"Mobile Phone",4,Single,3,0,1.0,152.16,1,Churned,"0-3 Months (High Risk)"
14,10,5,"Mobile Phone",3,Married,3,1,3.0,151.83,1,Churned,">12 Months (Low Risk)"
1,9,4,"Mobile Phone",3,Single,8,0,2.0,168.82,1,Churned,"0-3 Months (High Risk)"
1,12,5,"Mobile Phone",3,Single,2,0,1.0,154.66,0,Retained,"0-3 Months (High Risk)"
12,9,4,"Laptop & Accessory",3,Married,1,0,7.0,130.69,0,Retained,"4-12 Months (Medium Risk)"
7,8,3,"Laptop & Accessory",1,Single,2,0,11.0,166.87,0,Retained,"4-12 Months (Medium Risk)"
6,9,3,Mobile,3,Married,2,1,0.0,129.09,0,Retained,"4-12 Months (Medium Risk)"
9,8,6,"Mobile Phone",1,Married,3,0,2.0,154.77,0,Retained,"4-12 Months (Medium Risk)"
21,7,4,Others,1,Single,7,0,0.0,282.65,0,Retained,">12 Months (Low Risk)"
10,9,4,"Laptop & Accessory",4,Single,11,1,13.0,179.1,0,Retained,"4-12 Months (Medium Risk)"
8,15,4,"Laptop & Accessory",3,Single,5,0,4.0,186.42,0,Retained,"4-12 Months (Medium Risk)"
3,11,3,Fashion,1,Married,3,0,4.0,194.19,0,Retained,"0-3 Months (High Risk)"
10,16,3,Mobile,5,Married,7,0,3.0,134.52,0,Retained,"4-12 Months (Medium Risk)"
1,9,5,"Mobile Phone",3,Single,8,1,1.0,145.9,1,Churned,"0-3 Months (High Risk)"
0,13,3,Mobile,3,Divorced,2,1,2.0,128.86,1,Churned,"0-3 Months (High Risk)"
25,21,4,"Laptop & Accessory",2,Divorced,6,0,8.0,174.36,0,Retained,">12 Months (Low Risk)"
14,9,2,"Laptop & Accessory",3,Married,7,0,9.0,188.77,0,Retained,">12 Months (Low Risk)"
1,25,4,Mobile,5,Married,2,0,3.0,131.96,0,Retained,"0-3 Months (High Risk)"
1,16,4,"Mobile Phone",1,Single,3,0,3.0,151.1,0,Retained,"0-3 Months (High Risk)"
11,8,3,"Laptop & Accessory",3,Married,10,0,0.0,165.53,0,Retained,"4-12 Months (Medium Risk)"
17,9,5,Fashion,1,Married,2,0,,226.69,1,Churned,">12 Months (Low Risk)"
10,17,3,"Mobile Phone",3,Single,5,0,2.0,136.29,0,Retained,"4-12 Months (Medium Risk)"
19,32,5,"Laptop & Accessory",1,Married,2,0,9.0,184.06,0,Retained,">12 Months (Low Risk)"
7,8,1,Mobile,1,Married,1,1,2.0,129.32,0,Retained,"4-12 Months (Medium Risk)"
3,15,6,"Laptop & Accessory",5,Married,5,0,,222.15,0,Retained,"0-3 Months (High Risk)"
4,12,5,"Laptop & Accessory",3,Married,3,0,3.0,186.18,0,Retained,"4-12 Months (Medium Risk)"
30,6,3,Others,5,Divorced,4,1,5.0,297.01,0,Retained,">12 Months (Low Risk)"
1,17,4,Mobile,3,Single,3,1,2.0,135.09,1,Churned,"0-3 Months (High Risk)"
10,34,4,"Laptop & Accessory",3,Married,8,0,8.0,177.37,0,Retained,"4-12 Months (Medium Risk)"
1,8,6,"Mobile Phone",3,Single,3,0,1.0,138.59,1,Churned,"0-3 Months (High Risk)"
5,19,4,Others,3,Married,3,0,9.0,320.45,1,Churned,"4-12 Months (Medium Risk)"
10,6,3,Fashion,2,Single,5,0,2.0,174.91,0,Retained,"4-12 Months (Medium Risk)"
7,16,3,"Laptop & Accessory",3,Married,2,1,7.0,140.01,0,Retained,"4-12 Months (Medium Risk)"
15,11,3,Fashion,4,Single,10,1,7.0,184.46,1,Churned,">12 Months (Low Risk)"
17,10,3,"Laptop & Accessory",4,Single,10,0,3.0,159.33,0,Retained,">12 Months (Low Risk)"
6,11,4,Fashion,2,Married,5,0,2.0,171.19,0,Retained,"4-12 Months (Medium Risk)"
1,9,4,"Mobile Phone",1,Married,8,1,3.0,162.22,1,Churned,"0-3 Months (High Risk)"
28,24,3,"Laptop & Accessory",4,Married,4,1,7.0,163.85,0,Retained,">12 Months (Low Risk)"
7,13,3,Mobile,1,Single,2,0,0.0,129.72,0,Retained,"4-12 Months (Medium Risk)"
16,16,5,Others,1,Single,10,0,2.0,321.13,0,Retained,">12 Months (Low Risk)"
18,8,3,"Laptop & Accessory",4,Divorced,1,0,7.0,148.05,0,Retained,">12 Months (Low Risk)"
19,30,4,"Laptop & Accessory",5,Married,3,1,9.0,161.33,0,Retained,">12 Months (Low Risk)"
0,8,3,Mobile,3,Single,3,0,0.0,134.85,1,Churned,"0-3 Months (High Risk)"
1,30,5,"Laptop & Accessory",1,Married,9,1,1.0,166.57,0,Retained,"0-3 Months (High Risk)"
19,8,3,Others,1,Married,8,1,2.0,293.28,0,Retained,">12 Months (Low Risk)"
15,26,4,"Laptop & Accessory",5,Married,4,0,1.0,155.72,0,Retained,">12 Months (Low Risk)"
30,30,4,Grocery,4,Divorced,6,1,10.0,259.02,0,Retained,">12 Months (Low Risk)"
22,13,4,Fashion,3,Single,9,0,0.0,145,0,Retained,">12 Months (Low Risk)"
10,15,3,Fashion,4,Married,2,0,7.0,188.34,0,Retained,"4-12 Months (Medium Risk)"
1,9,4,"Mobile Phone",5,Married,5,0,1.0,148.22,0,Retained,"0-3 Months (High Risk)"
3,12,4,"Laptop & Accessory",2,Divorced,5,0,1.0,145.86,1,Churned,"0-3 Months (High Risk)"
5,15,4,Fashion,2,Married,3,0,10.0,232.93,0,Retained,"4-12 Months (Medium Risk)"
1,10,5,"Mobile Phone",3,Single,3,0,3.0,155.33,0,Retained,"0-3 Months (High Risk)"
11,18,4,Fashion,1,Married,3,1,8.0,246.85000000000002,0,Retained,"4-12 Months (Medium Risk)"
7,8,3,"Laptop & Accessory",5,Single,1,1,2.0,145.38,0,Retained,"4-12 Months (Medium Risk)"
2,8,3,"Laptop & Accessory",1,Married,2,0,3.0,188.53,0,Retained,"0-3 Months (High Risk)"
23,7,4,Grocery,3,Single,6,0,1.0,278.79,0,Retained,">12 Months (Low Risk)"
10,33,1,"Laptop & Accessory",3,Single,5,1,3.0,163.97,1,Churned,"4-12 Months (Medium Risk)"
1,29,4,"Mobile Phone",3,Single,3,1,1.0,141.75,1,Churned,"0-3 Months (High Risk)"
8,33,5,"Mobile Phone",3,Married,3,0,1.0,145.29,0,Retained,"4-12 Months (Medium Risk)"
1,11,4,"Mobile Phone",3,Single,3,0,1.0,148.18,0,Retained,"0-3 Months (High Risk)"
9,9,4,Fashion,1,Married,1,0,4.0,176.44,0,Retained,"4-12 Months (Medium Risk)"
0,10,3,Mobile,4,Single,2,0,2.0,132.95,0,Retained,"0-3 Months (High Risk)"
4,8,3,"Laptop & Accessory",5,Single,8,0,3.0,153.32,0,Retained,"4-12 Months (Medium Risk)"
1,11,3,"Laptop & Accessory",5,Single,1,0,3.0,184.63,0,Retained,"0-3 Months (High Risk)"
1,9,4,"Laptop & Accessory",3,Single,3,1,5.0,169.78,0,Retained,"0-3 Months (High Risk)"
10,7,4,"Laptop & Accessory",4,Married,2,0,6.0,177.28,0,Retained,"4-12 Months (Medium Risk)"
1,17,4,Fashion,5,Married,3,0,,212.93,0,Retained,"0-3 Months (High Risk)"
11,6,4,"Laptop & Accessory",2,Single,5,0,1.0,186.86,0,Retained,"4-12 Months (Medium Risk)"
13,13,2,Fashion,3,Married,4,0,7.0,207.37,0,Retained,">12 Months (Low Risk)"
9,14,4,Fashion,3,Single,5,0,,227.21,0,Retained,"4-12 Months (Medium Risk)"
3,14,4,"Laptop & Accessory",1,Married,3,1,1.0,191.23,0,Retained,"0-3 Months (High Risk)"
4,36,4,"Laptop & Accessory",5,Married,10,0,4.0,166.15,0,Retained,"4-12 Months (Medium Risk)"
14,13,1,Mobile,3,Married,2,0,8.0,133.76,0,Retained,">12 Months (Low Risk)"
1,21,4,"Mobile Phone",3,Single,3,0,1.0,140.14,0,Retained,"0-3 Months (High Risk)"
2,6,3,"Laptop & Accessory",3,Married,2,0,9.0,143.19,0,Retained,"0-3 Months (High Risk)"
1,28,5,"Mobile Phone",5,Married,2,0,1.0,147.96,0,Retained,"0-3 Months (High Risk)"
5,10,4,"Laptop & Accessory",3,Divorced,2,0,8.0,161.62,0,Retained,"4-12 Months (Medium Risk)"
1,9,4,"Laptop & Accessory",1,Married,2,0,3.0,167.27,0,Retained,"0-3 Months (High Risk)"
14,9,4,"Laptop & Accessory",4,Married,3,0,4.0,189.38,0,Retained,">12 Months (Low Risk)"
9,10,4,"Laptop & Accessory",2,Single,2,0,8.0,158.1,0,Retained,"4-12 Months (Medium Risk)"
8,34,4,"Mobile Phone",4,Single,4,0,3.0,148.11,0,Retained,"4-12 Months (Medium Risk)"
9,30,4,"Mobile Phone",5,Married,5,1,3.0,165.14,0,Retained,"4-12 Months (Medium Risk)"
27,11,3,Others,5,Divorced,5,0,2.0,294.06,0,Retained,">12 Months (Low Risk)"
11,10,4,"Laptop & Accessory",4,Single,5,0,2.0,166.07,0,Retained,"4-12 Months (Medium Risk)"
9,6,3,"Laptop & Accessory",2,Single,5,0,0.0,166.53,0,Retained,"4-12 Months (Medium Risk)"
0,28,3,"Laptop & Accessory",3,Married,2,1,7.0,161.79,1,Churned,"0-3 Months (High Risk)"
1,13,2,"Mobile Phone",1,Married,2,0,8.0,150.44,0,Retained,"0-3 Months (High Risk)"
20,10,3,"Laptop & Accessory",1,Single,2,1,7.0,141.63,0,Retained,">12 Months (Low Risk)"
31,7,4,"Laptop & Accessory",3,Married,4,0,3.0,192.55,0,Retained,">12 Months (Low Risk)"
19,24,3,"Laptop & Accessory",3,Married,3,0,8.0,148.1,0,Retained,">12 Months (Low Risk)"
13,15,4,"Mobile Phone",3,Divorced,3,0,8.0,162.55,0,Retained,">12 Months (Low Risk)"
26,13,3,Others,3,Married,4,0,7.0,286.06,0,Retained,">12 Months (Low Risk)"
6,14,3,"Mobile Phone",4,Divorced,3,0,4.0,152.94,0,Retained,"4-12 Months (Medium Risk)"
5,6,3,Mobile,2,Married,1,0,2.0,123.13999999999999,0,Retained,"4-12 Months (Medium Risk)"
13,17,4,"Laptop & Accessory",5,Married,4,0,8.0,178.77,0,Retained,">12 Months (Low Risk)"
5,14,1,"Laptop & Accessory",2,Divorced,2,0,8.0,162.09,0,Retained,"4-12 Months (Medium Risk)"
8,8,5,"Mobile Phone",4,Married,7,0,3.0,157.94,0,Retained,"4-12 Months (Medium Risk)"
3,10,4,"Laptop & Accessory",3,Married,6,1,1.0,177.38,1,Churned,"0-3 Months (High Risk)"
0,10,4,Mobile,1,Married,1,0,4.0,131.62,0,Retained,"0-3 Months (High Risk)"
16,21,4,Grocery,3,Married,2,0,11.0,276.03,0,Retained,">12 Months (Low Risk)"
18,14,3,"Laptop & Accessory",1,Married,10,0,8.0,136.97,0,Retained,">12 Months (Low Risk)"
2,29,3,"Mobile Phone",5,Single,1,0,3.0,139.04,1,Churned,"0-3 Months (High Risk)"
7,7,2,"Laptop & Accessory",5,Married,3,0,9.0,165.37,0,Retained,"4-12 Months (Medium Risk)"
6,15,2,"Laptop & Accessory",2,Divorced,3,0,9.0,187.09,0,Retained,"4-12 Months (Medium Risk)"
13,26,4,"Laptop & Accessory",1,Married,10,0,3.0,164.02,0,Retained,">12 Months (Low Risk)"
2,23,2,"Laptop & Accessory",5,Single,2,0,8.0,181.61,0,Retained,"0-3 Months (High Risk)"
1,23,3,"Laptop & Accessory",5,Married,2,0,8.0,145.58,0,Retained,"0-3 Months (High Risk)"
6,14,3,"Laptop & Accessory",3,Married,1,0,2.0,171.04,0,Retained,"4-12 Months (Medium Risk)"
25,16,4,"Mobile Phone",1,Married,5,0,4.0,145.75,0,Retained,">12 Months (Low Risk)"
9,16,5,Fashion,3,Divorced,3,1,16.0,231.85000000000002,0,Retained,"4-12 Months (Medium Risk)"
14,9,4,"Mobile Phone",3,Married,4,0,3.0,148.45,0,Retained,">12 Months (Low Risk)"
13,10,3,"Laptop & Accessory",4,Divorced,11,0,7.0,188.89,0,Retained,">12 Months (Low Risk)"
0,30,4,"Laptop & Accessory",4,Single,1,1,10.0,145.99,1,Churned,"0-3 Months (High Risk)"
25,14,3,Mobile,5,Divorced,10,0,4.0,129.5,0,Retained,">12 Months (Low Risk)"
6,14,3,"Laptop & Accessory",3,Single,3,1,0.0,163.88,0,Retained,"4-12 Months (Medium Risk)"
5,15,4,"Laptop & Accessory",1,Single,3,0,9.0,169.24,0,Retained,"4-12 Months (Medium Risk)"
4,14,4,"Laptop & Accessory",3,Married,3,0,10.0,159.91,0,Retained,"4-12 Months (Medium Risk)"
11,7,6,"Laptop & Accessory",1,Married,3,0,,220.25,0,Retained,"4-12 Months (Medium Risk)"
12,21,4,"Laptop & Accessory",4,Married,2,0,,224.24,0,Retained,"4-12 Months (Medium Risk)"
15,7,3,Fashion,5,Divorced,3,0,8.0,208.92,0,Retained,">12 Months (Low Risk)"
4,14,4,"Laptop & Accessory",5,Married,9,0,3.0,172.79,0,Retained,"4-12 Months (Medium Risk)"
14,6,4,Others,3,Married,2,0,10.0,291.89,0,Retained,">12 Months (Low Risk)"
1,11,4,Fashion,5,Single,2,1,,220.82,1,Churned,"0-3 Months (High Risk)"
8,15,2,"Laptop & Accessory",3,Married,3,0,9.0,192.99,0,Retained,"4-12 Months (Medium Risk)"
1,33,5,"Mobile Phone",3,Married,3,1,4.0,153.14,0,Retained,"0-3 Months (High Risk)"
9,9,3,"Laptop & Accessory",4,Single,5,0,7.0,144.85,0,Retained,"4-12 Months (Medium Risk)"
11,18,4,Fashion,2,Married,3,1,8.0,246.85000000000002,0,Retained,"4-12 Months (Medium Risk)"
23,25,4,"Laptop & Accessory",2,Married,3,1,8.0,193.04,0,Retained,">12 Months (Low Risk)"
1,27,4,"Laptop & Accessory",3,Single,3,0,,224.81,0,Retained,"0-3 Months (High Risk)"
5,12,4,"Laptop & Accessory",5,Single,2,0,,224.36,0,Retained,"4-12 Months (Medium Risk)"
17,7,1,"Laptop & Accessory",5,Married,3,0,2.0,150.33,0,Retained,">12 Months (Low Risk)"
16,15,4,Others,2,Married,3,0,10.0,309.3,0,Retained,">12 Months (Low Risk)"
1,7,5,"Laptop & Accessory",5,Divorced,7,0,1.0,167.98,0,Retained,"0-3 Months (High Risk)"
8,17,4,"Mobile Phone",3,Married,3,1,1.0,147.2,0,Retained,"4-12 Months (Medium Risk)"
16,9,6,Others,1,Married,3,0,10.0,323.45,1,Churned,">12 Months (Low Risk)"
7,15,5,"Mobile Phone",1,Single,2,0,3.0,148.42,0,Retained,"4-12 Months (Medium Risk)"
18,10,5,Fashion,3,Married,5,0,3.0,197.56,0,Retained,">12 Months (Low Risk)"
23,13,5,Grocery,3,Married,4,1,13.0,264.66,0,Retained,">12 Months (Low Risk)"
4,23,2,"Laptop & Accessory",3,Married,5,0,8.0,177.94,0,Retained,"4-12 Months (Medium Risk)"
23,6,3,Others,1,Married,4,0,6.0,295.17,0,Retained,">12 Months (Low Risk)"
23,14,4,Fashion,4,Married,5,0,,229.66,0,Retained,">12 Months (Low Risk)"
1,17,2,"Mobile Phone",3,Married,4,0,3.0,145.73,0,Retained,"0-3 Months (High Risk)"
23,29,4,Grocery,4,Married,5,0,3.0,289.13,0,Retained,">12 Months (Low Risk)"
4,15,3,Fashion,4,Married,2,0,8.0,206.48000000000002,0,Retained,"4-12 Months (Medium Risk)"
0,19,3,"Laptop & Accessory",5,Married,3,0,2.0,142.33,1,Churned,"0-3 Months (High Risk)"
6,9,4,"Mobile Phone",5,Married,3,0,1.0,153.27,0,Retained,"4-12 Months (Medium Risk)"
21,22,3,"Laptop & Accessory",3,Married,9,0,7.0,164.39,0,Retained,">12 Months (Low Risk)"
6,7,5,"Mobile Phone",4,Married,8,0,3.0,148.32,0,Retained,"4-12 Months (Medium Risk)"
19,6,3,Mobile,5,Single,7,0,7.0,134.23,0,Retained,">12 Months (Low Risk)"
20,9,4,Others,5,Single,5,0,2.0,314.47,0,Retained,">12 Months (Low Risk)"
4,15,3,Fashion,4,Married,2,0,8.0,206.48000000000002,0,Retained,"4-12 Months (Medium Risk)"
1,12,3,"Mobile Phone",4,Married,3,1,3.0,148.28,0,Retained,"0-3 Months (High Risk)"
7,22,4,"Laptop & Accessory",1,Married,2,1,2.0,37,0,Retained,"4-12 Months (Medium Risk)"
0,8,3,Mobile,5,Divorced,8,0,7.0,127.07,1,Churned,"0-3 Months (High Risk)"
18,8,4,Grocery,1,Married,10,0,8.0,267.92,0,Retained,">12 Months (Low Risk)"
1,11,5,"Mobile Phone",3,Single,7,0,3.0,163.94,1,Churned,"0-3 Months (High Risk)"
15,34,4,"Laptop & Accessory",1,Married,1,0,4.0,145.23,0,Retained,">12 Months (Low Risk)"
26,9,5,"Mobile Phone",1,Single,9,0,3.0,157.12,0,Retained,">12 Months (Low Risk)"
5,14,5,Fashion,3,Divorced,3,0,,214.43,0,Retained,"4-12 Months (Medium Risk)"
14,26,4,"Laptop & Accessory",1,Married,10,1,8.0,152.41,0,Retained,">12 Months (Low Risk)"
6,34,3,"Laptop & Accessory",3,Married,2,1,7.0,152.07,0,Retained,"4-12 Months (Medium Risk)"
17,9,4,"Laptop & Accessory",1,Married,3,1,9.0,203.47,0,Retained,">12 Months (Low Risk)"
1,30,2,"Mobile Phone",1,Married,3,1,5.0,152.25,0,Retained,"0-3 Months (High Risk)"
14,19,4,"Laptop & Accessory",5,Married,4,0,8.0,169.48,0,Retained,">12 Months (Low Risk)"
13,12,3,Grocery,1,Single,2,1,7.0,264.37,0,Retained,">12 Months (Low Risk)"
14,21,5,Others,3,Single,3,0,10.0,321.26,0,Retained,">12 Months (Low Risk)"
13,8,3,"Laptop & Accessory",4,Married,8,0,3.0,157.15,0,Retained,">12 Months (Low Risk)"
0,8,5,Mobile,2,Divorced,6,1,2.0,134.64,1,Churned,"0-3 Months (High Risk)"
19,7,3,Mobile,5,Single,7,0,7.0,134.23,0,Retained,">12 Months (Low Risk)"
8,8,4,Fashion,4,Married,3,0,4.0,202.74,0,Retained,"4-12 Months (Medium Risk)"
17,35,3,"Laptop & Accessory",1,Single,2,0,17.0,145.41,0,Retained,">12 Months (Low Risk)"
4,23,4,"Mobile Phone",1,Married,3,0,9.0,153.62,0,Retained,"4-12 Months (Medium Risk)"
1,19,4,"Laptop & Accessory",1,Single,5,1,8.0,170.81,1,Churned,"0-3 Months (High Risk)"
8,9,4,"Laptop & Accessory",5,Single,2,1,3.0,170.38,0,Retained,"4-12 Months (Medium Risk)"
1,16,5,"Mobile Phone",4,Married,3,0,1.0,151.94,0,Retained,"0-3 Months (High Risk)"
14,23,4,Fashion,1,Single,8,1,4.0,204.45,0,Retained,">12 Months (Low Risk)"
23,23,4,"Mobile Phone",5,Married,6,1,3.0,150.87,0,Retained,">12 Months (Low Risk)"
6,6,4,Mobile,5,Single,4,1,2.0,127.99000000000001,0,Retained,"4-12 Months (Medium Risk)"
1,29,4,"Mobile Phone",3,Married,6,1,2.0,146.32,1,Churned,"0-3 Months (High Risk)"
5,14,4,"Laptop & Accessory",5,Divorced,3,0,13.0,168.06,0,Retained,"4-12 Months (Medium Risk)"
19,9,4,Others,5,Divorced,7,1,5.0,323.59,1,Churned,">12 Months (Low Risk)"
15,10,3,Others,2,Divorced,2,0,15.0,292.32,0,Retained,">12 Months (Low Risk)"
4,16,4,"Laptop & Accessory",1,Married,2,1,8.0,188.47,0,Retained,"4-12 Months (Medium Risk)"
21,28,3,Grocery,1,Married,4,0,7.0,271.74,0,Retained,">12 Months (Low Risk)"
13,22,3,Fashion,1,Single,7,1,3.0,179.45,0,Retained,">12 Months (Low Risk)"
23,23,4,Fashion,5,Married,6,0,11.0,232.69,0,Retained,">12 Months (Low Risk)"
7,14,4,"Laptop & Accessory",4,Married,2,0,3.0,168.02,0,Retained,"4-12 Months (Medium Risk)"
14,17,5,"Laptop & Accessory",4,Married,9,0,4.0,193.52,0,Retained,">12 Months (Low Risk)"
0,10,4,"Laptop & Accessory",5,Divorced,2,0,3.0,142.56,0,Retained,"0-3 Months (High Risk)"
0,16,3,"Laptop & Accessory",3,Married,2,1,3.0,142.6,0,Retained,"0-3 Months (High Risk)"
1,10,5,"Mobile Phone",1,Single,2,0,2.0,145.45,0,Retained,"0-3 Months (High Risk)"
23,9,3,Others,4,Married,2,0,7.0,282,0,Retained,">12 Months (Low Risk)"
1,14,4,"Mobile Phone",1,Single,3,0,8.0,150.7,0,Retained,"0-3 Months (High Risk)"
5,15,4,Grocery,4,Single,5,0,1.0,289.22,0,Retained,"4-12 Months (Medium Risk)"
6,20,4,"Laptop & Accessory",1,Married,4,0,4.0,169.03,0,Retained,"4-12 Months (Medium Risk)"
6,6,1,"Laptop & Accessory",5,Married,2,0,8.0,140.37,0,Retained,"4-12 Months (Medium Risk)"
0,11,4,Mobile,3,Single,1,0,0.0,129.66,0,Retained,"0-3 Months (High Risk)"
4,23,4,"Laptop & Accessory",3,Married,10,0,3.0,178.01,0,Retained,"4-12 Months (Medium Risk)"
14,27,4,Fashion,1,Married,6,0,,228.22,0,Retained,">12 Months (Low Risk)"
0,21,3,Fashion,3,Divorced,8,1,7.0,236.10000000000002,1,Churned,"0-3 Months (High Risk)"
9,21,5,"Laptop & Accessory",1,Married,2,0,11.0,154.06,0,Retained,"4-12 Months (Medium Risk)"
10,11,5,"Laptop & Accessory",2,Single,3,0,9.0,183.1,0,Retained,"4-12 Months (Medium Risk)"
7,28,2,"Mobile Phone",4,Married,3,0,14.0,145.28,0,Retained,"4-12 Months (Medium Risk)"
20,14,4,"Mobile Phone",3,Married,10,0,9.0,148.39,1,Churned,">12 Months (Low Risk)"
25,18,5,Grocery,4,Single,5,0,4.0,256.42,0,Retained,">12 Months (Low Risk)"
21,21,4,"Laptop & Accessory",4,Married,10,0,8.0,179.67,0,Retained,">12 Months (Low Risk)"
12,7,2,"Mobile Phone",3,Married,3,0,1.0,153.44,0,Retained,"4-12 Months (Medium Risk)"
13,30,3,"Laptop & Accessory",1,Married,2,0,7.0,133.19,0,Retained,">12 Months (Low Risk)"
9,8,5,"Laptop & Accessory",1,Married,2,0,1.0,178.63,0,Retained,"4-12 Months (Medium Risk)"
16,9,4,Grocery,3,Divorced,2,1,11.0,303.61,0,Retained,">12 Months (Low Risk)"
19,31,4,"Mobile Phone",4,Single,3,0,5.0,146.77,0,Retained,">12 Months (Low Risk)"
13,10,2,"Laptop & Accessory",4,Married,11,0,7.0,188.89,0,Retained,">12 Months (Low Risk)"
22,9,2,"Mobile Phone",4,Single,7,0,1.0,150.59,0,Retained,">12 Months (Low Risk)"
0,9,3,"Mobile Phone",3,Single,2,0,7.0,140.84,1,Churned,"0-3 Months (High Risk)"
13,7,5,Grocery,1,Married,3,0,9.0,252.42000000000002,0,Retained,">12 Months (Low Risk)"
13,14,4,Fashion,4,Married,3,0,8.0,237.57,0,Retained,">12 Months (Low Risk)"
3,12,5,"Laptop & Accessory",4,Married,3,1,10.0,166.87,0,Retained,"0-3 Months (High Risk)"
18,19,1,Grocery,3,Single,7,1,8.0,236.95,1,Churned,">12 Months (Low Risk)"
1,12,4,Others,3,Married,8,0,1.0,308.03,0,Retained,"0-3 Months (High Risk)"
12,7,4,"Mobile Phone",4,Married,2,1,3.0,154.91,0,Retained,"4-12 Months (Medium Risk)"
4,8,4,"Mobile Phone",4,Married,3,0,8.0,162.48,0,Retained,"4-12 Months (Medium Risk)"
19,35,5,Grocery,4,Single,3,0,7.0,292.04,0,Retained,">12 Months (Low Risk)"
9,6,3,"Laptop & Accessory",1,Married,2,1,11.0,162.01,0,Retained,"4-12 Months (Medium Risk)"
0,6,4,"Laptop & Accessory",5,Divorced,6,0,0.0,142.98,0,Retained,"0-3 Months (High Risk)"
8,5,3,Fashion,5,Married,2,0,8.0,190.69,0,Retained,"4-12 Months (Medium Risk)"
1,15,4,"Mobile Phone",5,Married,3,1,1.0,148.98,1,Churned,"0-3 Months (High Risk)"
10,15,4,Fashion,3,Married,3,0,,225.96,0,Retained,"4-12 Months (Medium Risk)"
22,9,4,"Laptop & Accessory",5,Married,5,0,2.0,147.89,0,Retained,">12 Months (Low Risk)"
8,24,3,"Laptop & Accessory",3,Married,2,1,2.0,156.89,0,Retained,"4-12 Months (Medium Risk)"
1,19,4,"Mobile Phone",2,Divorced,3,1,1.0,150.15,1,Churned,"0-3 Months (High Risk)"
1,16,5,"Mobile Phone",5,Single,9,0,4.0,159.07,1,Churned,"0-3 Months (High Risk)"
18,7,2,"Laptop & Accessory",5,Married,4,0,3.0,175.33,0,Retained,">12 Months (Low Risk)"
4,7,4,"Laptop & Accessory",1,Single,3,0,8.0,165.11,0,Retained,"4-12 Months (Medium Risk)"
12,9,4,"Mobile Phone",3,Divorced,8,1,2.0,155.57,0,Retained,"4-12 Months (Medium Risk)"
22,9,4,"Laptop & Accessory",1,Married,4,0,8.0,165.51,0,Retained,">12 Months (Low Risk)"
2,25,4,"Laptop & Accessory",3,Married,2,0,4.0,186.2,0,Retained,"0-3 Months (High Risk)"
1,10,3,"Laptop & Accessory",2,Married,3,1,5.0,171.47,0,Retained,"0-3 Months (High Risk)"
1,7,3,Mobile,1,Married,2,0,2.0,127.06,0,Retained,"0-3 Months (High Risk)"
3,34,4,"Laptop & Accessory",3,Married,6,0,2.0,168.35,0,Retained,"0-3 Months (High Risk)"
16,8,4,Fashion,1,Married,1,0,9.0,201.69,1,Churned,">12 Months (Low Risk)"
14,13,3,"Laptop & Accessory",3,Single,7,0,1.0,150.03,0,Retained,">12 Months (Low Risk)"
12,12,3,Fashion,4,Single,5,0,2.0,183.76,0,Retained,"4-12 Months (Medium Risk)"
10,10,3,"Mobile Phone",2,Married,5,0,8.0,0,0,Retained,"4-12 Months (Medium Risk)"
18,35,3,Mobile,1,Single,6,0,3.0,134.52,0,Retained,">12 Months (Low Risk)"
20,10,3,"Laptop & Accessory",2,Single,2,1,7.0,141.63,0,Retained,">12 Months (Low Risk)"
1,25,4,"Laptop & Accessory",3,Married,2,1,3.0,171.14,1,Churned,"0-3 Months (High Risk)"
9,15,1,Mobile,4,Married,2,0,2.0,128.1,0,Retained,"4-12 Months (Medium Risk)"
21,6,1,Grocery,2,Single,3,0,1.0,268.85,0,Retained,">12 Months (Low Risk)"
2,8,3,Grocery,1,Married,8,0,,221.69,1,Churned,"0-3 Months (High Risk)"
16,12,4,Others,3,Married,8,0,14.0,293.92,0,Retained,">12 Months (Low Risk)"
1,16,3,"Mobile Phone",4,Married,2,0,0.0,110.52000000000001,0,Retained,"0-3 Months (High Risk)"
7,14,1,"Laptop & Accessory",3,Married,2,0,8.0,167.99,0,Retained,"4-12 Months (Medium Risk)"
20,9,4,Fashion,1,Married,6,1,,228.68,0,Retained,">12 Months (Low Risk)"
30,7,4,"Laptop & Accessory",3,Married,3,0,10.0,188.06,0,Retained,">12 Months (Low Risk)"
16,33,4,Fashion,5,Married,5,1,1.0,256.91,0,Retained,">12 Months (Low Risk)"
1,8,4,"Mobile Phone",5,Single,2,0,7.0,153.67,0,Retained,"0-3 Months (High Risk)"
1,35,5,"Laptop & Accessory",4,Divorced,2,0,7.0,165.49,0,Retained,"0-3 Months (High Risk)"
1,7,4,"Laptop & Accessory",4,Married,3,0,5.0,188.97,0,Retained,"0-3 Months (High Risk)"
20,31,4,"Mobile Phone",1,Single,3,0,1.0,150.87,1,Churned,">12 Months (Low Risk)"
27,23,3,Fashion,3,Married,9,0,8.0,207.39,0,Retained,">12 Months (Low Risk)"
30,16,4,Grocery,1,Married,9,0,2.0,236.02999999999997,0,Retained,">12 Months (Low Risk)"
3,10,5,Fashion,3,Married,3,0,8.0,244.35000000000002,0,Retained,"0-3 Months (High Risk)"
12,15,3,Others,1,Single,3,0,3.0,294.31,0,Retained,"4-12 Months (Medium Risk)"
3,13,3,Mobile,4,Single,1,0,2.0,129.83,0,Retained,"0-3 Months (High Risk)"
27,30,4,Grocery,2,Single,8,0,9.0,267.75,0,Retained,">12 Months (Low Risk)"
24,7,4,Grocery,1,Married,11,0,4.0,298.99,0,Retained,">12 Months (Low Risk)"
28,10,3,"Laptop & Accessory",3,Married,1,1,2.0,140.35,0,Retained,">12 Months (Low Risk)"
1,17,4,"Laptop & Accessory",3,Married,3,1,4.0,167.6,0,Retained,"0-3 Months (High Risk)"
9,11,3,"Laptop & Accessory",4,Single,9,0,7.0,159.14,0,Retained,"4-12 Months (Medium Risk)"
8,15,2,"Laptop & Accessory",3,Married,4,0,3.0,169.04,0,Retained,"4-12 Months (Medium Risk)"
14,15,4,"Laptop & Accessory",3,Divorced,5,1,4.0,192.96,1,Churned,">12 Months (Low Risk)"
21,11,4,"Laptop & Accessory",2,Single,3,1,8.0,166.63,0,Retained,">12 Months (Low Risk)"
1,12,4,"Mobile Phone",4,Single,2,0,3.0,149.22,1,Churned,"0-3 Months (High Risk)"
4,29,4,"Laptop & Accessory",1,Married,1,0,8.0,155.82,0,Retained,"4-12 Months (Medium Risk)"
13,9,4,Mobile,3,Married,2,1,2.0,126.83000000000001,1,Churned,">12 Months (Low Risk)"
20,20,3,"Laptop & Accessory",5,Single,3,0,7.0,149.6,0,Retained,">12 Months (Low Risk)"
14,35,5,Fashion,5,Married,6,1,1.0,233.54000000000002,1,Churned,">12 Months (Low Risk)"
27,26,3,"Laptop & Accessory",3,Single,4,0,3.0,148.69,0,Retained,">12 Months (Low Risk)"
14,16,4,Fashion,3,Single,11,0,14.0,259.99,0,Retained,">12 Months (Low Risk)"
2,34,4,"Mobile Phone",5,Single,2,0,4.0,137.85,0,Retained,"0-3 Months (High Risk)"
0,16,3,"Laptop & Accessory",3,Married,2,1,3.0,142.6,0,Retained,"0-3 Months (High Risk)"
3,16,2,"Mobile Phone",3,Married,8,0,1.0,149.51,0,Retained,"0-3 Months (High Risk)"
1,25,5,"Mobile Phone",2,Single,3,1,2.0,148.89,1,Churned,"0-3 Months (High Risk)"
13,9,4,Fashion,3,Single,2,0,9.0,234.38,0,Retained,">12 Months (Low Risk)"
1,17,2,"Mobile Phone",3,Single,3,0,3.0,160.05,0,Retained,"0-3 Months (High Risk)"
4,13,4,Fashion,1,Married,10,0,,215.57,0,Retained,"4-12 Months (Medium Risk)"
8,28,2,"Laptop & Accessory",1,Single,3,0,8.0,178.37,0,Retained,"4-12 Months (Medium Risk)"
1,14,4,"Mobile Phone",4,Single,3,0,1.0,151.79,1,Churned,"0-3 Months (High Risk)"
14,12,5,Fashion,5,Married,7,1,,229.75,0,Retained,">12 Months (Low Risk)"
5,12,4,"Laptop & Accessory",1,Married,3,0,3.0,179.76,0,Retained,"4-12 Months (Medium Risk)"
14,15,4,"Laptop & Accessory",5,Married,4,1,1.0,190.16,0,Retained,">12 Months (Low Risk)"
0,35,3,"Laptop & Accessory",3,Married,6,0,0.0,143.06,0,Retained,"0-3 Months (High Risk)"
8,27,3,"Laptop & Accessory",2,Divorced,2,1,7.0,140.14,0,Retained,"4-12 Months (Medium Risk)"
16,10,2,"Laptop & Accessory",2,Divorced,4,1,4.0,177.31,0,Retained,">12 Months (Low Risk)"
2,14,4,"Laptop & Accessory",5,Single,2,0,4.0,173.98,0,Retained,"0-3 Months (High Risk)"
19,7,5,Fashion,3,Married,5,0,5.0,232.48000000000002,0,Retained,">12 Months (Low Risk)"
1,24,4,"Mobile Phone",4,Married,2,1,2.0,155.58,0,Retained,"0-3 Months (High Risk)"
4,9,6,"Laptop & Accessory",1,Single,4,0,3.0,185.91,0,Retained,"4-12 Months (Medium Risk)"
31,7,6,Fashion,1,Married,5,0,1.0,233.82999999999998,0,Retained,">12 Months (Low Risk)"
30,27,3,Grocery,1,Married,5,1,0.0,278.75,0,Retained,">12 Months (Low Risk)"
11,13,4,"Laptop & Accessory",1,Married,6,0,2.0,190.02,0,Retained,"4-12 Months (Medium Risk)"
9,7,5,"Laptop & Accessory",5,Single,2,0,9.0,168.12,0,Retained,"4-12 Months (Medium Risk)"
14,16,4,Others,1,Married,4,0,6.0,291.41,0,Retained,">12 Months (Low Risk)"
9,7,4,Fashion,3,Single,3,0,,212.89,0,Retained,"4-12 Months (Medium Risk)"
4,22,5,Fashion,5,Married,4,0,8.0,196.4,0,Retained,"4-12 Months (Medium Risk)"
0,28,3,Mobile,3,Single,2,0,2.0,134.47,0,Retained,"0-3 Months (High Risk)"
0,32,4,"Laptop & Accessory",5,Single,6,0,1.0,166.96,1,Churned,"0-3 Months (High Risk)"
2,8,4,"Mobile Phone",5,Single,3,1,0.0,136.46,1,Churned,"0-3 Months (High Risk)"
2,36,4,"Laptop & Accessory",5,Married,9,1,1.0,191.73,1,Churned,"0-3 Months (High Risk)"
28,26,3,"Laptop & Accessory",1,Married,4,1,8.0,154.15,0,Retained,">12 Months (Low Risk)"
2,6,3,Fashion,2,Divorced,2,0,1.0,179.18,0,Retained,"0-3 Months (High Risk)"
0,9,1,"Laptop & Accessory",1,Married,2,1,4.0,146.47,0,Retained,"0-3 Months (High Risk)"
2,26,3,"Mobile Phone",1,Married,2,0,10.0,138.12,0,Retained,"0-3 Months (High Risk)"
23,14,3,"Mobile Phone",4,Married,8,0,2.0,138.75,0,Retained,">12 Months (Low Risk)"
2,8,3,Mobile,4,Married,1,0,4.0,127.03,0,Retained,"0-3 Months (High Risk)"
0,24,3,"Laptop & Accessory",3,Married,1,1,2.0,146.14,1,Churned,"0-3 Months (High Risk)"
15,8,3,Grocery,5,Married,1,0,7.0,276.65,0,Retained,">12 Months (Low Risk)"
8,14,4,Fashion,1,Married,5,1,12.0,203.77,0,Retained,"4-12 Months (Medium Risk)"
7,9,4,"Laptop & Accessory",1,Married,4,1,1.0,181.03,0,Retained,"4-12 Months (Medium Risk)"
16,13,3,Fashion,5,Divorced,9,0,0.0,199.85,0,Retained,">12 Months (Low Risk)"
13,20,5,Grocery,4,Married,8,1,3.0,296.23,0,Retained,">12 Months (Low Risk)"
13,20,3,"Laptop & Accessory",5,Married,2,0,2.0,146.39,0,Retained,">12 Months (Low Risk)"
19,20,3,"Mobile Phone",4,Divorced,10,1,3.0,149.63,1,Churned,">12 Months (Low Risk)"
9,13,6,"Laptop & Accessory",2,Single,3,0,9.0,191.46,0,Retained,"4-12 Months (Medium Risk)"
29,6,3,"Laptop & Accessory",3,Married,2,0,9.0,163.06,0,Retained,">12 Months (Low Risk)"
16,33,4,Fashion,5,Divorced,5,1,1.0,256.91,0,Retained,">12 Months (Low Risk)"
4,8,3,Fashion,3,Married,2,1,6.0,198.52,0,Retained,"4-12 Months (Medium Risk)"
10,15,4,"Laptop & Accessory",1,Married,6,0,8.0,175.79,0,Retained,"4-12 Months (Medium Risk)"
1,12,4,"Mobile Phone",3,Single,3,1,3.0,159.41,1,Churned,"0-3 Months (High Risk)"
9,13,1,"Laptop & Accessory",5,Married,3,0,13.0,146.39,0,Retained,"4-12 Months (Medium Risk)"
0,29,4,"Laptop & Accessory",3,Married,4,1,1.0,159.16,1,Churned,"0-3 Months (High Risk)"
26,9,3,Grocery,3,Divorced,4,1,3.0,275.84,0,Retained,">12 Months (Low Risk)"
1,9,4,"Mobile Phone",5,Married,2,0,3.0,155.41,1,Churned,"0-3 Months (High Risk)"
17,35,3,"Laptop & Accessory",2,Single,2,0,17.0,145.41,0,Retained,">12 Months (Low Risk)"
1,30,5,"Laptop & Accessory",3,Married,5,1,2.0,184.16,1,Churned,"0-3 Months (High Risk)"
13,26,3,Fashion,1,Married,5,0,1.0,203.22,0,Retained,">12 Months (Low Risk)"
2,14,4,"Laptop & Accessory",1,Married,2,1,2.0,150.56,0,Retained,"0-3 Months (High Risk)"
1,15,4,"Mobile Phone",1,Single,3,0,5.0,159.45,0,Retained,"0-3 Months (High Risk)"
16,20,3,Grocery,5,Divorced,7,0,0.0,271.59,0,Retained,">12 Months (Low Risk)"
5,9,3,"Laptop & Accessory",5,Married,2,0,3.0,167.25,0,Retained,"4-12 Months (Medium Risk)"
5,8,3,Mobile,1,Single,1,0,6.0,130.68,0,Retained,"4-12 Months (Medium Risk)"
0,32,4,Mobile,3,Married,2,1,3.0,128.14,0,Retained,"0-3 Months (High Risk)"
16,28,4,"Laptop & Accessory",3,Married,4,0,3.0,177.65,0,Retained,">12 Months (Low Risk)"
4,6,3,"Laptop & Accessory",1,Single,9,1,5.0,159.93,1,Churned,"4-12 Months (Medium Risk)"
8,13,3,"Laptop & Accessory",1,Married,2,1,9.0,152.04,0,Retained,"4-12 Months (Medium Risk)"
0,13,3,Mobile,4,Single,2,0,0.0,126.78999999999999,1,Churned,"0-3 Months (High Risk)"
11,7,4,"Mobile Phone",1,Single,3,0,8.0,146.15,0,Retained,"4-12 Months (Medium Risk)"
20,14,4,"Mobile Phone",3,Married,10,0,9.0,148.39,1,Churned,">12 Months (Low Risk)"
3,10,4,"Mobile Phone",5,Single,3,1,6.0,172.23,0,Retained,"0-3 Months (High Risk)"
11,9,3,Mobile,3,Divorced,4,0,2.0,128.21,0,Retained,"4-12 Months (Medium Risk)"
4,14,4,"Mobile Phone",4,Single,2,0,3.0,154.83,0,Retained,"4-12 Months (Medium Risk)"
0,14,4,"Mobile Phone",3,Single,2,1,2.0,139.89,1,Churned,"0-3 Months (High Risk)"
8,10,4,"Laptop & Accessory",4,Married,3,0,10.0,179.33,0,Retained,"4-12 Months (Medium Risk)"
5,7,6,"Laptop & Accessory",5,Married,3,0,8.0,175.03,0,Retained,"4-12 Months (Medium Risk)"
1,21,4,"Mobile Phone",3,Single,3,0,1.0,140.14,0,Retained,"0-3 Months (High Risk)"
6,9,4,"Laptop & Accessory",4,Married,2,0,7.0,179.7,0,Retained,"4-12 Months (Medium Risk)"
9,10,4,"Laptop & Accessory",1,Single,2,0,8.0,158.1,0,Retained,"4-12 Months (Medium Risk)"
12,13,5,"Mobile Phone",3,Married,3,0,5.0,162.02,0,Retained,"4-12 Months (Medium Risk)"
0,29,3,Mobile,2,Married,2,0,2.0,128.86,0,Retained,"0-3 Months (High Risk)"
0,6,3,"Laptop & Accessory",4,Married,1,1,4.0,163.49,0,Retained,"0-3 Months (High Risk)"
14,7,3,Mobile,1,Married,4,0,0.0,127.82,0,Retained,">12 Months (Low Risk)"
2,7,3,"Mobile Phone",1,Married,2,0,2.0,137.6,0,Retained,"0-3 Months (High Risk)"
1,7,4,"Mobile Phone",4,Single,3,1,5.0,157.02,1,Churned,"0-3 Months (High Risk)"
4,11,3,"Mobile Phone",2,Divorced,1,1,3.0,148.21,0,Retained,"4-12 Months (Medium Risk)"
1,9,2,"Laptop & Accessory",2,Divorced,3,0,4.0,179.72,0,Retained,"0-3 Months (High Risk)"
5,14,4,"Laptop & Accessory",4,Married,2,1,9.0,152.28,0,Retained,"4-12 Months (Medium Risk)"
22,6,4,Grocery,3,Single,8,1,7.0,239.64,0,Retained,">12 Months (Low Risk)"
1,7,5,"Mobile Phone",5,Single,8,0,8.0,148.62,1,Churned,"0-3 Months (High Risk)"
6,20,5,"Mobile Phone",4,Married,3,0,3.0,159,0,Retained,"4-12 Months (Medium Risk)"
0,7,5,"Laptop & Accessory",4,Single,7,0,0.0,167.35,1,Churned,"0-3 Months (High Risk)"
17,6,1,"Laptop & Accessory",5,Married,3,0,2.0,150.33,0,Retained,">12 Months (Low Risk)"
18,6,3,Fashion,4,Married,2,0,7.0,174.41,0,Retained,">12 Months (Low Risk)"
17,10,6,Others,2,Divorced,5,0,8.0,322.4,0,Retained,">12 Months (Low Risk)"
15,16,4,Others,3,Married,4,0,12.0,319.19,0,Retained,">12 Months (Low Risk)"
25,21,4,"Laptop & Accessory",1,Married,6,0,8.0,174.36,0,Retained,">12 Months (Low Risk)"
13,27,4,"Laptop & Accessory",1,Married,4,0,3.0,166.27,0,Retained,">12 Months (Low Risk)"
8,17,4,"Laptop & Accessory",3,Married,3,1,8.0,165.01,0,Retained,"4-12 Months (Medium Risk)"
1,9,4,"Mobile Phone",5,Married,3,1,1.0,145.74,1,Churned,"0-3 Months (High Risk)"
3,11,4,"Mobile Phone",1,Married,10,0,3.0,137.61,0,Retained,"0-3 Months (High Risk)"
11,8,3,Mobile,3,Divorced,7,1,1.0,130.57,0,Retained,"4-12 Months (Medium Risk)"
1,9,5,"Mobile Phone",1,Single,3,0,1.0,150.64,1,Churned,"0-3 Months (High Risk)"
0,10,3,Fashion,5,Single,1,1,7.0,195.82,1,Churned,"0-3 Months (High Risk)"
13,32,3,"Laptop & Accessory",5,Married,2,0,5.0,183.96,0,Retained,">12 Months (Low Risk)"
10,9,4,"Mobile Phone",1,Single,5,1,3.0,151.44,0,Retained,"4-12 Months (Medium Risk)"
2,23,4,"Mobile Phone",3,Single,3,0,5.0,146.44,0,Retained,"0-3 Months (High Risk)"
5,7,6,"Laptop & Accessory",3,Divorced,2,0,5.0,168.45,0,Retained,"4-12 Months (Medium Risk)"
24,17,4,Grocery,4,Single,4,0,3.0,231.42000000000002,0,Retained,">12 Months (Low Risk)"
16,16,4,"Laptop & Accessory",3,Married,2,0,0.0,152.57,0,Retained,">12 Months (Low Risk)"
2,15,4,"Mobile Phone",1,Single,1,0,2.0,139.83,0,Retained,"0-3 Months (High Risk)"
1,32,2,"Mobile Phone",1,Single,3,1,2.0,154.94,0,Retained,"0-3 Months (High Risk)"
9,32,5,"Laptop & Accessory",1,Single,6,0,3.0,161.81,0,Retained,"4-12 Months (Medium Risk)"
6,36,4,"Mobile Phone",3,Single,11,0,8.0,165.25,0,Retained,"4-12 Months (Medium Risk)"
15,15,3,"Mobile Phone",1,Single,2,0,8.0,136.73,0,Retained,">12 Months (Low Risk)"
8,7,4,"Mobile Phone",2,Divorced,3,0,9.0,151.91,0,Retained,"4-12 Months (Medium Risk)"
1,11,4,"Mobile Phone",4,Single,3,0,3.0,157.95,0,Retained,"0-3 Months (High Risk)"
3,31,4,Fashion,4,Single,3,1,0.0,190.94,1,Churned,"0-3 Months (High Risk)"
5,19,4,Mobile,4,Married,2,0,2.0,134,0,Retained,"4-12 Months (Medium Risk)"
3,23,3,Fashion,5,Divorced,2,1,,219.16000000000003,0,Retained,"0-3 Months (High Risk)"
10,10,2,"Laptop & Accessory",5,Married,8,0,5.0,193.42,0,Retained,"4-12 Months (Medium Risk)"
1,36,5,"Laptop & Accessory",3,Single,3,0,9.0,170.08,1,Churned,"0-3 Months (High Risk)"
10,31,4,"Laptop & Accessory",2,Married,8,0,3.0,157.31,0,Retained,"4-12 Months (Medium Risk)"
20,12,4,"Laptop & Accessory",4,Married,3,1,3.0,175.21,0,Retained,">12 Months (Low Risk)"
12,8,1,Fashion,3,Single,1,0,7.0,178.8,0,Retained,"4-12 Months (Medium Risk)"
12,25,3,"Laptop & Accessory",1,Married,9,0,2.0,139.02,0,Retained,"4-12 Months (Medium Risk)"
8,16,4,"Laptop & Accessory",3,Married,3,0,4.0,182.14,0,Retained,"4-12 Months (Medium Risk)"
11,8,3,Fashion,4,Single,8,0,0.0,173.51,0,Retained,"4-12 Months (Medium Risk)"
10,10,4,"Mobile Phone",4,Single,6,0,3.0,145.88,0,Retained,"4-12 Months (Medium Risk)"
4,13,2,"Laptop & Accessory",2,Divorced,5,0,7.0,169.29,0,Retained,"4-12 Months (Medium Risk)"
1,12,5,"Laptop & Accessory",3,Single,3,1,4.0,182.44,1,Churned,"0-3 Months (High Risk)"
0,16,3,Fashion,5,Married,2,0,7.0,187.93,0,Retained,"0-3 Months (High Risk)"
10,12,4,"Laptop & Accessory",4,Single,10,0,8.0,184.14,0,Retained,"4-12 Months (Medium Risk)"
9,14,2,Fashion,5,Divorced,10,0,,217.13,0,Retained,"4-12 Months (Medium Risk)"
1,21,5,"Mobile Phone",4,Married,3,1,3.0,162.43,1,Churned,"0-3 Months (High Risk)"
13,17,4,"Laptop & Accessory",5,Married,4,0,8.0,178.77,0,Retained,">12 Months (Low Risk)"
6,31,4,"Laptop & Accessory",2,Divorced,3,0,8.0,178.09,0,Retained,"4-12 Months (Medium Risk)"
1,17,5,"Mobile Phone",5,Single,8,1,1.0,149.04,1,Churned,"0-3 Months (High Risk)"
30,7,1,"Laptop & Accessory",3,Married,1,0,8.0,149,0,Retained,">12 Months (Low Risk)"
3,35,3,"Laptop & Accessory",5,Married,9,0,3.0,141.15,0,Retained,"0-3 Months (High Risk)"
11,8,3,"Laptop & Accessory",3,Divorced,10,0,0.0,165.53,0,Retained,"4-12 Months (Medium Risk)"
1,17,4,"Laptop & Accessory",1,Single,2,0,2.0,174.5,0,Retained,"0-3 Months (High Risk)"
6,8,3,"Mobile Phone",3,Married,2,0,4.0,136,0,Retained,"4-12 Months (Medium Risk)"
7,7,3,Mobile,5,Married,6,0,3.0,129.96,0,Retained,"4-12 Months (Medium Risk)"
15,9,1,"Laptop & Accessory",1,Married,3,1,3.0,152.31,0,Retained,">12 Months (Low Risk)"
18,7,5,"Laptop & Accessory",3,Single,6,0,3.0,184.85,0,Retained,">12 Months (Low Risk)"
8,7,2,"Laptop & Accessory",1,Married,2,0,,222.25,0,Retained,"4-12 Months (Medium Risk)"
14,16,4,Grocery,5,Married,5,0,7.0,271.81,0,Retained,">12 Months (Low Risk)"
7,16,3,Mobile,3,Single,2,1,2.0,129.36,1,Churned,"4-12 Months (Medium Risk)"
1,15,4,"Mobile Phone",5,Married,3,1,1.0,148.98,1,Churned,"0-3 Months (High Risk)"
20,22,4,Others,4,Married,7,0,4.0,315.81,0,Retained,">12 Months (Low Risk)"
13,9,2,Fashion,3,Single,2,0,8.0,203.8,0,Retained,">12 Months (Low Risk)"
1,23,4,"Mobile Phone",4,Married,4,1,3.0,148.73,1,Churned,"0-3 Months (High Risk)"
1,18,3,"Laptop & Accessory",3,Divorced,10,0,3.0,172.07,1,Churned,"0-3 Months (High Risk)"
9,9,3,"Laptop & Accessory",4,Single,4,1,1.0,192.78,0,Retained,"4-12 Months (Medium Risk)"
10,10,5,Fashion,2,Divorced,6,0,,221.99,0,Retained,"4-12 Months (Medium Risk)"
5,35,3,"Mobile Phone",3,Single,10,0,7.0,140.25,0,Retained,"4-12 Months (Medium Risk)"
8,8,4,Fashion,4,Married,3,0,4.0,202.74,0,Retained,"4-12 Months (Medium Risk)"
12,9,6,"Laptop & Accessory",1,Married,4,1,4.0,179.05,0,Retained,"4-12 Months (Medium Risk)"
4,18,3,"Laptop & Accessory",1,Married,1,1,5.0,158.55,0,Retained,"4-12 Months (Medium Risk)"
0,16,3,"Laptop & Accessory",5,Single,2,0,8.0,142.13,1,Churned,"0-3 Months (High Risk)"
1,9,5,"Mobile Phone",1,Single,2,0,2.0,164.04,0,Retained,"0-3 Months (High Risk)"
7,12,4,Fashion,4,Divorced,8,0,9.0,243.77999999999997,0,Retained,"4-12 Months (Medium Risk)"
13,20,5,Grocery,4,Married,8,1,3.0,296.23,0,Retained,">12 Months (Low Risk)"
1,9,5,"Mobile Phone",2,Single,9,0,1.0,152.85,1,Churned,"0-3 Months (High Risk)"
8,13,5,"Laptop & Accessory",4,Married,8,0,1.0,170.05,0,Retained,"4-12 Months (Medium Risk)"
10,17,4,Fashion,4,Married,7,0,8.0,198.14,1,Churned,"4-12 Months (Medium Risk)"
26,127,4,"Mobile Phone",1,Married,4,0,1.0,159.82,0,Retained,">12 Months (Low Risk)"
8,18,5,"Laptop & Accessory",4,Divorced,6,0,9.0,169.9,0,Retained,"4-12 Months (Medium Risk)"
10,18,4,Fashion,1,Married,2,0,,222.38,0,Retained,"4-12 Months (Medium Risk)"
8,24,3,Fashion,2,Single,3,0,2.0,193.62,0,Retained,"4-12 Months (Medium Risk)"
21,8,4,Fashion,4,Married,2,0,13.0,244.57,0,Retained,">12 Months (Low Risk)"
3,27,4,"Mobile Phone",2,Divorced,3,0,3.0,146.57,0,Retained,"0-3 Months (High Risk)"
13,16,4,"Laptop & Accessory",4,Married,8,0,3.0,168.52,0,Retained,">12 Months (Low Risk)"
9,12,5,Mobile,3,Married,2,0,7.0,127.41,0,Retained,"4-12 Months (Medium Risk)"
2,21,4,"Laptop & Accessory",3,Single,1,1,8.0,141.93,0,Retained,"0-3 Months (High Risk)"
10,16,4,Fashion,1,Married,6,0,,225.96,1,Churned,"4-12 Months (Medium Risk)"
2,24,4,"Laptop & Accessory",5,Married,3,0,9.0,170.58,0,Retained,"0-3 Months (High Risk)"
15,23,1,"Laptop & Accessory",5,Single,4,1,2.0,165.45,0,Retained,">12 Months (Low Risk)"
0,35,5,"Laptop & Accessory",5,Single,9,0,2.0,149.69,1,Churned,"0-3 Months (High Risk)"
16,9,4,"Laptop & Accessory",2,Divorced,3,0,3.0,165.89,0,Retained,">12 Months (Low Risk)"
6,28,3,"Laptop & Accessory",4,Married,1,0,7.0,161.46,0,Retained,"4-12 Months (Medium Risk)"
21,8,3,"Laptop & Accessory",2,Divorced,3,0,7.0,140.51,0,Retained,">12 Months (Low Risk)"
4,30,6,"Mobile Phone",3,Married,3,0,10.0,151.13,0,Retained,"4-12 Months (Medium Risk)"
13,9,5,"Laptop & Accessory",3,Single,3,0,11.0,170.53,0,Retained,">12 Months (Low Risk)"
10,13,2,"Laptop & Accessory",5,Married,5,1,3.0,180.62,0,Retained,"4-12 Months (Medium Risk)"
12,9,4,"Mobile Phone",1,Married,3,1,1.0,142.02,0,Retained,"4-12 Months (Medium Risk)"
21,9,4,Others,4,Single,9,1,9.0,317.46,1,Churned,">12 Months (Low Risk)"
17,16,4,"Mobile Phone",3,Single,6,0,3.0,149.38,0,Retained,">12 Months (Low Risk)"
9,21,5,"Laptop & Accessory",1,Married,2,0,11.0,154.06,0,Retained,"4-12 Months (Medium Risk)"
16,10,4,Fashion,2,Single,4,0,17.0,202.31,0,Retained,">12 Months (Low Risk)"
1,31,5,Fashion,5,Single,3,0,,212.22,1,Churned,"0-3 Months (High Risk)"
4,9,5,"Mobile Phone",1,Single,2,0,3.0,152.2,0,Retained,"4-12 Months (Medium Risk)"
0,21,5,"Laptop & Accessory",1,Married,7,1,2.0,154.4,1,Churned,"0-3 Months (High Risk)"
23,15,5,"Laptop & Accessory",4,Married,3,0,8.0,176.3,0,Retained,">12 Months (Low Risk)"
6,14,3,"Laptop & Accessory",3,Married,1,0,2.0,171.04,0,Retained,"4-12 Months (Medium Risk)"
26,13,4,"Laptop & Accessory",5,Married,5,1,10.0,180.77,0,Retained,">12 Months (Low Risk)"
12,8,4,"Mobile Phone",4,Married,2,1,3.0,154.91,0,Retained,"4-12 Months (Medium Risk)"
14,16,4,Fashion,3,Single,11,0,14.0,259.99,0,Retained,">12 Months (Low Risk)"
1,33,5,"Laptop & Accessory",5,Married,1,0,0.0,0,0,Retained,"0-3 Months (High Risk)"
12,14,2,"Laptop & Accessory",5,Married,3,1,8.0,181.05,0,Retained,"4-12 Months (Medium Risk)"
1,20,4,"Mobile Phone",3,Divorced,3,0,7.0,145.96,0,Retained,"0-3 Months (High Risk)"
7,7,2,"Laptop & Accessory",5,Married,3,0,9.0,165.37,0,Retained,"4-12 Months (Medium Risk)"
17,9,3,Others,2,Divorced,5,1,1.0,295.13,0,Retained,">12 Months (Low Risk)"
8,9,4,"Laptop & Accessory",3,Single,4,0,3.0,165.33,0,Retained,"4-12 Months (Medium Risk)"
20,12,4,"Laptop & Accessory",1,Single,6,1,9.0,182.72,0,Retained,">12 Months (Low Risk)"
31,36,5,Grocery,1,Married,5,0,1.0,266.18,0,Retained,">12 Months (Low Risk)"
21,9,4,"Mobile Phone",3,Single,6,0,1.0,149.79,1,Churned,">12 Months (Low Risk)"
8,32,3,Fashion,1,Single,2,1,7.0,188.37,0,Retained,"4-12 Months (Medium Risk)"
1,15,2,"Mobile Phone",3,Married,9,0,3.0,160.17,0,Retained,"0-3 Months (High Risk)"
4,16,5,"Mobile Phone",3,Single,3,0,9.0,147.06,0,Retained,"4-12 Months (Medium Risk)"
12,14,5,"Laptop & Accessory",1,Single,2,0,6.0,165.28,0,Retained,"4-12 Months (Medium Risk)"
8,15,4,"Laptop & Accessory",5,Married,5,0,1.0,176.21,0,Retained,"4-12 Months (Medium Risk)"
12,26,3,"Laptop & Accessory",1,Married,3,0,2.0,141.27,0,Retained,"4-12 Months (Medium Risk)"
5,14,5,Fashion,1,Married,11,0,2.0,240.57,0,Retained,"4-12 Months (Medium Risk)"
7,14,4,"Laptop & Accessory",5,Divorced,2,0,4.0,168.73,0,Retained,"4-12 Months (Medium Risk)"
10,13,4,"Laptop & Accessory",4,Married,8,0,2.0,174.41,0,Retained,"4-12 Months (Medium Risk)"
2,26,3,"Laptop & Accessory",2,Married,3,0,2.0,169.31,0,Retained,"0-3 Months (High Risk)"
16,8,3,"Laptop & Accessory",1,Married,2,1,8.0,178.47,0,Retained,">12 Months (Low Risk)"
28,8,4,Grocery,5,Single,8,0,2.0,267.56,0,Retained,">12 Months (Low Risk)"
22,16,3,Others,5,Single,10,1,2.0,286.65,0,Retained,">12 Months (Low Risk)"
18,24,6,"Mobile Phone",3,Single,4,0,1.0,147.9,0,Retained,">12 Months (Low Risk)"
0,8,3,Mobile,5,Married,1,0,2.0,130.41,1,Churned,"0-3 Months (High Risk)"
12,10,3,"Laptop & Accessory",3,Single,1,0,8.0,150.42,0,Retained,"4-12 Months (Medium Risk)"
27,8,4,Fashion,3,Married,7,0,0.0,206.86,0,Retained,">12 Months (Low Risk)"
1,12,5,"Mobile Phone",3,Married,3,1,8.0,148.66,1,Churned,"0-3 Months (High Risk)"
0,34,3,"Laptop & Accessory",4,Married,2,0,4.0,162.72,0,Retained,"0-3 Months (High Risk)"
0,34,4,"Laptop & Accessory",5,Single,4,0,3.0,142.84,1,Churned,"0-3 Months (High Risk)"
4,12,4,Fashion,1,Married,4,0,,219.19,0,Retained,"4-12 Months (Medium Risk)"
26,6,3,"Laptop & Accessory",5,Single,8,0,10.0,183.81,0,Retained,">12 Months (Low Risk)"
10,12,4,"Laptop & Accessory",4,Single,10,0,8.0,184.14,0,Retained,"4-12 Months (Medium Risk)"
8,8,3,"Laptop & Accessory",5,Married,3,0,0.0,150.93,0,Retained,"4-12 Months (Medium Risk)"
14,17,5,Fashion,4,Married,4,0,,222.05,0,Retained,">12 Months (Low Risk)"
24,16,4,"Mobile Phone",1,Married,6,0,1.0,148.8,0,Retained,">12 Months (Low Risk)"
2,22,4,"Mobile Phone",3,Married,3,0,3.0,147.07,0,Retained,"0-3 Months (High Risk)"
6,11,4,Mobile,1,Married,2,0,2.0,129.11,0,Retained,"4-12 Months (Medium Risk)"
1,14,5,"Mobile Phone",1,Married,3,0,2.0,153.89,0,Retained,"0-3 Months (High Risk)"
19,36,4,Fashion,1,Divorced,6,1,,218.8,0,Retained,">12 Months (Low Risk)"
10,12,4,Fashion,5,Married,6,0,3.0,205.08,0,Retained,"4-12 Months (Medium Risk)"
5,9,3,Fashion,1,Single,4,0,,211.58999999999997,0,Retained,"4-12 Months (Medium Risk)"
0,16,3,"Laptop & Accessory",1,Single,2,0,2.0,146.84,0,Retained,"0-3 Months (High Risk)"
0,13,3,"Laptop & Accessory",3,Divorced,2,0,1.0,148.83,1,Churned,"0-3 Months (High Risk)"
0,30,5,"Mobile Phone",1,Single,2,1,0.0,111.18,1,Churned,"0-3 Months (High Risk)"
5,10,4,"Mobile Phone",5,Married,3,1,4.0,155.65,0,Retained,"4-12 Months (Medium Risk)"
9,18,4,"Mobile Phone",3,Married,9,1,3.0,151.6,0,Retained,"4-12 Months (Medium Risk)"
5,12,5,"Mobile Phone",5,Married,8,0,1.0,146.07,1,Churned,"4-12 Months (Medium Risk)"
21,6,4,Grocery,5,Divorced,8,0,2.0,254.01999999999998,0,Retained,">12 Months (Low Risk)"
15,14,6,Others,3,Married,3,0,11.0,324.73,0,Retained,">12 Months (Low Risk)"
1,10,4,"Laptop & Accessory",3,Married,2,0,3.0,174.99,0,Retained,"0-3 Months (High Risk)"
16,20,2,"Laptop & Accessory",5,Married,7,0,1.0,180.38,0,Retained,">12 Months (Low Risk)"
26,11,4,Grocery,1,Married,4,0,5.0,290.55,0,Retained,">12 Months (Low Risk)"
1,17,5,"Mobile Phone",4,Single,3,1,1.0,143.59,1,Churned,"0-3 Months (High Risk)"
10,18,5,"Laptop & Accessory",1,Married,6,0,1.0,191.52,0,Retained,"4-12 Months (Medium Risk)"
1,9,4,"Mobile Phone",5,Married,8,1,3.0,145.42,1,Churned,"0-3 Months (High Risk)"
10,16,3,Mobile,5,Divorced,7,0,3.0,134.52,0,Retained,"4-12 Months (Medium Risk)"
16,9,5,"Mobile Phone",4,Married,6,0,1.0,173.41,0,Retained,">12 Months (Low Risk)"
4,8,5,Mobile,2,Married,5,1,0.0,127.78,1,Churned,"4-12 Months (Medium Risk)"
8,24,3,"Laptop & Accessory",5,Married,1,0,4.0,155.61,0,Retained,"4-12 Months (Medium Risk)"
7,35,3,Fashion,4,Married,4,0,3.0,192.5,0,Retained,"4-12 Months (Medium Risk)"
7,12,4,"Laptop & Accessory",4,Married,7,0,0.0,145.05,0,Retained,"4-12 Months (Medium Risk)"
24,24,5,Fashion,5,Married,7,0,12.0,257.69,0,Retained,">12 Months (Low Risk)"
5,30,3,"Laptop & Accessory",1,Married,2,0,7.0,153.09,0,Retained,"4-12 Months (Medium Risk)"
0,6,4,Mobile,4,Single,2,0,0.0,128.36,0,Retained,"0-3 Months (High Risk)"
0,11,3,Others,3,Married,7,0,0.0,283.03,0,Retained,"0-3 Months (High Risk)"
10,25,3,"Mobile Phone",2,Divorced,6,0,1.0,161.88,0,Retained,"4-12 Months (Medium Risk)"
1,23,2,"Mobile Phone",1,Married,3,1,1.0,154.35,0,Retained,"0-3 Months (High Risk)"
10,10,4,"Laptop & Accessory",4,Single,6,0,8.0,169.85,0,Retained,"4-12 Months (Medium Risk)"
8,9,4,"Laptop & Accessory",5,Single,2,1,3.0,170.38,0,Retained,"4-12 Months (Medium Risk)"
15,12,2,"Laptop & Accessory",4,Single,5,0,3.0,193.7,0,Retained,">12 Months (Low Risk)"
3,14,5,"Mobile Phone",2,Married,8,0,4.0,150.32,0,Retained,"0-3 Months (High Risk)"
12,6,4,Grocery,1,Married,2,0,,227.42000000000002,0,Retained,"4-12 Months (Medium Risk)"
3,7,4,"Laptop & Accessory",3,Divorced,3,0,10.0,168.19,0,Retained,"0-3 Months (High Risk)"
4,29,4,Fashion,5,Married,2,0,9.0,209.12,0,Retained,"4-12 Months (Medium Risk)"
13,17,4,Grocery,5,Divorced,3,1,11.0,295.68,0,Retained,">12 Months (Low Risk)"
4,13,3,Fashion,5,Married,3,0,2.0,196.37,0,Retained,"4-12 Months (Medium Risk)"
1,32,2,"Mobile Phone",2,Single,3,1,2.0,154.94,0,Retained,"0-3 Months (High Risk)"
2,8,4,"Mobile Phone",3,Single,2,1,3.0,146.54,0,Retained,"0-3 Months (High Risk)"
8,6,5,Mobile,1,Married,2,0,1.0,129.77,0,Retained,"4-12 Months (Medium Risk)"
16,9,5,"Laptop & Accessory",1,Single,5,0,1.0,192.81,0,Retained,">12 Months (Low Risk)"
28,32,1,Others,4,Married,5,1,4.0,296.36,0,Retained,">12 Months (Low Risk)"
24,9,3,Grocery,4,Single,4,0,0.0,237.33999999999997,0,Retained,">12 Months (Low Risk)"
12,9,5,"Mobile Phone",4,Married,6,0,6.0,149.68,0,Retained,"4-12 Months (Medium Risk)"
7,14,4,"Laptop & Accessory",4,Divorced,2,0,3.0,168.02,0,Retained,"4-12 Months (Medium Risk)"
14,7,3,"Laptop & Accessory",5,Married,1,0,7.0,141.03,0,Retained,">12 Months (Low Risk)"
0,9,3,"Mobile Phone",3,Single,2,0,7.0,140.84,1,Churned,"0-3 Months (High Risk)"
4,12,5,"Mobile Phone",2,Married,11,0,4.0,162.61,0,Retained,"4-12 Months (Medium Risk)"
12,32,5,Fashion,4,Married,5,0,2.0,245.61,0,Retained,"4-12 Months (Medium Risk)"
5,6,3,Fashion,1,Married,2,0,7.0,204.22,0,Retained,"4-12 Months (Medium Risk)"
5,14,3,"Laptop & Accessory",2,Divorced,6,0,8.0,194.29,0,Retained,"4-12 Months (Medium Risk)"
25,8,4,Mobile,1,Single,8,0,2.0,132.12,0,Retained,">12 Months (Low Risk)"
4,14,4,"Mobile Phone",3,Married,3,0,1.0,137.74,0,Retained,"4-12 Months (Medium Risk)"
5,9,4,"Laptop & Accessory",5,Single,9,0,4.0,178.32,0,Retained,"4-12 Months (Medium Risk)"
26,30,1,Fashion,1,Married,4,0,2.0,170.05,0,Retained,">12 Months (Low Risk)"
8,10,4,"Laptop & Accessory",4,Married,3,0,10.0,179.33,0,Retained,"4-12 Months (Medium Risk)"
0,16,3,"Mobile Phone",3,Single,2,1,1.0,110.09,1,Churned,"0-3 Months (High Risk)"
19,9,5,Grocery,1,Married,11,0,9.0,292.92,0,Retained,">12 Months (Low Risk)"
10,19,4,"Laptop & Accessory",3,Married,11,1,2.0,171.63,0,Retained,"4-12 Months (Medium Risk)"
27,9,3,Grocery,2,Divorced,4,0,9.0,277.79,0,Retained,">12 Months (Low Risk)"
14,15,3,Others,3,Married,3,0,11.0,294.19,0,Retained,">12 Months (Low Risk)"
3,7,2,"Laptop & Accessory",3,Single,10,1,3.0,187.94,0,Retained,"0-3 Months (High Risk)"
13,9,5,"Laptop & Accessory",2,Divorced,10,0,5.0,177.04,0,Retained,">12 Months (Low Risk)"
12,7,5,Fashion,3,Single,11,1,1.0,178.81,1,Churned,"4-12 Months (Medium Risk)"
18,13,1,"Laptop & Accessory",3,Married,5,0,2.0,164.34,0,Retained,">12 Months (Low Risk)"
29,27,4,"Laptop & Accessory",2,Divorced,5,1,9.0,179.15,0,Retained,">12 Months (Low Risk)"
1,7,5,"Laptop & Accessory",1,Married,1,0,5.0,166.74,0,Retained,"0-3 Months (High Risk)"
10,14,4,"Mobile Phone",1,Single,4,0,2.0,171.78,0,Retained,"4-12 Months (Medium Risk)"
10,13,2,"Laptop & Accessory",5,Married,5,1,3.0,180.62,0,Retained,"4-12 Months (Medium Risk)"
1,12,5,Fashion,2,Married,3,1,9.0,253.07999999999998,0,Retained,"0-3 Months (High Risk)"
13,6,4,Grocery,4,Married,2,0,11.0,235.02999999999997,0,Retained,">12 Months (Low Risk)"
7,32,4,"Laptop & Accessory",3,Married,3,0,2.0,170.39,0,Retained,"4-12 Months (Medium Risk)"
3,30,4,"Mobile Phone",1,Single,11,0,3.0,147.01,0,Retained,"0-3 Months (High Risk)"
9,6,4,"Laptop & Accessory",3,Married,1,0,2.0,143.74,0,Retained,"4-12 Months (Medium Risk)"
25,28,4,"Laptop & Accessory",1,Single,2,1,1.0,179.41,0,Retained,">12 Months (Low Risk)"
13,28,5,"Laptop & Accessory",1,Married,5,1,5.0,186.2,0,Retained,">12 Months (Low Risk)"
6,20,3,Mobile,4,Divorced,2,0,6.0,127.56,0,Retained,"4-12 Months (Medium Risk)"
8,8,4,"Mobile Phone",5,Married,7,0,4.0,154.96,0,Retained,"4-12 Months (Medium Risk)"
22,7,2,Grocery,2,Single,4,0,2.0,293.85,0,Retained,">12 Months (Low Risk)"
11,16,4,"Mobile Phone",1,Married,3,1,3.0,148.26,0,Retained,"4-12 Months (Medium Risk)"
3,8,2,"Laptop & Accessory",3,Single,10,1,3.0,187.94,0,Retained,"0-3 Months (High Risk)"
19,35,4,"Mobile Phone",1,Married,6,0,4.0,146.32,0,Retained,">12 Months (Low Risk)"
15,14,3,"Mobile Phone",3,Single,5,0,0.0,139.68,0,Retained,">12 Months (Low Risk)"
9,10,3,"Laptop & Accessory",4,Married,8,0,2.0,151.31,0,Retained,"4-12 Months (Medium Risk)"
23,25,4,"Laptop & Accessory",1,Married,3,1,8.0,193.04,0,Retained,">12 Months (Low Risk)"
8,9,4,"Laptop & Accessory",2,Single,3,0,5.0,187.74,0,Retained,"4-12 Months (Medium Risk)"
3,15,3,"Laptop & Accessory",5,Married,2,0,10.0,130.72,0,Retained,"0-3 Months (High Risk)"
11,9,4,"Laptop & Accessory",3,Married,6,1,,221.02,0,Retained,"4-12 Months (Medium Risk)"
12,9,2,"Laptop & Accessory",5,Single,8,1,13.0,184.8,0,Retained,"4-12 Months (Medium Risk)"
0,14,1,Mobile,3,Married,8,0,2.0,135.17,0,Retained,"0-3 Months (High Risk)"
2,16,4,"Mobile Phone",1,Married,3,0,5.0,145.7,0,Retained,"0-3 Months (High Risk)"
3,21,4,Fashion,5,Married,3,0,7.0,171.4,0,Retained,"0-3 Months (High Risk)"
1,24,5,"Mobile Phone",1,Married,7,0,4.0,148.67,1,Churned,"0-3 Months (High Risk)"
1,29,5,"Mobile Phone",4,Married,3,0,1.0,153.63,1,Churned,"0-3 Months (High Risk)"
6,6,1,"Laptop & Accessory",5,Married,2,0,8.0,140.37,0,Retained,"4-12 Months (Medium Risk)"
12,8,1,Fashion,3,Single,1,0,7.0,178.8,0,Retained,"4-12 Months (Medium Risk)"
7,7,2,"Laptop & Accessory",5,Married,4,0,4.0,178.76,0,Retained,"4-12 Months (Medium Risk)"
2,15,4,"Mobile Phone",2,Single,1,0,2.0,139.83,0,Retained,"0-3 Months (High Risk)"
6,8,3,"Laptop & Accessory",1,Married,2,0,4.0,155.05,0,Retained,"4-12 Months (Medium Risk)"
19,9,5,"Mobile Phone",3,Single,3,0,1.0,147.74,0,Retained,">12 Months (Low Risk)"
3,22,5,"Laptop & Accessory",3,Single,2,1,9.0,166.93,0,Retained,"0-3 Months (High Risk)"
1,7,5,"Laptop & Accessory",5,Married,3,0,,222.14,1,Churned,"0-3 Months (High Risk)"
3,26,5,"Laptop & Accessory",3,Married,3,0,,211.2,0,Retained,"0-3 Months (High Risk)"
15,15,4,Others,1,Single,9,0,1.0,296.13,0,Retained,">12 Months (Low Risk)"
24,7,5,"Mobile Phone",3,Married,4,0,3.0,161.9,0,Retained,">12 Months (Low Risk)"
12,9,5,Fashion,3,Married,5,1,3.0,202.56,0,Retained,"4-12 Months (Medium Risk)"
13,20,4,Others,3,Single,2,0,9.0,296.26,0,Retained,">12 Months (Low Risk)"
8,10,5,"Laptop & Accessory",1,Married,5,1,2.0,206.03,0,Retained,"4-12 Months (Medium Risk)"
11,16,5,"Laptop & Accessory",4,Married,3,0,4.0,166.89,0,Retained,"4-12 Months (Medium Risk)"
18,13,3,Fashion,5,Married,2,0,11.0,152.1,0,Retained,">12 Months (Low Risk)"
7,7,5,"Laptop & Accessory",2,Single,2,0,5.0,194.49,0,Retained,"4-12 Months (Medium Risk)"
7,30,3,Mobile,3,Married,4,1,0.0,131.61,1,Churned,"4-12 Months (Medium Risk)"
10,16,1,Fashion,1,Married,2,1,8.0,237.44,0,Retained,"4-12 Months (Medium Risk)"
0,16,5,Mobile,1,Married,8,0,3.0,134.08,1,Churned,"0-3 Months (High Risk)"
4,8,4,"Laptop & Accessory",5,Married,4,0,0.0,164.1,0,Retained,"4-12 Months (Medium Risk)"
1,31,6,"Mobile Phone",2,Single,3,1,1.0,148.4,1,Churned,"0-3 Months (High Risk)"
1,16,4,"Mobile Phone",5,Married,3,0,1.0,142.9,1,Churned,"0-3 Months (High Risk)"
0,15,5,Mobile,4,Single,2,0,2.0,127.6,1,Churned,"0-3 Months (High Risk)"
25,25,3,"Mobile Phone",2,Divorced,1,0,2.0,142.58,0,Retained,">12 Months (Low Risk)"
6,14,4,"Laptop & Accessory",2,Divorced,6,0,,217.04,0,Retained,"4-12 Months (Medium Risk)"
29,11,4,"Laptop & Accessory",3,Married,2,1,3.0,165.35,0,Retained,">12 Months (Low Risk)"
13,7,4,Others,3,Married,3,1,7.0,316.97,0,Retained,">12 Months (Low Risk)"
10,25,3,"Laptop & Accessory",3,Married,4,0,2.0,157.68,0,Retained,"4-12 Months (Medium Risk)"
16,9,4,Others,3,Married,7,0,15.0,313.8,0,Retained,">12 Months (Low Risk)"
1,7,5,"Mobile Phone",4,Single,3,1,3.0,146.74,1,Churned,"0-3 Months (High Risk)"
13,8,4,Mobile,3,Single,3,0,2.0,128.09,0,Retained,">12 Months (Low Risk)"
1,10,4,"Laptop & Accessory",3,Single,11,0,1.0,170.77,1,Churned,"0-3 Months (High Risk)"
0,19,4,"Laptop & Accessory",5,Married,6,1,2.0,161.34,1,Churned,"0-3 Months (High Risk)"
3,28,4,"Laptop & Accessory",3,Divorced,3,1,0.0,163.8,1,Churned,"0-3 Months (High Risk)"
3,16,5,"Mobile Phone",1,Single,2,0,3.0,164.83,0,Retained,"0-3 Months (High Risk)"
1,16,4,"Mobile Phone",5,Single,3,0,1.0,150.52,0,Retained,"0-3 Months (High Risk)"
1,24,4,"Mobile Phone",4,Married,3,0,1.0,147.1,1,Churned,"0-3 Months (High Risk)"
0,8,1,"Laptop & Accessory",3,Single,1,0,7.0,165,0,Retained,"0-3 Months (High Risk)"
3,22,6,"Mobile Phone",2,Divorced,2,1,4.0,146.68,0,Retained,"0-3 Months (High Risk)"
11,21,4,"Mobile Phone",5,Married,3,0,18.0,155.34,0,Retained,"4-12 Months (Medium Risk)"
0,16,3,Grocery,5,Married,2,1,10.0,270.68,0,Retained,"0-3 Months (High Risk)"
14,28,3,"Laptop & Accessory",1,Married,4,1,3.0,154.67,0,Retained,">12 Months (Low Risk)"
19,17,4,"Mobile Phone",1,Married,5,0,3.0,151.54,0,Retained,">12 Months (Low Risk)"
8,17,3,Mobile,3,Married,8,1,2.0,126.6,0,Retained,"4-12 Months (Medium Risk)"
20,11,3,Others,3,Married,5,0,1.0,283,0,Retained,">12 Months (Low Risk)"
0,20,3,Fashion,1,Single,1,1,7.0,175.53,1,Churned,"0-3 Months (High Risk)"
28,14,4,"Laptop & Accessory",1,Married,6,0,8.0,193.54,0,Retained,">12 Months (Low Risk)"
21,10,4,Fashion,3,Single,8,0,,209.99,0,Retained,">12 Months (Low Risk)"
23,13,4,Others,3,Married,6,1,8.0,287.4,0,Retained,">12 Months (Low Risk)"
15,15,4,Others,1,Single,9,0,1.0,296.13,0,Retained,">12 Months (Low Risk)"
12,7,4,Fashion,3,Single,6,1,1.0,203.61,0,Retained,"4-12 Months (Medium Risk)"
0,12,3,Mobile,3,Divorced,1,0,2.0,127.72999999999999,0,Retained,"0-3 Months (High Risk)"
9,16,5,"Laptop & Accessory",4,Single,11,0,1.0,190.4,0,Retained,"4-12 Months (Medium Risk)"
18,9,4,Fashion,3,Single,7,1,,227.09,0,Retained,">12 Months (Low Risk)"
12,9,4,Fashion,4,Single,9,0,1.0,198.51,0,Retained,"4-12 Months (Medium Risk)"
9,32,4,Fashion,3,Married,3,1,,228.88,0,Retained,"4-12 Months (Medium Risk)"
7,14,1,"Laptop & Accessory",3,Married,3,0,2.0,144.04,0,Retained,"4-12 Months (Medium Risk)"
29,29,3,Grocery,4,Married,5,1,9.0,234.01999999999998,0,Retained,">12 Months (Low Risk)"
27,5,3,"Laptop & Accessory",3,Single,8,0,0.0,137.8,0,Retained,">12 Months (Low Risk)"
1,8,5,"Laptop & Accessory",5,Married,3,0,,222.14,1,Churned,"0-3 Months (High Risk)"
0,22,1,Mobile,5,Single,2,0,14.0,127.43,1,Churned,"0-3 Months (High Risk)"
1,24,5,"Mobile Phone",4,Married,3,0,1.0,146.27,0,Retained,"0-3 Months (High Risk)"
8,30,4,"Laptop & Accessory",3,Single,2,0,8.0,170.68,0,Retained,"4-12 Months (Medium Risk)"
8,15,4,Fashion,3,Divorced,2,1,15.0,206.85000000000002,0,Retained,"4-12 Months (Medium Risk)"
18,26,3,Grocery,1,Married,1,1,10.0,234.95999999999998,0,Retained,">12 Months (Low Risk)"
0,6,3,"Laptop & Accessory",4,Married,2,0,4.0,163.97,0,Retained,"0-3 Months (High Risk)"
23,25,5,Others,3,Married,3,1,10.0,320.02,0,Retained,">12 Months (Low Risk)"
6,7,5,"Mobile Phone",4,Divorced,8,0,3.0,148.32,0,Retained,"4-12 Months (Medium Risk)"
13,25,3,"Laptop & Accessory",2,Divorced,9,1,7.0,127.41,0,Retained,">12 Months (Low Risk)"
23,15,4,Fashion,4,Married,6,0,8.0,199.03,0,Retained,">12 Months (Low Risk)"
27,20,3,"Laptop & Accessory",5,Married,3,0,4.0,169.5,0,Retained,">12 Months (Low Risk)"
19,14,2,"Laptop & Accessory",3,Married,6,0,3.0,189.34,0,Retained,">12 Months (Low Risk)"
1,16,5,"Mobile Phone",5,Single,2,1,3.0,148.21,1,Churned,"0-3 Months (High Risk)"
23,8,4,Grocery,3,Single,6,0,1.0,278.79,0,Retained,">12 Months (Low Risk)"
0,8,3,"Mobile Phone",1,Divorced,7,1,2.0,137.22,1,Churned,"0-3 Months (High Risk)"
2,17,4,"Laptop & Accessory",3,Single,5,0,8.0,161.6,0,Retained,"0-3 Months (High Risk)"
7,8,3,"Laptop & Accessory",3,Single,3,0,2.0,140.33,0,Retained,"4-12 Months (Medium Risk)"
1,11,3,"Laptop & Accessory",5,Single,1,0,3.0,184.63,0,Retained,"0-3 Months (High Risk)"
4,19,4,"Laptop & Accessory",3,Single,2,0,5.0,190.77,0,Retained,"4-12 Months (Medium Risk)"
15,8,3,"Laptop & Accessory",2,Divorced,2,0,2.0,140.89,0,Retained,">12 Months (Low Risk)"
17,9,3,Others,1,Married,5,1,1.0,295.13,0,Retained,">12 Months (Low Risk)"
9,16,3,Fashion,5,Married,8,1,7.0,183.21,0,Retained,"4-12 Months (Medium Risk)"
2,27,1,Fashion,5,Married,2,0,8.0,199.8,0,Retained,"0-3 Months (High Risk)"
1,16,4,"Mobile Phone",3,Married,3,0,3.0,152.42,1,Churned,"0-3 Months (High Risk)"
29,33,5,Others,1,Married,3,0,14.0,320.86,0,Retained,">12 Months (Low Risk)"
19,9,4,"Laptop & Accessory",4,Divorced,2,0,8.0,173.05,0,Retained,">12 Months (Low Risk)"
12,9,4,"Laptop & Accessory",5,Married,5,0,8.0,193.93,0,Retained,"4-12 Months (Medium Risk)"
16,25,4,"Laptop & Accessory",5,Married,8,1,3.0,179.1,0,Retained,">12 Months (Low Risk)"
5,21,3,"Laptop & Accessory",1,Married,6,0,2.0,166.67,0,Retained,"4-12 Months (Medium Risk)"
14,35,5,Fashion,5,Married,6,1,1.0,233.54000000000002,1,Churned,">12 Months (Low Risk)"
1,26,5,"Mobile Phone",5,Married,3,0,8.0,165.66,0,Retained,"0-3 Months (High Risk)"
13,15,4,"Laptop & Accessory",2,Divorced,10,0,2.0,148.76,0,Retained,">12 Months (Low Risk)"
1,35,3,"Laptop & Accessory",5,Divorced,8,1,0.0,166.73,1,Churned,"0-3 Months (High Risk)"
28,8,3,Fashion,4,Divorced,4,0,,209.76,0,Retained,">12 Months (Low Risk)"
12,14,3,"Mobile Phone",3,Divorced,2,0,7.0,137.55,0,Retained,"4-12 Months (Medium Risk)"
27,8,3,Fashion,3,Married,10,0,3.0,235.49,0,Retained,">12 Months (Low Risk)"
5,15,2,"Mobile Phone",4,Single,11,0,3.0,146.09,0,Retained,"4-12 Months (Medium Risk)"
0,22,3,Fashion,5,Single,3,1,0.0,185.64,1,Churned,"0-3 Months (High Risk)"
6,16,1,Fashion,3,Married,1,1,8.0,183.8,0,Retained,"4-12 Months (Medium Risk)"
9,15,3,Fashion,1,Married,5,0,3.0,200.96,1,Churned,"4-12 Months (Medium Risk)"
23,17,3,Others,4,Single,4,0,4.0,299.26,0,Retained,">12 Months (Low Risk)"
1,13,6,"Mobile Phone",3,Married,2,0,1.0,148.51,1,Churned,"0-3 Months (High Risk)"
0,14,3,Mobile,1,Single,2,0,4.0,134.45,0,Retained,"0-3 Months (High Risk)"
19,19,3,"Laptop & Accessory",4,Single,7,0,9.0,155.62,0,Retained,">12 Months (Low Risk)"
23,7,4,"Mobile Phone",5,Divorced,4,0,3.0,160.8,0,Retained,">12 Months (Low Risk)"
0,6,4,"Mobile Phone",5,Divorced,2,0,3.0,139.55,0,Retained,"0-3 Months (High Risk)"
1,17,4,"Laptop & Accessory",3,Married,3,1,4.0,167.6,0,Retained,"0-3 Months (High Risk)"
7,8,3,"Laptop & Accessory",2,Single,2,0,11.0,166.87,0,Retained,"4-12 Months (Medium Risk)"
9,11,4,Mobile,5,Married,10,1,0.0,134.19,0,Retained,"4-12 Months (Medium Risk)"
8,22,4,Fashion,1,Married,3,0,6.0,204.78,1,Churned,"4-12 Months (Medium Risk)"
6,15,2,"Laptop & Accessory",3,Married,7,0,4.0,176.75,0,Retained,"4-12 Months (Medium Risk)"
7,15,3,Fashion,2,Married,1,0,6.0,185,0,Retained,"4-12 Months (Medium Risk)"
26,9,5,Others,3,Single,3,1,13.0,315.68,0,Retained,">12 Months (Low Risk)"
9,12,3,Mobile,1,Married,1,0,11.0,132.1,0,Retained,"4-12 Months (Medium Risk)"
12,17,4,"Laptop & Accessory",3,Married,5,0,3.0,185.77,0,Retained,"4-12 Months (Medium Risk)"
18,9,4,Fashion,3,Single,7,1,,227.09,0,Retained,">12 Months (Low Risk)"
1,10,4,"Laptop & Accessory",3,Divorced,2,1,3.0,166.71,1,Churned,"0-3 Months (High Risk)"
3,11,4,"Laptop & Accessory",3,Married,2,0,2.0,161.18,0,Retained,"0-3 Months (High Risk)"
12,18,3,"Laptop & Accessory",4,Married,5,0,0.0,152.95,0,Retained,"4-12 Months (Medium Risk)"
1,11,5,"Laptop & Accessory",2,Single,3,1,4.0,169.87,0,Retained,"0-3 Months (High Risk)"
23,14,5,Fashion,3,Single,10,0,1.0,234.64999999999998,0,Retained,">12 Months (Low Risk)"
9,25,4,"Laptop & Accessory",3,Married,3,1,3.0,181.89,0,Retained,"4-12 Months (Medium Risk)"
7,9,3,"Laptop & Accessory",4,Married,2,0,9.0,154.33,0,Retained,"4-12 Months (Medium Risk)"
1,17,5,"Mobile Phone",5,Single,3,0,1.0,139.16,1,Churned,"0-3 Months (High Risk)"
1,9,4,"Mobile Phone",5,Married,3,1,1.0,145.74,1,Churned,"0-3 Months (High Risk)"
0,14,4,"Laptop & Accessory",5,Single,7,0,2.0,153.26,1,Churned,"0-3 Months (High Risk)"
6,17,4,Fashion,1,Single,4,0,1.0,237.44,0,Retained,"4-12 Months (Medium Risk)"
15,35,5,"Laptop & Accessory",2,Single,5,0,0.0,142.72,0,Retained,">12 Months (Low Risk)"
8,6,3,Fashion,3,Single,2,0,8.0,187.89,0,Retained,"4-12 Months (Medium Risk)"
10,23,5,"Laptop & Accessory",5,Married,6,0,3.0,181.47,0,Retained,"4-12 Months (Medium Risk)"
10,27,3,Mobile,2,Divorced,6,0,0.0,129.73,0,Retained,"4-12 Months (Medium Risk)"
3,10,4,"Laptop & Accessory",3,Divorced,6,1,1.0,177.38,1,Churned,"0-3 Months (High Risk)"
12,9,5,Fashion,3,Married,5,1,3.0,202.56,0,Retained,"4-12 Months (Medium Risk)"
4,8,3,Mobile,3,Married,2,0,3.0,134.77,0,Retained,"4-12 Months (Medium Risk)"
30,6,4,"Laptop & Accessory",3,Single,8,0,3.0,154.73,0,Retained,">12 Months (Low Risk)"
22,16,3,Others,5,Single,10,1,2.0,286.65,0,Retained,">12 Months (Low Risk)"
8,22,4,Grocery,5,Married,9,0,10.0,295.07,0,Retained,"4-12 Months (Medium Risk)"
1,9,2,"Mobile Phone",5,Single,9,0,2.0,159.24,0,Retained,"0-3 Months (High Risk)"
1,10,4,"Mobile Phone",1,Married,3,0,1.0,142.06,0,Retained,"0-3 Months (High Risk)"
7,15,4,"Laptop & Accessory",3,Married,2,0,3.0,196.04,0,Retained,"4-12 Months (Medium Risk)"
19,11,4,"Laptop & Accessory",4,Married,3,0,9.0,169.47,0,Retained,">12 Months (Low Risk)"
1,10,5,Fashion,2,Divorced,3,1,,228.25,1,Churned,"0-3 Months (High Risk)"
12,13,5,"Mobile Phone",3,Married,3,0,5.0,162.02,0,Retained,"4-12 Months (Medium Risk)"
20,32,3,Others,3,Married,4,0,0.0,296.58,0,Retained,">12 Months (Low Risk)"
21,8,2,"Laptop & Accessory",4,Divorced,4,0,2.0,181.2,0,Retained,">12 Months (Low Risk)"
17,34,1,Grocery,2,Divorced,4,1,11.0,233.2,0,Retained,">12 Months (Low Risk)"
2,7,4,"Mobile Phone",5,Married,3,0,3.0,160.91,0,Retained,"0-3 Months (High Risk)"
2,8,3,Mobile,4,Divorced,1,0,2.0,131.8,0,Retained,"0-3 Months (High Risk)"
3,6,3,"Mobile Phone",4,Divorced,1,1,7.0,135.79,0,Retained,"0-3 Months (High Risk)"
9,17,4,"Mobile Phone",2,Married,3,0,3.0,164.17,0,Retained,"4-12 Months (Medium Risk)"
5,11,4,"Laptop & Accessory",1,Single,9,0,0.0,196.79,0,Retained,"4-12 Months (Medium Risk)"
30,16,3,Grocery,3,Single,1,0,8.0,238.72000000000003,0,Retained,">12 Months (Low Risk)"
1,7,5,"Mobile Phone",3,Married,3,1,1.0,154.33,0,Retained,"0-3 Months (High Risk)"
19,6,3,Others,2,Married,10,0,2.0,296.27,0,Retained,">12 Months (Low Risk)"
5,11,4,"Laptop & Accessory",4,Single,3,0,,218.55,1,Churned,"4-12 Months (Medium Risk)"
0,16,3,Fashion,5,Married,2,0,7.0,187.93,0,Retained,"0-3 Months (High Risk)"
2,9,4,"Laptop & Accessory",4,Married,6,0,5.0,173.55,1,Churned,"0-3 Months (High Risk)"
23,23,4,"Mobile Phone",5,Married,6,1,3.0,150.87,0,Retained,">12 Months (Low Risk)"
14,9,4,"Mobile Phone",3,Married,4,0,3.0,145.01,0,Retained,">12 Months (Low Risk)"
6,8,3,"Laptop & Accessory",4,Single,9,0,7.0,151.47,0,Retained,"4-12 Months (Medium Risk)"
14,29,3,Fashion,3,Single,4,1,2.0,170.82,0,Retained,">12 Months (Low Risk)"
1,8,4,"Mobile Phone",4,Single,3,1,3.0,148.02,1,Churned,"0-3 Months (High Risk)"
1,7,4,"Mobile Phone",2,Divorced,4,1,1.0,147.93,1,Churned,"0-3 Months (High Risk)"
2,9,5,"Mobile Phone",4,Married,2,0,5.0,157.01,0,Retained,"0-3 Months (High Risk)"
3,12,4,"Laptop & Accessory",1,Married,1,0,7.0,146.27,0,Retained,"0-3 Months (High Risk)"
12,16,4,"Mobile Phone",1,Married,4,0,4.0,172.71,0,Retained,"4-12 Months (Medium Risk)"
1,12,4,"Mobile Phone",3,Single,3,1,3.0,159.41,1,Churned,"0-3 Months (High Risk)"
11,26,4,"Mobile Phone",4,Married,6,0,1.0,155.22,0,Retained,"4-12 Months (Medium Risk)"
12,9,2,"Laptop & Accessory",5,Single,8,1,13.0,184.8,0,Retained,"4-12 Months (Medium Risk)"
30,6,5,"Laptop & Accessory",3,Married,3,1,2.0,156.6,0,Retained,">12 Months (Low Risk)"
6,15,2,"Laptop & Accessory",3,Divorced,7,0,4.0,176.75,0,Retained,"4-12 Months (Medium Risk)"
1,9,4,"Mobile Phone",4,Married,3,0,3.0,147.26,0,Retained,"0-3 Months (High Risk)"
8,15,4,"Laptop & Accessory",3,Single,5,0,4.0,186.42,0,Retained,"4-12 Months (Medium Risk)"
14,11,1,"Laptop & Accessory",4,Single,4,0,2.0,168.7,0,Retained,">12 Months (Low Risk)"
14,21,5,Others,3,Single,3,0,10.0,321.26,0,Retained,">12 Months (Low Risk)"
2,36,6,"Laptop & Accessory",4,Married,3,0,8.0,190.49,0,Retained,"0-3 Months (High Risk)"
4,10,3,"Laptop & Accessory",4,Single,2,0,7.0,193.55,1,Churned,"4-12 Months (Medium Risk)"
3,9,4,Grocery,1,Married,9,0,6.0,246.69,1,Churned,"0-3 Months (High Risk)"
20,10,4,Fashion,4,Married,9,1,10.0,203.33,0,Retained,">12 Months (Low Risk)"
11,23,4,Fashion,3,Married,1,0,9.0,188.23,0,Retained,"4-12 Months (Medium Risk)"
11,7,3,"Laptop & Accessory",1,Married,8,0,9.0,147.35,0,Retained,"4-12 Months (Medium Risk)"
10,16,2,"Mobile Phone",2,Single,4,0,0.0,146.8,0,Retained,"4-12 Months (Medium Risk)"
11,6,3,"Laptop & Accessory",4,Married,1,0,8.0,144.4,0,Retained,"4-12 Months (Medium Risk)"
25,18,5,Grocery,4,Single,5,0,4.0,256.42,0,Retained,">12 Months (Low Risk)"
1,34,4,"Laptop & Accessory",1,Single,3,1,8.0,183.13,1,Churned,"0-3 Months (High Risk)"
14,33,4,"Laptop & Accessory",5,Divorced,3,0,6.0,208.96,0,Retained,">12 Months (Low Risk)"
26,10,5,Fashion,3,Divorced,4,1,5.0,204.69,0,Retained,">12 Months (Low Risk)"
28,16,4,"Laptop & Accessory",3,Married,5,0,4.0,153.97,0,Retained,">12 Months (Low Risk)"
20,31,3,Fashion,3,Single,3,0,11.0,186.33,0,Retained,">12 Months (Low Risk)"
1,20,4,"Laptop & Accessory",4,Single,7,0,1.0,182.65,1,Churned,"0-3 Months (High Risk)"
1,7,5,"Mobile Phone",4,Single,3,1,3.0,145.7,0,Retained,"0-3 Months (High Risk)"
5,13,3,"Laptop & Accessory",2,Divorced,5,0,3.0,192.04,0,Retained,"4-12 Months (Medium Risk)"
1,31,5,"Laptop & Accessory",4,Single,2,1,11.0,170.99,1,Churned,"0-3 Months (High Risk)"
18,10,3,"Laptop & Accessory",4,Divorced,2,0,8.0,144.47,0,Retained,">12 Months (Low Risk)"
1,11,2,"Laptop & Accessory",4,Married,3,1,4.0,186.42,0,Retained,"0-3 Months (High Risk)"
1,11,4,"Mobile Phone",1,Single,11,1,1.0,147.85,1,Churned,"0-3 Months (High Risk)"
1,31,4,"Mobile Phone",4,Single,10,0,3.0,160.97,0,Retained,"0-3 Months (High Risk)"
9,28,4,"Laptop & Accessory",2,Divorced,3,1,8.0,165.14,0,Retained,"4-12 Months (Medium Risk)"
7,21,3,"Laptop & Accessory",5,Single,2,0,6.0,161.25,0,Retained,"4-12 Months (Medium Risk)"
19,11,6,Fashion,3,Married,6,0,,222.56,0,Retained,">12 Months (Low Risk)"
3,16,4,"Mobile Phone",3,Married,11,0,3.0,154.74,0,Retained,"0-3 Months (High Risk)"
18,8,4,"Mobile Phone",1,Married,6,1,3.0,156.95,0,Retained,">12 Months (Low Risk)"
11,6,1,"Laptop & Accessory",1,Single,1,0,8.0,176.25,0,Retained,"4-12 Months (Medium Risk)"
5,12,4,"Mobile Phone",4,Married,3,0,3.0,152.89,0,Retained,"4-12 Months (Medium Risk)"
21,10,4,Grocery,3,Married,11,1,14.0,262.7,0,Retained,">12 Months (Low Risk)"
27,15,3,"Laptop & Accessory",3,Married,4,0,3.0,128.97,0,Retained,">12 Months (Low Risk)"
30,15,4,"Mobile Phone",5,Married,6,1,3.0,167.57,0,Retained,">12 Months (Low Risk)"
4,7,6,"Mobile Phone",3,Divorced,5,0,3.0,163.33,0,Retained,"4-12 Months (Medium Risk)"
8,20,4,Fashion,3,Married,3,0,,211.28,0,Retained,"4-12 Months (Medium Risk)"
1,18,4,"Mobile Phone",5,Married,2,0,5.0,145.99,0,Retained,"0-3 Months (High Risk)"
7,8,3,"Laptop & Accessory",3,Single,3,0,2.0,140.33,0,Retained,"4-12 Months (Medium Risk)"
12,10,4,"Laptop & Accessory",2,Single,10,1,1.0,193.61,0,Retained,"4-12 Months (Medium Risk)"
17,34,4,Fashion,5,Married,10,0,2.0,233.2,0,Retained,">12 Months (Low Risk)"
5,9,5,"Laptop & Accessory",5,Married,5,0,1.0,189.1,0,Retained,"4-12 Months (Medium Risk)"
9,15,4,"Mobile Phone",3,Single,3,0,5.0,168.23,0,Retained,"4-12 Months (Medium Risk)"
1,12,4,"Mobile Phone",1,Single,2,1,3.0,148.79,0,Retained,"0-3 Months (High Risk)"
24,36,5,Grocery,3,Divorced,2,0,8.0,295.46,0,Retained,">12 Months (Low Risk)"
7,24,5,"Mobile Phone",3,Married,11,1,1.0,149.37,1,Churned,"4-12 Months (Medium Risk)"
20,8,3,Grocery,1,Married,2,1,0.0,267.52,0,Retained,">12 Months (Low Risk)"
7,34,4,"Laptop & Accessory",3,Married,2,0,7.0,167.12,0,Retained,"4-12 Months (Medium Risk)"
2,6,1,"Laptop & Accessory",3,Single,9,1,2.0,162.94,0,Retained,"0-3 Months (High Risk)"
21,10,4,Grocery,1,Married,3,0,2.0,252.01999999999998,0,Retained,">12 Months (Low Risk)"
4,26,3,Mobile,4,Single,2,1,2.0,131.4,1,Churned,"4-12 Months (Medium Risk)"
21,9,5,"Mobile Phone",1,Single,3,1,3.0,157.94,0,Retained,">12 Months (Low Risk)"
5,7,3,"Laptop & Accessory",5,Married,5,0,2.0,140.87,0,Retained,"4-12 Months (Medium Risk)"
8,24,1,"Laptop & Accessory",5,Married,2,0,10.0,152.08,0,Retained,"4-12 Months (Medium Risk)"
12,7,4,"Laptop & Accessory",1,Married,9,0,10.0,172.35,0,Retained,"4-12 Months (Medium Risk)"
24,24,5,Fashion,5,Married,7,0,12.0,257.69,0,Retained,">12 Months (Low Risk)"
30,31,3,Fashion,5,Single,8,0,9.0,176.37,0,Retained,">12 Months (Low Risk)"
14,9,2,"Laptop & Accessory",4,Divorced,3,0,8.0,167.44,0,Retained,">12 Months (Low Risk)"
9,7,4,"Laptop & Accessory",3,Divorced,11,0,10.0,172.17,0,Retained,"4-12 Months (Medium Risk)"
5,9,4,"Mobile Phone",3,Married,3,0,4.0,159.77,0,Retained,"4-12 Months (Medium Risk)"
30,24,3,Fashion,1,Single,7,0,4.0,205.12,0,Retained,">12 Months (Low Risk)"
1,12,4,"Mobile Phone",4,Single,3,1,3.0,149.78,0,Retained,"0-3 Months (High Risk)"
9,14,4,"Mobile Phone",3,Divorced,3,0,1.0,149.04,0,Retained,"4-12 Months (Medium Risk)"
3,8,4,"Mobile Phone",5,Single,1,0,7.0,149.68,0,Retained,"0-3 Months (High Risk)"
30,15,4,Mobile,4,Married,5,1,0.0,133.46,0,Retained,">12 Months (Low Risk)"
14,34,4,Grocery,4,Married,1,0,10.0,235.7,0,Retained,">12 Months (Low Risk)"
26,32,5,Grocery,1,Married,5,0,1.0,263.26,0,Retained,">12 Months (Low Risk)"
4,16,3,"Laptop & Accessory",1,Married,3,1,4.0,165.83,0,Retained,"4-12 Months (Medium Risk)"
18,11,4,"Laptop & Accessory",4,Single,11,0,4.0,184.33,0,Retained,">12 Months (Low Risk)"
0,17,3,"Laptop & Accessory",5,Married,2,1,3.0,147.41,0,Retained,"0-3 Months (High Risk)"
10,6,4,"Mobile Phone",5,Divorced,3,0,2.0,139.2,0,Retained,"4-12 Months (Medium Risk)"
9,7,2,"Mobile Phone",3,Single,5,0,3.0,150.06,0,Retained,"4-12 Months (Medium Risk)"
15,30,3,Fashion,5,Married,2,1,8.0,174.06,0,Retained,">12 Months (Low Risk)"
20,25,4,"Laptop & Accessory",3,Married,4,0,9.0,173.1,0,Retained,">12 Months (Low Risk)"
0,30,1,"Mobile Phone",5,Single,2,0,0.0,110.91,1,Churned,"0-3 Months (High Risk)"
1,30,4,Fashion,5,Married,11,1,,224.5,1,Churned,"0-3 Months (High Risk)"
15,21,4,"Mobile Phone",3,Married,6,0,9.0,149.51,0,Retained,">12 Months (Low Risk)"
27,6,3,Fashion,3,Married,8,0,4.0,205.02,0,Retained,">12 Months (Low Risk)"
9,14,3,Fashion,3,Married,2,0,8.0,200.96,0,Retained,"4-12 Months (Medium Risk)"
6,15,2,"Laptop & Accessory",1,Married,3,0,9.0,187.09,0,Retained,"4-12 Months (Medium Risk)"
12,6,3,Others,3,Married,2,1,6.0,291.97,0,Retained,"4-12 Months (Medium Risk)"
27,15,4,Grocery,2,Divorced,7,0,3.0,243.36,0,Retained,">12 Months (Low Risk)"
23,29,4,Grocery,4,Married,5,0,3.0,289.13,0,Retained,">12 Months (Low Risk)"
5,9,4,"Laptop & Accessory",5,Single,9,0,4.0,178.32,0,Retained,"4-12 Months (Medium Risk)"
1,7,5,"Mobile Phone",4,Single,3,1,3.0,146.74,1,Churned,"0-3 Months (High Risk)"
11,15,4,"Laptop & Accessory",4,Married,4,0,8.0,165.71,0,Retained,"4-12 Months (Medium Risk)"
13,14,3,"Laptop & Accessory",3,Married,4,1,3.0,167.96,1,Churned,">12 Months (Low Risk)"
16,8,3,Mobile,1,Single,1,0,8.0,135.39,0,Retained,">12 Months (Low Risk)"
7,17,4,"Laptop & Accessory",4,Divorced,5,0,8.0,144.9,0,Retained,"4-12 Months (Medium Risk)"
1,9,4,"Mobile Phone",3,Married,8,1,3.0,164.77,0,Retained,"0-3 Months (High Risk)"
23,6,3,"Laptop & Accessory",3,Divorced,1,0,13.0,163.47,0,Retained,">12 Months (Low Risk)"
28,6,4,"Laptop & Accessory",3,Single,9,0,1.0,162.8,0,Retained,">12 Months (Low Risk)"
14,23,4,"Mobile Phone",3,Married,11,0,1.0,160.44,0,Retained,">12 Months (Low Risk)"
10,35,3,Fashion,4,Married,2,1,,218.49,1,Churned,"4-12 Months (Medium Risk)"
3,13,3,Mobile,4,Single,1,0,2.0,129.83,0,Retained,"0-3 Months (High Risk)"
19,8,3,Grocery,5,Married,9,0,9.0,270.48,0,Retained,">12 Months (Low Risk)"
3,33,3,"Laptop & Accessory",1,Married,8,0,7.0,153.04,0,Retained,"0-3 Months (High Risk)"
31,9,4,Grocery,4,Married,6,0,15.0,287.91,0,Retained,">12 Months (Low Risk)"
3,15,3,"Laptop & Accessory",3,Single,8,1,7.0,146.95,0,Retained,"0-3 Months (High Risk)"
29,7,4,Others,5,Single,2,1,14.0,315.45,0,Retained,">12 Months (Low Risk)"
3,8,5,Grocery,1,Married,5,0,8.0,286.24,0,Retained,"0-3 Months (High Risk)"
11,6,3,Fashion,3,Single,5,1,0.0,178.61,0,Retained,"4-12 Months (Medium Risk)"
23,8,3,Grocery,5,Divorced,3,0,2.0,278.56,0,Retained,">12 Months (Low Risk)"
3,26,3,"Laptop & Accessory",5,Married,1,0,2.0,199.57,0,Retained,"0-3 Months (High Risk)"
21,9,4,"Laptop & Accessory",1,Married,7,0,5.0,175.7,0,Retained,">12 Months (Low Risk)"
3,14,4,"Laptop & Accessory",2,Married,3,1,1.0,191.23,0,Retained,"0-3 Months (High Risk)"
18,8,5,"Laptop & Accessory",3,Single,1,0,1.0,166.32,0,Retained,">12 Months (Low Risk)"
12,24,3,"Laptop & Accessory",3,Single,1,0,7.0,145.34,0,Retained,"4-12 Months (Medium Risk)"
1,9,6,"Laptop & Accessory",1,Single,5,0,1.0,175.71,0,Retained,"0-3 Months (High Risk)"
5,32,3,"Laptop & Accessory",2,Divorced,1,0,2.0,144.65,0,Retained,"4-12 Months (Medium Risk)"
14,14,5,Fashion,1,Single,3,0,3.0,206.5,1,Churned,">12 Months (Low Risk)"
11,8,3,Mobile,3,Married,7,1,1.0,130.57,0,Retained,"4-12 Months (Medium Risk)"
13,9,5,"Laptop & Accessory",3,Single,3,0,11.0,170.53,0,Retained,">12 Months (Low Risk)"
14,8,4,Grocery,5,Married,4,0,17.0,293.23,0,Retained,">12 Months (Low Risk)"
7,13,4,"Laptop & Accessory",1,Married,5,0,8.0,202.25,0,Retained,"4-12 Months (Medium Risk)"
10,10,4,"Mobile Phone",4,Married,3,0,8.0,161.92,0,Retained,"4-12 Months (Medium Risk)"
4,36,4,Fashion,4,Married,5,0,,217.5,0,Retained,"4-12 Months (Medium Risk)"
0,25,4,"Mobile Phone",5,Married,2,0,7.0,140.66,0,Retained,"0-3 Months (High Risk)"
0,22,3,Mobile,4,Divorced,10,0,2.0,128.11,0,Retained,"0-3 Months (High Risk)"
8,8,5,"Laptop & Accessory",5,Single,2,0,10.0,178.43,0,Retained,"4-12 Months (Medium Risk)"
1,23,6,"Mobile Phone",5,Married,3,1,1.0,148.07,1,Churned,"0-3 Months (High Risk)"
22,14,3,Fashion,4,Married,5,0,7.0,174.03,0,Retained,">12 Months (Low Risk)"
1,16,4,"Laptop & Accessory",5,Married,6,0,8.0,178.46,1,Churned,"0-3 Months (High Risk)"
8,33,3,"Laptop & Accessory",3,Married,3,0,7.0,168.83,0,Retained,"4-12 Months (Medium Risk)"
20,7,2,Grocery,5,Single,3,0,13.0,300.67,0,Retained,">12 Months (Low Risk)"
10,16,3,"Mobile Phone",4,Married,2,0,7.0,139.36,0,Retained,"4-12 Months (Medium Risk)"
18,8,3,"Laptop & Accessory",4,Married,1,0,7.0,148.05,0,Retained,">12 Months (Low Risk)"
30,30,1,Fashion,1,Married,4,1,4.0,194.39,0,Retained,">12 Months (Low Risk)"
6,10,4,Fashion,1,Single,5,0,8.0,236.58999999999997,0,Retained,"4-12 Months (Medium Risk)"
20,20,4,"Laptop & Accessory",4,Single,8,0,10.0,180.62,0,Retained,">12 Months (Low Risk)"
13,14,3,"Laptop & Accessory",3,Divorced,4,1,3.0,167.96,1,Churned,">12 Months (Low Risk)"
10,6,3,Fashion,2,Married,3,1,2.0,236.02999999999997,0,Retained,"4-12 Months (Medium Risk)"
30,18,5,"Laptop & Accessory",5,Married,6,0,1.0,178.8,0,Retained,">12 Months (Low Risk)"
18,7,3,Fashion,4,Married,2,0,7.0,174.41,0,Retained,">12 Months (Low Risk)"
28,20,2,Others,4,Single,9,0,15.0,287.22,0,Retained,">12 Months (Low Risk)"
9,32,3,"Laptop & Accessory",3,Married,7,0,2.0,153.47,0,Retained,"4-12 Months (Medium Risk)"
18,17,4,"Laptop & Accessory",1,Married,4,1,4.0,189.65,0,Retained,">12 Months (Low Risk)"
4,10,4,"Mobile Phone",2,Divorced,6,0,5.0,145.97,0,Retained,"4-12 Months (Medium Risk)"
24,9,4,Grocery,5,Divorced,4,0,3.0,303.56,0,Retained,">12 Months (Low Risk)"
1,16,4,"Laptop & Accessory",5,Single,5,1,4.0,207.24,1,Churned,"0-3 Months (High Risk)"
15,10,3,Others,1,Married,2,0,15.0,292.32,0,Retained,">12 Months (Low Risk)"
10,17,4,Fashion,3,Divorced,5,0,8.0,195.94,0,Retained,"4-12 Months (Medium Risk)"
17,22,5,"Laptop & Accessory",1,Married,5,0,3.0,193.04,0,Retained,">12 Months (Low Risk)"
10,10,4,"Mobile Phone",4,Divorced,3,0,8.0,161.92,0,Retained,"4-12 Months (Medium Risk)"
21,9,4,Others,4,Single,9,1,9.0,317.46,1,Churned,">12 Months (Low Risk)"
10,10,4,"Mobile Phone",4,Single,6,0,3.0,145.88,0,Retained,"4-12 Months (Medium Risk)"
13,28,5,"Laptop & Accessory",2,Divorced,5,1,5.0,186.2,0,Retained,">12 Months (Low Risk)"
20,10,3,"Laptop & Accessory",3,Single,4,0,0.0,129.76,0,Retained,">12 Months (Low Risk)"
9,30,6,"Mobile Phone",3,Married,2,0,4.0,152.05,0,Retained,"4-12 Months (Medium Risk)"
4,9,3,Fashion,3,Married,10,0,2.0,236.75,0,Retained,"4-12 Months (Medium Risk)"
22,9,4,"Laptop & Accessory",2,Divorced,4,0,8.0,165.51,0,Retained,">12 Months (Low Risk)"
23,27,4,"Laptop & Accessory",5,Married,3,0,12.0,190.67,0,Retained,">12 Months (Low Risk)"
5,13,4,"Laptop & Accessory",3,Divorced,2,0,8.0,154.84,0,Retained,"4-12 Months (Medium Risk)"
5,14,5,Fashion,3,Married,3,0,,214.43,0,Retained,"4-12 Months (Medium Risk)"
15,8,3,Fashion,1,Married,3,1,9.0,201.24,0,Retained,">12 Months (Low Risk)"
0,22,1,Mobile,5,Single,2,0,14.0,127.43,1,Churned,"0-3 Months (High Risk)"
12,19,5,"Laptop & Accessory",5,Married,4,0,3.0,187.88,0,Retained,"4-12 Months (Medium Risk)"
1,11,5,"Mobile Phone",2,Divorced,2,0,5.0,156.62,0,Retained,"0-3 Months (High Risk)"
1,9,4,"Mobile Phone",4,Married,3,0,3.0,147.26,0,Retained,"0-3 Months (High Risk)"
2,17,4,"Mobile Phone",4,Divorced,3,0,1.0,135.52,0,Retained,"0-3 Months (High Risk)"
0,17,1,"Laptop & Accessory",3,Married,1,0,3.0,140.11,0,Retained,"0-3 Months (High Risk)"
1,12,2,"Laptop & Accessory",5,Married,3,0,6.0,165,0,Retained,"0-3 Months (High Risk)"
17,9,4,"Laptop & Accessory",1,Married,3,0,8.0,181.75,0,Retained,">12 Months (Low Risk)"
0,8,3,"Laptop & Accessory",2,Divorced,1,0,2.0,142.27,0,Retained,"0-3 Months (High Risk)"
16,7,4,"Mobile Phone",5,Married,5,0,3.0,150.76,0,Retained,">12 Months (Low Risk)"
13,8,4,"Laptop & Accessory",3,Divorced,7,0,0.0,134.48,0,Retained,">12 Months (Low Risk)"
2,34,6,"Laptop & Accessory",5,Married,2,0,1.0,25,0,Retained,"0-3 Months (High Risk)"
2,7,4,"Mobile Phone",1,Married,3,0,4.0,145.44,0,Retained,"0-3 Months (High Risk)"
25,17,3,"Laptop & Accessory",3,Married,9,0,4.0,131.49,0,Retained,">12 Months (Low Risk)"
18,13,3,"Mobile Phone",3,Married,5,1,2.0,144.77,0,Retained,">12 Months (Low Risk)"
6,16,4,"Laptop & Accessory",2,Divorced,3,1,6.0,188.22,0,Retained,"4-12 Months (Medium Risk)"
7,27,1,"Laptop & Accessory",1,Single,2,0,7.0,153.37,0,Retained,"4-12 Months (Medium Risk)"
15,8,3,Mobile,3,Married,1,1,0.0,126.96000000000001,0,Retained,">12 Months (Low Risk)"
1,9,4,"Mobile Phone",5,Married,3,0,1.0,148.41,0,Retained,"0-3 Months (High Risk)"
6,36,5,"Mobile Phone",4,Single,3,0,2.0,153.37,0,Retained,"4-12 Months (Medium Risk)"
11,34,2,"Laptop & Accessory",3,Single,6,1,4.0,188.97,1,Churned,"4-12 Months (Medium Risk)"
19,13,3,Fashion,3,Married,7,0,7.0,208.45,0,Retained,">12 Months (Low Risk)"
26,6,4,Fashion,4,Single,9,0,,229.45,0,Retained,">12 Months (Low Risk)"
12,28,3,Fashion,5,Single,2,1,8.0,208.8,0,Retained,"4-12 Months (Medium Risk)"
11,13,4,"Laptop & Accessory",2,Divorced,6,0,2.0,190.02,0,Retained,"4-12 Months (Medium Risk)"
14,7,4,Grocery,5,Married,4,0,17.0,293.23,0,Retained,">12 Months (Low Risk)"
4,8,3,"Laptop & Accessory",5,Single,8,0,3.0,153.32,0,Retained,"4-12 Months (Medium Risk)"
16,10,2,"Laptop & Accessory",1,Married,4,1,4.0,177.31,0,Retained,">12 Months (Low Risk)"
0,30,3,"Mobile Phone",4,Single,9,0,2.0,135.97,0,Retained,"0-3 Months (High Risk)"
21,9,4,Grocery,3,Married,5,0,7.0,296.69,0,Retained,">12 Months (Low Risk)"
5,19,4,"Mobile Phone",2,Divorced,10,1,3.0,164.29,0,Retained,"4-12 Months (Medium Risk)"
0,13,1,"Mobile Phone",5,Single,1,0,7.0,135.78,0,Retained,"0-3 Months (High Risk)"
14,15,5,Fashion,4,Married,4,0,9.0,262.57,0,Retained,">12 Months (Low Risk)"
15,35,3,"Laptop & Accessory",3,Married,3,0,2.0,145.56,0,Retained,">12 Months (Low Risk)"
25,33,4,Grocery,3,Divorced,4,0,18.0,288.07,0,Retained,">12 Months (Low Risk)"
20,11,5,Others,4,Married,4,0,9.0,312.89,0,Retained,">12 Months (Low Risk)"
1,11,4,"Mobile Phone",3,Single,3,0,1.0,148.18,0,Retained,"0-3 Months (High Risk)"
6,13,3,"Laptop & Accessory",5,Married,1,0,3.0,143.73,0,Retained,"4-12 Months (Medium Risk)"
30,7,3,Others,5,Married,4,1,5.0,297.01,0,Retained,">12 Months (Low Risk)"
8,35,5,"Laptop & Accessory",3,Married,3,0,8.0,192.12,0,Retained,"4-12 Months (Medium Risk)"
6,13,3,"Laptop & Accessory",5,Divorced,1,0,3.0,143.73,0,Retained,"4-12 Months (Medium Risk)"
11,16,6,Grocery,3,Married,9,0,11.0,254.36,1,Churned,"4-12 Months (Medium Risk)"
8,29,3,"Mobile Phone",5,Married,4,1,2.0,140.14,0,Retained,"4-12 Months (Medium Risk)"
2,8,4,"Mobile Phone",5,Married,3,0,3.0,160.91,0,Retained,"0-3 Months (High Risk)"
8,13,4,"Laptop & Accessory",3,Single,3,0,11.0,173.09,0,Retained,"4-12 Months (Medium Risk)"
12,12,1,Fashion,3,Married,3,0,6.0,182.37,0,Retained,"4-12 Months (Medium Risk)"
7,21,3,Fashion,1,Married,2,0,5.0,179.78,1,Churned,"4-12 Months (Medium Risk)"
12,13,5,"Laptop & Accessory",3,Married,4,0,8.0,178.21,0,Retained,"4-12 Months (Medium Risk)"
22,24,3,"Laptop & Accessory",1,Married,2,1,7.0,168.04,0,Retained,">12 Months (Low Risk)"
0,15,1,"Mobile Phone",3,Married,2,0,4.0,144.01,0,Retained,"0-3 Months (High Risk)"
1,23,6,"Mobile Phone",5,Single,3,1,8.0,164.19,1,Churned,"0-3 Months (High Risk)"
14,13,3,"Laptop & Accessory",3,Single,7,0,1.0,150.03,0,Retained,">12 Months (Low Risk)"
28,6,1,Grocery,2,Married,3,0,0.0,247.32,0,Retained,">12 Months (Low Risk)"
2,22,4,"Mobile Phone",3,Married,3,0,3.0,147.07,0,Retained,"0-3 Months (High Risk)"
7,15,5,"Mobile Phone",2,Single,2,0,3.0,148.42,0,Retained,"4-12 Months (Medium Risk)"
0,10,4,"Laptop & Accessory",1,Single,2,1,4.0,158.28,1,Churned,"0-3 Months (High Risk)"
1,7,4,"Mobile Phone",2,Single,3,1,9.0,151.86,1,Churned,"0-3 Months (High Risk)"
1,33,5,"Mobile Phone",3,Married,3,1,4.0,153.14,0,Retained,"0-3 Months (High Risk)"
1,22,5,"Mobile Phone",5,Married,2,0,4.0,172.74,0,Retained,"0-3 Months (High Risk)"
7,14,4,Fashion,3,Divorced,2,0,8.0,241.91000000000003,0,Retained,"4-12 Months (Medium Risk)"
29,15,5,Grocery,4,Married,3,1,1.0,260.77,0,Retained,">12 Months (Low Risk)"
12,17,4,"Laptop & Accessory",2,Single,3,1,4.0,181.66,0,Retained,"4-12 Months (Medium Risk)"
11,35,3,"Laptop & Accessory",2,Divorced,4,0,7.0,162.61,0,Retained,"4-12 Months (Medium Risk)"
16,31,4,Fashion,5,Married,3,1,9.0,199.06,0,Retained,">12 Months (Low Risk)"
6,22,4,"Laptop & Accessory",1,Married,7,0,3.0,191.67,0,Retained,"4-12 Months (Medium Risk)"
1,7,5,"Mobile Phone",4,Single,3,1,3.0,145.7,0,Retained,"0-3 Months (High Risk)"
1,24,4,"Mobile Phone",3,Married,2,1,1.0,152.41,1,Churned,"0-3 Months (High Risk)"
28,8,4,Others,5,Married,9,0,0.0,290.38,0,Retained,">12 Months (Low Risk)"
9,7,5,Fashion,5,Married,3,1,7.0,202.52,0,Retained,"4-12 Months (Medium Risk)"
0,6,4,"Mobile Phone",3,Single,1,1,2.0,137.3,1,Churned,"0-3 Months (High Risk)"
18,7,4,"Laptop & Accessory",5,Married,7,1,4.0,179.54,0,Retained,">12 Months (Low Risk)"
14,35,6,Fashion,5,Married,5,0,2.0,234.32,0,Retained,">12 Months (Low Risk)"
0,15,3,Mobile,5,Single,2,0,2.0,127.28,0,Retained,"0-3 Months (High Risk)"
18,31,4,"Laptop & Accessory",1,Married,1,0,8.0,159.06,0,Retained,">12 Months (Low Risk)"
2,25,3,"Laptop & Accessory",1,Married,5,0,2.0,142.62,0,Retained,"0-3 Months (High Risk)"
1,23,6,"Mobile Phone",5,Single,3,1,8.0,164.19,1,Churned,"0-3 Months (High Risk)"
29,7,4,Fashion,1,Married,5,0,,227.39,0,Retained,">12 Months (Low Risk)"
8,8,3,"Laptop & Accessory",1,Married,3,0,7.0,157.62,0,Retained,"4-12 Months (Medium Risk)"
27,7,5,Grocery,3,Married,6,1,3.0,254.64999999999998,0,Retained,">12 Months (Low Risk)"
24,7,4,Grocery,2,Married,11,0,4.0,298.99,0,Retained,">12 Months (Low Risk)"
6,31,4,"Laptop & Accessory",1,Married,3,0,8.0,178.09,0,Retained,"4-12 Months (Medium Risk)"
1,16,4,"Mobile Phone",5,Single,3,0,3.0,152.28,0,Retained,"0-3 Months (High Risk)"
27,13,4,"Laptop & Accessory",2,Single,4,0,3.0,149.5,0,Retained,">12 Months (Low Risk)"
1,33,4,"Mobile Phone",1,Married,3,0,3.0,154.04,0,Retained,"0-3 Months (High Risk)"
5,7,6,"Laptop & Accessory",3,Married,2,0,5.0,168.45,0,Retained,"4-12 Months (Medium Risk)"
1,25,2,"Mobile Phone",5,Married,2,0,1.0,154.56,1,Churned,"0-3 Months (High Risk)"
15,29,4,"Laptop & Accessory",1,Married,5,1,4.0,179.67,0,Retained,">12 Months (Low Risk)"
1,7,6,"Mobile Phone",3,Single,3,0,1.0,138.59,1,Churned,"0-3 Months (High Risk)"
8,27,2,"Mobile Phone",3,Divorced,2,0,1.0,150.85,0,Retained,"4-12 Months (Medium Risk)"
7,27,2,"Laptop & Accessory",2,Single,2,0,7.0,153.37,0,Retained,"4-12 Months (Medium Risk)"
7,10,3,Fashion,1,Married,3,1,0.0,197.13,0,Retained,"4-12 Months (Medium Risk)"
14,7,4,"Laptop & Accessory",3,Married,9,0,2.0,192.28,1,Churned,">12 Months (Low Risk)"
1,26,5,"Mobile Phone",4,Married,3,1,1.0,149.13,1,Churned,"0-3 Months (High Risk)"
10,22,4,"Laptop & Accessory",3,Married,5,0,0.0,163.34,0,Retained,"4-12 Months (Medium Risk)"
15,8,1,"Laptop & Accessory",5,Divorced,8,0,3.0,162.72,0,Retained,">12 Months (Low Risk)"
11,32,4,"Laptop & Accessory",3,Married,5,1,8.0,169.49,0,Retained,"4-12 Months (Medium Risk)"
9,6,3,"Laptop & Accessory",4,Married,1,0,5.0,152.28,0,Retained,"4-12 Months (Medium Risk)"
23,15,5,Grocery,4,Divorced,8,0,4.0,256.2,0,Retained,">12 Months (Low Risk)"
0,8,4,"Laptop & Accessory",4,Single,8,1,2.0,199.07,1,Churned,"0-3 Months (High Risk)"
1,13,4,"Mobile Phone",5,Married,6,1,3.0,145.73,1,Churned,"0-3 Months (High Risk)"
7,14,3,"Laptop & Accessory",3,Single,4,0,3.0,161.42,0,Retained,"4-12 Months (Medium Risk)"
12,9,5,"Laptop & Accessory",1,Married,5,0,6.0,177.49,0,Retained,"4-12 Months (Medium Risk)"
1,11,4,"Laptop & Accessory",3,Divorced,3,1,4.0,166.62,0,Retained,"0-3 Months (High Risk)"
7,6,4,Fashion,5,Divorced,10,0,6.0,204.82,1,Churned,"4-12 Months (Medium Risk)"
0,34,3,"Laptop & Accessory",4,Divorced,2,0,4.0,162.72,0,Retained,"0-3 Months (High Risk)"
2,33,3,"Laptop & Accessory",3,Divorced,5,0,1.0,143.35,0,Retained,"0-3 Months (High Risk)"
7,15,3,"Laptop & Accessory",3,Divorced,2,0,3.0,157.14,0,Retained,"4-12 Months (Medium Risk)"
7,8,4,"Mobile Phone",5,Single,2,0,3.0,143.81,0,Retained,"4-12 Months (Medium Risk)"
18,31,4,"Laptop & Accessory",1,Married,1,0,8.0,159.06,0,Retained,">12 Months (Low Risk)"
9,34,4,"Laptop & Accessory",3,Married,4,0,8.0,193.83,0,Retained,"4-12 Months (Medium Risk)"
20,7,3,Fashion,4,Married,1,0,,219.57,0,Retained,">12 Months (Low Risk)"
8,17,4,"Mobile Phone",3,Single,3,1,3.0,154.36,1,Churned,"4-12 Months (Medium Risk)"
12,30,4,Grocery,1,Married,1,0,,220.31,0,Retained,"4-12 Months (Medium Risk)"
5,19,4,"Laptop & Accessory",1,Married,2,1,6.0,183.55,0,Retained,"4-12 Months (Medium Risk)"
14,9,4,"Laptop & Accessory",4,Married,9,0,4.0,182.15,0,Retained,">12 Months (Low Risk)"
9,16,5,Fashion,3,Married,3,1,16.0,231.85000000000002,0,Retained,"4-12 Months (Medium Risk)"
9,10,5,"Mobile Phone",3,Divorced,3,0,1.0,137.81,0,Retained,"4-12 Months (Medium Risk)"
19,8,5,Grocery,4,Married,4,1,7.0,268.72,0,Retained,">12 Months (Low Risk)"
28,8,5,Others,3,Divorced,5,0,11.0,291.87,0,Retained,">12 Months (Low Risk)"
4,8,4,"Mobile Phone",4,Married,2,1,8.0,160.79,0,Retained,"4-12 Months (Medium Risk)"
1,12,4,"Mobile Phone",1,Single,3,0,3.0,156.17,0,Retained,"0-3 Months (High Risk)"
28,24,4,Fashion,3,Divorced,10,0,9.0,232.39,0,Retained,">12 Months (Low Risk)"
10,16,3,"Laptop & Accessory",4,Single,3,1,1.0,141.97,0,Retained,"4-12 Months (Medium Risk)"
14,9,5,"Mobile Phone",3,Single,4,0,3.0,153.09,0,Retained,">12 Months (Low Risk)"
14,18,4,"Laptop & Accessory",3,Married,3,0,5.0,188.23,0,Retained,">12 Months (Low Risk)"
7,16,4,"Laptop & Accessory",3,Married,2,0,7.0,150.63,0,Retained,"4-12 Months (Medium Risk)"
0,9,3,"Laptop & Accessory",3,Single,10,0,0.0,145.77,1,Churned,"0-3 Months (High Risk)"
15,18,3,"Laptop & Accessory",1,Married,4,1,0.0,150.87,0,Retained,">12 Months (Low Risk)"
20,29,3,Fashion,2,Divorced,2,0,6.0,203.12,1,Churned,">12 Months (Low Risk)"
11,16,5,Fashion,3,Married,4,0,11.0,232.06,0,Retained,"4-12 Months (Medium Risk)"
14,9,4,Others,3,Divorced,2,0,13.0,305.41,0,Retained,">12 Months (Low Risk)"
19,20,2,Grocery,3,Single,8,1,9.0,261.95,1,Churned,">12 Months (Low Risk)"
0,10,3,"Mobile Phone",2,Divorced,2,1,6.0,136.91,1,Churned,"0-3 Months (High Risk)"
1,7,5,"Laptop & Accessory",1,Married,8,0,3.0,172.75,0,Retained,"0-3 Months (High Risk)"
1,8,4,"Mobile Phone",1,Single,3,0,1.0,141.11,0,Retained,"0-3 Months (High Risk)"
11,29,4,Fashion,3,Single,1,0,8.0,195.26,0,Retained,"4-12 Months (Medium Risk)"
8,8,4,"Mobile Phone",4,Married,3,1,4.0,148.42,1,Churned,"4-12 Months (Medium Risk)"
1,22,4,"Laptop & Accessory",3,Married,9,0,1.0,173.34,1,Churned,"0-3 Months (High Risk)"
25,34,1,Grocery,3,Divorced,3,1,2.0,232.47000000000003,0,Retained,">12 Months (Low Risk)"
1,17,5,"Laptop & Accessory",2,Divorced,3,1,5.0,182.69,0,Retained,"0-3 Months (High Risk)"
8,31,3,Fashion,3,Married,2,1,1.0,203.88,0,Retained,"4-12 Months (Medium Risk)"
20,7,4,Others,1,Married,11,0,3.0,321.27,0,Retained,">12 Months (Low Risk)"
6,19,4,Grocery,5,Single,2,1,15.0,262.58,1,Churned,"4-12 Months (Medium Risk)"
1,33,4,"Laptop & Accessory",1,Single,3,0,5.0,186.8,0,Retained,"0-3 Months (High Risk)"
1,9,4,"Mobile Phone",3,Single,3,0,3.0,152.83,0,Retained,"0-3 Months (High Risk)"
7,6,4,Mobile,4,Divorced,6,0,2.0,132.94,0,Retained,"4-12 Months (Medium Risk)"
1,10,4,"Mobile Phone",5,Single,7,1,5.0,151.57,1,Churned,"0-3 Months (High Risk)"
3,18,3,"Laptop & Accessory",3,Single,1,0,4.0,165.77,0,Retained,"0-3 Months (High Risk)"
9,34,5,"Mobile Phone",5,Single,3,0,2.0,150.59,0,Retained,"4-12 Months (Medium Risk)"
3,30,1,Grocery,4,Single,5,1,0.0,231.94,1,Churned,"0-3 Months (High Risk)"
16,13,4,Fashion,5,Married,11,0,8.0,258.48,0,Retained,">12 Months (Low Risk)"
1,11,4,"Mobile Phone",4,Single,3,0,3.0,157.95,0,Retained,"0-3 Months (High Risk)"
3,7,3,"Mobile Phone",4,Married,2,0,7.0,137.48,0,Retained,"0-3 Months (High Risk)"
10,22,6,"Laptop & Accessory",1,Married,3,0,12.0,179.06,0,Retained,"4-12 Months (Medium Risk)"
14,9,4,Others,3,Married,2,0,10.0,319.36,0,Retained,">12 Months (Low Risk)"
22,14,4,Grocery,4,Divorced,7,0,,231.2,0,Retained,">12 Months (Low Risk)"
13,18,3,"Laptop & Accessory",5,Married,3,0,7.0,144.48,0,Retained,">12 Months (Low Risk)"
8,15,4,"Laptop & Accessory",5,Married,5,0,1.0,176.21,0,Retained,"4-12 Months (Medium Risk)"
11,16,5,"Laptop & Accessory",4,Married,3,0,4.0,166.89,0,Retained,"4-12 Months (Medium Risk)"
16,12,4,Fashion,4,Single,11,1,,209.46,1,Churned,">12 Months (Low Risk)"
8,8,4,"Mobile Phone",1,Single,1,1,4.0,149.3,0,Retained,"4-12 Months (Medium Risk)"
8,6,4,"Laptop & Accessory",2,Divorced,1,0,0.0,153.63,0,Retained,"4-12 Months (Medium Risk)"
30,35,4,Grocery,1,Married,4,0,0.0,241.18,0,Retained,">12 Months (Low Risk)"
1,10,4,"Mobile Phone",1,Married,3,0,1.0,145.61,0,Retained,"0-3 Months (High Risk)"
15,16,4,Others,3,Married,4,0,12.0,319.19,0,Retained,">12 Months (Low Risk)"
8,22,4,Grocery,5,Married,9,0,10.0,295.07,0,Retained,"4-12 Months (Medium Risk)"
3,14,1,Fashion,5,Divorced,1,1,,214.16000000000003,0,Retained,"0-3 Months (High Risk)"
24,8,5,"Laptop & Accessory",4,Married,6,0,2.0,154.82,0,Retained,">12 Months (Low Risk)"
8,12,3,Mobile,3,Married,1,1,2.0,135.06,0,Retained,"4-12 Months (Medium Risk)"
7,28,4,"Laptop & Accessory",1,Married,2,1,11.0,157.47,0,Retained,"4-12 Months (Medium Risk)"
13,8,3,"Laptop & Accessory",4,Divorced,6,0,0.0,143.27,0,Retained,">12 Months (Low Risk)"
14,8,4,"Laptop & Accessory",3,Single,3,1,7.0,168.11,0,Retained,">12 Months (Low Risk)"
19,13,5,Fashion,2,Single,8,0,,213.65,0,Retained,">12 Months (Low Risk)"
1,16,4,"Mobile Phone",4,Single,3,0,4.0,147.79,0,Retained,"0-3 Months (High Risk)"
4,9,5,"Laptop & Accessory",2,Single,7,1,1.0,193.77,0,Retained,"4-12 Months (Medium Risk)"
10,19,5,Fashion,2,Single,2,0,,213.58,0,Retained,"4-12 Months (Medium Risk)"
1,7,4,Fashion,5,Married,3,0,8.0,199.12,0,Retained,"0-3 Months (High Risk)"
9,23,4,Fashion,4,Divorced,2,0,10.0,205.2,0,Retained,"4-12 Months (Medium Risk)"
12,7,4,Fashion,3,Single,6,1,1.0,203.61,0,Retained,"4-12 Months (Medium Risk)"
20,9,6,Grocery,4,Married,5,1,8.0,293.72,0,Retained,">12 Months (Low Risk)"
1,23,6,"Mobile Phone",5,Married,3,1,1.0,148.07,1,Churned,"0-3 Months (High Risk)"
1,23,4,Fashion,5,Single,4,1,,210.64,1,Churned,"0-3 Months (High Risk)"
1,15,4,"Laptop & Accessory",1,Married,2,0,2.0,168.42,0,Retained,"0-3 Months (High Risk)"
24,12,3,Others,3,Single,8,0,15.0,295.37,0,Retained,">12 Months (Low Risk)"
17,6,4,"Laptop & Accessory",3,Single,5,0,2.0,159.85,0,Retained,">12 Months (Low Risk)"
20,17,5,Fashion,2,Divorced,4,1,,215.71,0,Retained,">12 Months (Low Risk)"
2,33,5,"Laptop & Accessory",5,Divorced,3,0,5.0,172.24,0,Retained,"0-3 Months (High Risk)"
12,14,2,"Mobile Phone",3,Married,3,0,4.0,151.1,0,Retained,"4-12 Months (Medium Risk)"
0,6,4,"Laptop & Accessory",1,Married,7,0,2.0,147.75,0,Retained,"0-3 Months (High Risk)"
6,11,5,"Laptop & Accessory",3,Divorced,3,0,9.0,186.62,0,Retained,"4-12 Months (Medium Risk)"
1,7,4,"Laptop & Accessory",3,Married,3,0,8.0,177.96,0,Retained,"0-3 Months (High Risk)"
6,8,3,"Mobile Phone",3,Divorced,2,0,4.0,136,0,Retained,"4-12 Months (Medium Risk)"
19,6,4,Fashion,5,Married,3,1,5.0,206.73000000000002,0,Retained,">12 Months (Low Risk)"
5,19,3,"Laptop & Accessory",2,Married,3,0,3.0,144.03,0,Retained,"4-12 Months (Medium Risk)"
4,16,3,Fashion,3,Married,5,0,,210.31,0,Retained,"4-12 Months (Medium Risk)"
1,23,4,Fashion,5,Single,4,1,,210.64,1,Churned,"0-3 Months (High Risk)"
5,15,3,"Laptop & Accessory",2,Divorced,2,1,5.0,163.22,0,Retained,"4-12 Months (Medium Risk)"
1,31,6,"Mobile Phone",1,Single,3,1,1.0,136.18,1,Churned,"0-3 Months (High Risk)"
0,21,4,"Mobile Phone",5,Married,1,0,3.0,147.74,0,Retained,"0-3 Months (High Risk)"
20,9,4,"Laptop & Accessory",1,Married,4,0,5.0,198.79,0,Retained,">12 Months (Low Risk)"
11,6,2,"Laptop & Accessory",2,Single,1,0,8.0,176.25,0,Retained,"4-12 Months (Medium Risk)"
16,9,5,"Mobile Phone",4,Married,6,0,1.0,173.41,0,Retained,">12 Months (Low Risk)"
2,9,3,"Mobile Phone",5,Single,2,1,5.0,147.23,0,Retained,"0-3 Months (High Risk)"
18,12,4,Fashion,2,Single,7,0,8.0,188.65,0,Retained,">12 Months (Low Risk)"
3,17,4,"Mobile Phone",4,Married,2,0,2.0,157.91,0,Retained,"0-3 Months (High Risk)"
1,10,4,"Mobile Phone",5,Single,3,1,8.0,158.48,1,Churned,"0-3 Months (High Risk)"
0,27,1,Mobile,1,Single,2,0,2.0,126.78,0,Retained,"0-3 Months (High Risk)"
8,32,3,"Laptop & Accessory",5,Married,3,0,0.0,142.86,1,Churned,"4-12 Months (Medium Risk)"
11,17,4,"Mobile Phone",5,Married,8,0,4.0,159.52,0,Retained,"4-12 Months (Medium Risk)"
18,10,4,Others,2,Divorced,6,1,2.0,320.13,0,Retained,">12 Months (Low Risk)"
19,13,5,Fashion,1,Single,8,0,,213.65,0,Retained,">12 Months (Low Risk)"
25,12,3,"Laptop & Accessory",5,Married,4,1,9.0,155.77,0,Retained,">12 Months (Low Risk)"
0,15,3,"Mobile Phone",1,Single,2,0,0.0,110.81,1,Churned,"0-3 Months (High Risk)"
29,7,3,"Laptop & Accessory",3,Married,2,0,9.0,163.06,0,Retained,">12 Months (Low Risk)"
11,10,3,Mobile,3,Married,8,0,0.0,133.06,0,Retained,"4-12 Months (Medium Risk)"
1,14,5,Fashion,2,Married,11,0,2.0,240.57,0,Retained,"0-3 Months (High Risk)"
12,15,3,"Laptop & Accessory",4,Single,21,0,3.0,167.82,0,Retained,"4-12 Months (Medium Risk)"
4,6,3,"Laptop & Accessory",2,Single,9,1,5.0,159.93,1,Churned,"4-12 Months (Medium Risk)"
25,8,4,Others,3,Single,2,1,12.0,290.68,0,Retained,">12 Months (Low Risk)"
8,27,3,"Laptop & Accessory",1,Married,2,1,7.0,140.14,0,Retained,"4-12 Months (Medium Risk)"
6,10,4,Fashion,2,Single,5,0,8.0,236.58999999999997,0,Retained,"4-12 Months (Medium Risk)"
22,9,2,"Mobile Phone",4,Single,7,0,1.0,150.59,0,Retained,">12 Months (Low Risk)"
4,23,4,"Mobile Phone",1,Married,3,0,9.0,153.62,0,Retained,"4-12 Months (Medium Risk)"
8,7,5,"Mobile Phone",4,Divorced,7,0,3.0,157.94,0,Retained,"4-12 Months (Medium Risk)"
13,8,3,"Laptop & Accessory",1,Single,2,0,8.0,146.61,0,Retained,">12 Months (Low Risk)"
11,17,4,"Mobile Phone",4,Married,3,0,8.0,164.36,0,Retained,"4-12 Months (Medium Risk)"
4,14,3,Fashion,1,Married,2,0,9.0,207.93,0,Retained,"4-12 Months (Medium Risk)"
13,9,2,Fashion,3,Single,2,0,8.0,203.8,0,Retained,">12 Months (Low Risk)"
19,10,4,Others,4,Married,3,0,8.0,287.89,0,Retained,">12 Months (Low Risk)"
10,20,3,Mobile,5,Married,2,0,17.0,130.34,0,Retained,"4-12 Months (Medium Risk)"
12,16,3,Fashion,3,Single,8,0,2.0,234.64,0,Retained,"4-12 Months (Medium Risk)"
5,27,4,"Mobile Phone",4,Single,3,1,3.0,156.4,1,Churned,"4-12 Months (Medium Risk)"
16,31,4,Fashion,1,Married,6,0,0.0,207.98000000000002,0,Retained,">12 Months (Low Risk)"
6,9,4,"Laptop & Accessory",4,Married,2,0,7.0,179.7,0,Retained,"4-12 Months (Medium Risk)"
9,16,4,"Laptop & Accessory",3,Married,2,1,7.0,156.73,0,Retained,"4-12 Months (Medium Risk)"
12,13,4,Others,1,Married,2,0,3.0,292.72,0,Retained,"4-12 Months (Medium Risk)"
4,36,4,"Laptop & Accessory",5,Married,10,0,4.0,166.15,0,Retained,"4-12 Months (Medium Risk)"
11,14,4,"Laptop & Accessory",5,Married,7,1,5.0,167.84,0,Retained,"4-12 Months (Medium Risk)"
8,15,4,"Laptop & Accessory",5,Divorced,7,0,3.0,190,0,Retained,"4-12 Months (Medium Risk)"
5,14,1,"Laptop & Accessory",3,Married,6,0,3.0,151.75,0,Retained,"4-12 Months (Medium Risk)"
1,17,5,"Mobile Phone",3,Single,3,0,1.0,137,0,Retained,"0-3 Months (High Risk)"
14,16,5,"Laptop & Accessory",4,Single,2,0,9.0,161.51,0,Retained,">12 Months (Low Risk)"
19,8,3,Grocery,5,Divorced,9,0,9.0,270.48,0,Retained,">12 Months (Low Risk)"
11,17,2,Fashion,1,Married,3,1,9.0,262.44,0,Retained,"4-12 Months (Medium Risk)"
25,33,4,Grocery,3,Married,4,0,18.0,288.07,0,Retained,">12 Months (Low Risk)"
14,18,4,"Laptop & Accessory",3,Married,3,0,5.0,188.23,0,Retained,">12 Months (Low Risk)"
24,11,3,Grocery,4,Married,2,1,10.0,240.26,0,Retained,">12 Months (Low Risk)"
13,8,3,Others,3,Divorced,1,0,12.0,280.41,0,Retained,">12 Months (Low Risk)"
2,16,3,Mobile,4,Married,1,0,1.0,132.91,0,Retained,"0-3 Months (High Risk)"
2,33,5,"Laptop & Accessory",5,Married,3,0,5.0,172.24,0,Retained,"0-3 Months (High Risk)"
31,9,5,Grocery,1,Single,5,1,4.0,262.26,0,Retained,">12 Months (Low Risk)"
8,7,4,"Mobile Phone",4,Married,3,1,4.0,148.42,1,Churned,"4-12 Months (Medium Risk)"
19,33,5,"Laptop & Accessory",5,Married,3,0,6.0,168.85,0,Retained,">12 Months (Low Risk)"
13,22,4,Grocery,5,Single,2,0,11.0,258.41,0,Retained,">12 Months (Low Risk)"
0,8,1,Mobile,5,Single,8,0,1.0,134.24,0,Retained,"0-3 Months (High Risk)"
1,8,4,"Mobile Phone",1,Married,2,1,2.0,138.67,0,Retained,"0-3 Months (High Risk)"
24,7,4,"Laptop & Accessory",3,Divorced,2,0,14.0,188.47,0,Retained,">12 Months (Low Risk)"
23,34,1,Mobile,3,Married,2,1,8.0,132.21,0,Retained,">12 Months (Low Risk)"
17,11,4,Mobile,3,Single,4,0,3.0,131.62,0,Retained,">12 Months (Low Risk)"
0,8,4,"Laptop & Accessory",4,Single,8,1,2.0,199.07,1,Churned,"0-3 Months (High Risk)"
24,15,4,"Mobile Phone",4,Married,9,0,3.0,163.75,0,Retained,">12 Months (Low Risk)"
12,7,2,"Mobile Phone",3,Divorced,3,0,1.0,153.44,0,Retained,"4-12 Months (Medium Risk)"
8,14,3,"Laptop & Accessory",3,Married,2,0,9.0,141.48,0,Retained,"4-12 Months (Medium Risk)"
10,28,4,"Laptop & Accessory",4,Married,6,0,,214.26,1,Churned,"4-12 Months (Medium Risk)"
1,17,4,"Laptop & Accessory",1,Single,3,0,3.0,171.84,0,Retained,"0-3 Months (High Risk)"
7,8,4,"Laptop & Accessory",3,Divorced,2,0,9.0,195.47,0,Retained,"4-12 Months (Medium Risk)"
17,11,5,Fashion,1,Single,5,0,,227.31,0,Retained,">12 Months (Low Risk)"
6,6,1,"Laptop & Accessory",5,Married,3,0,3.0,153.76,0,Retained,"4-12 Months (Medium Risk)"
4,16,4,"Laptop & Accessory",5,Married,3,0,11.0,155.72,0,Retained,"4-12 Months (Medium Risk)"
16,31,4,Fashion,2,Married,6,0,0.0,234,0,Retained,">12 Months (Low Risk)"
5,19,3,"Laptop & Accessory",1,Married,3,0,3.0,144.03,0,Retained,"4-12 Months (Medium Risk)"
25,8,4,Others,3,Single,2,1,12.0,290.68,0,Retained,">12 Months (Low Risk)"
19,15,4,"Laptop & Accessory",2,Divorced,11,0,9.0,161.97,0,Retained,">12 Months (Low Risk)"
1,8,4,"Mobile Phone",2,Divorced,2,1,2.0,138.67,0,Retained,"0-3 Months (High Risk)"
3,14,3,Fashion,3,Married,6,0,7.0,172.64,0,Retained,"0-3 Months (High Risk)"
12,8,3,Fashion,3,Single,1,0,,209.38,0,Retained,"4-12 Months (Medium Risk)"
6,12,4,"Laptop & Accessory",4,Divorced,3,0,4.0,190.24,0,Retained,"4-12 Months (Medium Risk)"
22,23,4,"Laptop & Accessory",3,Married,10,0,8.0,189.39,0,Retained,">12 Months (Low Risk)"
1,9,4,"Mobile Phone",1,Single,4,0,3.0,150.8,0,Retained,"0-3 Months (High Risk)"
6,29,3,Fashion,1,Single,2,1,12.0,234.57999999999998,0,Retained,"4-12 Months (Medium Risk)"
29,29,3,Grocery,4,Divorced,5,1,9.0,234.01999999999998,0,Retained,">12 Months (Low Risk)"
12,9,5,"Mobile Phone",4,Single,3,0,4.0,149.4,0,Retained,"4-12 Months (Medium Risk)"
24,17,5,Fashion,2,Single,8,0,,229.96,0,Retained,">12 Months (Low Risk)"
15,16,3,Mobile,3,Married,4,0,3.0,129.36,0,Retained,">12 Months (Low Risk)"
1,9,4,"Mobile Phone",3,Married,8,1,3.0,164.77,0,Retained,"0-3 Months (High Risk)"
7,12,5,Fashion,1,Married,6,0,3.0,196.19,0,Retained,"4-12 Months (Medium Risk)"
10,31,4,"Laptop & Accessory",4,Divorced,9,0,9.0,181.74,0,Retained,"4-12 Months (Medium Risk)"
0,21,4,"Mobile Phone",5,Married,1,0,3.0,147.74,0,Retained,"0-3 Months (High Risk)"
27,31,2,Fashion,1,Married,5,0,3.0,195.05,0,Retained,">12 Months (Low Risk)"
12,30,4,"Laptop & Accessory",2,Married,11,0,3.0,182.45,0,Retained,"4-12 Months (Medium Risk)"
0,8,3,Mobile,3,Single,2,0,2.0,127.83000000000001,0,Retained,"0-3 Months (High Risk)"
3,17,5,"Laptop & Accessory",4,Married,3,1,8.0,207.68,0,Retained,"0-3 Months (High Risk)"
1,16,4,"Mobile Phone",5,Married,3,0,1.0,142.9,1,Churned,"0-3 Months (High Risk)"
0,15,3,Mobile,5,Single,3,1,0.0,131.72,1,Churned,"0-3 Months (High Risk)"
1,9,4,"Mobile Phone",1,Single,4,0,3.0,150.8,0,Retained,"0-3 Months (High Risk)"
0,6,3,"Laptop & Accessory",4,Married,2,0,4.0,163.97,0,Retained,"0-3 Months (High Risk)"
17,26,3,Mobile,4,Single,2,0,3.0,134.2,0,Retained,">12 Months (Low Risk)"
27,7,3,Grocery,1,Single,7,0,7.0,273.28,0,Retained,">12 Months (Low Risk)"
3,30,4,"Mobile Phone",5,Single,2,0,4.0,164.04,1,Churned,"0-3 Months (High Risk)"
9,8,3,"Laptop & Accessory",4,Married,5,1,0.0,169.62,0,Retained,"4-12 Months (Medium Risk)"
13,10,5,"Laptop & Accessory",3,Married,2,0,8.0,155.69,0,Retained,">12 Months (Low Risk)"
0,9,3,"Mobile Phone",5,Divorced,6,0,2.0,140.31,1,Churned,"0-3 Months (High Risk)"
8,10,6,"Laptop & Accessory",1,Single,7,0,3.0,185.29,0,Retained,"4-12 Months (Medium Risk)"
8,17,5,"Laptop & Accessory",3,Married,3,0,8.0,175.63,0,Retained,"4-12 Months (Medium Risk)"
9,23,4,Fashion,3,Divorced,6,1,1.0,201.32,0,Retained,"4-12 Months (Medium Risk)"
1,15,6,"Mobile Phone",5,Married,3,1,8.0,146.19,1,Churned,"0-3 Months (High Risk)"
0,31,3,Mobile,3,Married,2,0,7.0,129.42,0,Retained,"0-3 Months (High Risk)"
10,7,4,"Laptop & Accessory",3,Single,8,0,1.0,193.15,0,Retained,"4-12 Months (Medium Risk)"
1,14,4,"Mobile Phone",2,Married,2,0,4.0,149.36,0,Retained,"0-3 Months (High Risk)"
0,6,4,Fashion,3,Married,6,0,46.0,206.08999999999997,1,Churned,"0-3 Months (High Risk)"
2,9,3,"Laptop & Accessory",3,Married,5,1,0.0,152.38,1,Churned,"0-3 Months (High Risk)"
1,20,4,"Mobile Phone",4,Divorced,3,0,1.0,145.33,0,Retained,"0-3 Months (High Risk)"
0,14,1,"Laptop & Accessory",4,Married,1,0,2.0,148.51,0,Retained,"0-3 Months (High Risk)"
0,35,3,"Laptop & Accessory",3,Married,6,0,0.0,143.06,0,Retained,"0-3 Months (High Risk)"
1,20,4,"Laptop & Accessory",3,Single,5,1,,223.54,1,Churned,"0-3 Months (High Risk)"
7,11,5,"Mobile Phone",4,Married,10,0,3.0,163.38,0,Retained,"4-12 Months (Medium Risk)"
1,13,3,"Laptop & Accessory",5,Single,1,0,3.0,148.98,0,Retained,"0-3 Months (High Risk)"
1,7,4,"Mobile Phone",4,Single,3,1,3.0,148.02,1,Churned,"0-3 Months (High Risk)"
18,30,4,"Laptop & Accessory",4,Married,6,0,3.0,145.42,0,Retained,">12 Months (Low Risk)"
0,32,3,Mobile,1,Married,2,0,2.0,129.04,0,Retained,"0-3 Months (High Risk)"
12,16,4,"Mobile Phone",1,Married,4,0,4.0,172.71,0,Retained,"4-12 Months (Medium Risk)"
1,22,4,Fashion,3,Divorced,9,1,8.0,261.1,1,Churned,"0-3 Months (High Risk)"
10,15,4,"Laptop & Accessory",2,Married,6,0,8.0,175.79,0,Retained,"4-12 Months (Medium Risk)"
7,6,1,Mobile,2,Single,3,0,3.0,132.8,0,Retained,"4-12 Months (Medium Risk)"
25,15,5,Fashion,4,Divorced,7,0,8.0,249.89999999999998,0,Retained,">12 Months (Low Risk)"
6,10,4,"Mobile Phone",4,Divorced,9,0,2.0,138.38,0,Retained,"4-12 Months (Medium Risk)"
9,18,3,"Laptop & Accessory",3,Married,10,1,1.0,146.63,0,Retained,"4-12 Months (Medium Risk)"
28,20,1,Others,4,Single,9,0,15.0,287.22,0,Retained,">12 Months (Low Risk)"
26,6,3,"Laptop & Accessory",5,Single,8,0,10.0,183.81,0,Retained,">12 Months (Low Risk)"
21,16,4,"Mobile Phone",3,Single,6,0,1.0,146.05,0,Retained,">12 Months (Low Risk)"
8,12,5,"Laptop & Accessory",1,Married,3,0,14.0,164.86,0,Retained,"4-12 Months (Medium Risk)"
0,6,3,Mobile,2,Single,2,1,8.0,126.86000000000001,1,Churned,"0-3 Months (High Risk)"
19,18,4,Grocery,2,Divorced,5,0,2.0,301.5,0,Retained,">12 Months (Low Risk)"
12,17,4,"Mobile Phone",3,Married,2,0,3.0,151.84,0,Retained,"4-12 Months (Medium Risk)"
2,10,4,Fashion,4,Married,2,0,8.0,201.55,0,Retained,"0-3 Months (High Risk)"
1,9,5,"Mobile Phone",2,Single,3,0,1.0,136.02,1,Churned,"0-3 Months (High Risk)"
14,23,5,"Laptop & Accessory",3,Single,8,0,1.0,175.94,0,Retained,">12 Months (Low Risk)"
10,17,4,Fashion,3,Married,5,0,8.0,195.94,0,Retained,"4-12 Months (Medium Risk)"
25,9,6,"Laptop & Accessory",4,Married,7,0,3.0,179.82,0,Retained,">12 Months (Low Risk)"
1,18,4,"Laptop & Accessory",5,Married,3,1,4.0,172.41,0,Retained,"0-3 Months (High Risk)"
19,8,4,Fashion,4,Married,3,0,8.0,199.41,0,Retained,">12 Months (Low Risk)"
1,7,5,"Mobile Phone",5,Divorced,3,1,1.0,148.19,1,Churned,"0-3 Months (High Risk)"
12,14,5,"Laptop & Accessory",2,Single,2,0,6.0,165.28,0,Retained,"4-12 Months (Medium Risk)"
9,25,4,"Laptop & Accessory",5,Married,2,0,5.0,180.61,0,Retained,"4-12 Months (Medium Risk)"
8,24,3,"Laptop & Accessory",3,Divorced,2,0,0.0,146.01,0,Retained,"4-12 Months (Medium Risk)"
1,9,2,"Laptop & Accessory",3,Single,2,0,8.0,190,0,Retained,"0-3 Months (High Risk)"
29,15,3,Mobile,3,Divorced,3,0,3.0,129.42,0,Retained,">12 Months (Low Risk)"
4,31,2,Grocery,4,Single,6,1,1.0,256.94,1,Churned,"4-12 Months (Medium Risk)"
0,14,3,"Laptop & Accessory",3,Married,1,1,4.0,149.07,0,Retained,"0-3 Months (High Risk)"
26,10,5,Fashion,3,Married,4,1,5.0,204.69,0,Retained,">12 Months (Low Risk)"
17,13,5,Others,3,Married,9,0,15.0,318.92,0,Retained,">12 Months (Low Risk)"
22,11,5,Fashion,3,Single,9,0,9.0,234.99,0,Retained,">12 Months (Low Risk)"
25,9,4,Fashion,3,Divorced,3,1,4.0,179.69,0,Retained,">12 Months (Low Risk)"
2,26,5,"Mobile Phone",5,Married,3,0,4.0,156.96,0,Retained,"0-3 Months (High Risk)"
7,16,3,Mobile,3,Single,2,1,2.0,129.36,1,Churned,"4-12 Months (Medium Risk)"
11,12,4,"Laptop & Accessory",3,Married,3,0,7.0,153.21,0,Retained,"4-12 Months (Medium Risk)"
5,12,4,"Mobile Phone",2,Divorced,2,1,4.0,173.21,0,Retained,"4-12 Months (Medium Risk)"
0,32,3,"Laptop & Accessory",1,Single,2,0,4.0,161.8,0,Retained,"0-3 Months (High Risk)"
20,10,4,Grocery,4,Married,10,0,2.0,291.06,0,Retained,">12 Months (Low Risk)"
17,28,4,"Mobile Phone",2,Divorced,9,0,3.0,147.58,0,Retained,">12 Months (Low Risk)"
0,19,4,"Laptop & Accessory",5,Married,6,1,2.0,161.34,1,Churned,"0-3 Months (High Risk)"
22,9,2,"Laptop & Accessory",4,Married,5,0,3.0,206.2,0,Retained,">12 Months (Low Risk)"
5,8,3,Mobile,5,Married,2,0,0.0,128.27,0,Retained,"4-12 Months (Medium Risk)"
7,14,4,"Laptop & Accessory",5,Married,2,0,4.0,168.73,0,Retained,"4-12 Months (Medium Risk)"
9,17,4,"Laptop & Accessory",1,Married,5,0,0.0,166.52,0,Retained,"4-12 Months (Medium Risk)"
1,35,4,"Laptop & Accessory",4,Divorced,3,0,5.0,187.72,0,Retained,"0-3 Months (High Risk)"
11,17,5,"Laptop & Accessory",1,Married,4,1,1.0,191.94,0,Retained,"4-12 Months (Medium Risk)"
5,7,4,"Mobile Phone",4,Single,3,0,1.0,150.01,0,Retained,"4-12 Months (Medium Risk)"
8,24,3,"Laptop & Accessory",3,Married,2,1,2.0,156.89,0,Retained,"4-12 Months (Medium Risk)"
10,13,3,"Laptop & Accessory",5,Married,6,1,4.0,142.84,0,Retained,"4-12 Months (Medium Risk)"
2,34,6,"Laptop & Accessory",5,Married,2,0,1.0,173.77,0,Retained,"0-3 Months (High Risk)"
1,14,3,Mobile,2,Single,2,0,2.0,133.1,0,Retained,"0-3 Months (High Risk)"
17,6,3,"Laptop & Accessory",1,Married,5,1,2.0,157.43,0,Retained,">12 Months (Low Risk)"
10,17,4,Fashion,5,Married,9,1,8.0,208.21,0,Retained,"4-12 Months (Medium Risk)"
18,14,3,"Laptop & Accessory",2,Divorced,10,0,8.0,136.97,0,Retained,">12 Months (Low Risk)"
18,11,2,Others,5,Married,3,0,14.0,316.9,0,Retained,">12 Months (Low Risk)"
2,25,3,"Laptop & Accessory",2,Married,5,0,2.0,142.62,0,Retained,"0-3 Months (High Risk)"
0,14,4,"Mobile Phone",3,Single,2,1,2.0,139.89,1,Churned,"0-3 Months (High Risk)"
5,31,4,"Laptop & Accessory",1,Single,4,0,5.0,177.38,0,Retained,"4-12 Months (Medium Risk)"
13,11,5,"Laptop & Accessory",3,Married,6,0,10.0,184.02,0,Retained,">12 Months (Low Risk)"
7,6,3,"Laptop & Accessory",4,Married,2,0,3.0,143.25,0,Retained,"4-12 Months (Medium Risk)"
1,8,5,"Mobile Phone",3,Married,3,1,1.0,154.33,0,Retained,"0-3 Months (High Risk)"
29,25,4,"Laptop & Accessory",4,Married,5,1,8.0,188.85,0,Retained,">12 Months (Low Risk)"
5,30,3,"Laptop & Accessory",2,Divorced,2,0,7.0,153.09,0,Retained,"4-12 Months (Medium Risk)"
27,9,2,Grocery,4,Single,6,0,9.0,290.98,0,Retained,">12 Months (Low Risk)"
0,28,3,"Laptop & Accessory",3,Divorced,2,1,7.0,161.79,1,Churned,"0-3 Months (High Risk)"
1,11,6,Fashion,1,Married,3,0,,229,1,Churned,"0-3 Months (High Risk)"
1,16,4,"Mobile Phone",3,Divorced,3,0,3.0,152.42,1,Churned,"0-3 Months (High Risk)"
1,11,4,"Mobile Phone",2,Divorced,3,1,7.0,161.91,1,Churned,"0-3 Months (High Risk)"
23,12,4,"Laptop & Accessory",3,Divorced,4,0,3.0,191.51,0,Retained,">12 Months (Low Risk)"
2,7,4,"Mobile Phone",5,Single,4,0,3.0,145.8,0,Retained,"0-3 Months (High Risk)"
10,11,4,"Laptop & Accessory",4,Married,9,0,3.0,176.31,0,Retained,"4-12 Months (Medium Risk)"
20,14,4,Fashion,3,Married,8,0,8.0,233.45,0,Retained,">12 Months (Low Risk)"
3,24,5,Fashion,5,Single,3,0,10.0,204.88,0,Retained,"0-3 Months (High Risk)"
22,8,4,"Laptop & Accessory",4,Married,3,0,8.0,153.9,0,Retained,">12 Months (Low Risk)"
23,15,5,Grocery,4,Married,8,0,4.0,256.2,0,Retained,">12 Months (Low Risk)"
22,7,5,Grocery,5,Married,9,0,3.0,279.02,0,Retained,">12 Months (Low Risk)"
0,6,1,Fashion,4,Single,2,0,7.0,174.46,1,Churned,"0-3 Months (High Risk)"
0,15,1,"Mobile Phone",3,Married,2,0,4.0,144.01,0,Retained,"0-3 Months (High Risk)"
29,25,4,Grocery,4,Single,5,0,9.0,293.35,0,Retained,">12 Months (Low Risk)"
31,16,5,"Mobile Phone",4,Married,6,1,1.0,158.46,0,Retained,">12 Months (Low Risk)"
10,35,3,Fashion,4,Divorced,2,1,,218.49,1,Churned,"4-12 Months (Medium Risk)"
8,17,4,"Mobile Phone",4,Married,3,0,1.0,145.08,0,Retained,"4-12 Months (Medium Risk)"
7,8,4,Mobile,3,Married,4,0,7.0,127.68,0,Retained,"4-12 Months (Medium Risk)"
11,11,4,"Mobile Phone",3,Married,9,1,4.0,154.96,0,Retained,"4-12 Months (Medium Risk)"
1,29,4,"Mobile Phone",3,Single,3,0,3.0,159.47,0,Retained,"0-3 Months (High Risk)"
1,36,5,"Mobile Phone",4,Single,2,0,5.0,159.79,1,Churned,"0-3 Months (High Risk)"
0,32,4,"Laptop & Accessory",5,Single,6,0,1.0,166.96,1,Churned,"0-3 Months (High Risk)"
28,33,2,Grocery,1,Single,4,1,5.0,298.28,0,Retained,">12 Months (Low Risk)"
2,28,4,"Mobile Phone",2,Divorced,3,0,3.0,152.13,0,Retained,"0-3 Months (High Risk)"
0,10,4,"Laptop & Accessory",2,Single,2,1,4.0,158.28,1,Churned,"0-3 Months (High Risk)"
9,32,4,Fashion,3,Married,3,1,,228.88,0,Retained,"4-12 Months (Medium Risk)"
10,25,3,Mobile,4,Married,5,0,0.0,130.22,0,Retained,"4-12 Months (Medium Risk)"
0,10,3,Mobile,1,Single,2,1,2.0,128.75,0,Retained,"0-3 Months (High Risk)"
11,8,4,"Laptop & Accessory",2,Divorced,4,0,5.0,152.49,0,Retained,"4-12 Months (Medium Risk)"
18,9,2,Fashion,1,Married,3,1,8.0,203.79,0,Retained,">12 Months (Low Risk)"
9,22,4,"Laptop & Accessory",5,Divorced,5,0,2.0,156.47,0,Retained,"4-12 Months (Medium Risk)"
5,8,2,"Laptop & Accessory",2,Single,8,0,7.0,150.55,0,Retained,"4-12 Months (Medium Risk)"
0,34,4,"Laptop & Accessory",3,Married,3,0,2.0,186.39,0,Retained,"0-3 Months (High Risk)"
8,6,3,"Laptop & Accessory",3,Married,10,0,9.0,147.17,0,Retained,"4-12 Months (Medium Risk)"
12,17,4,"Laptop & Accessory",1,Single,3,1,4.0,181.66,0,Retained,"4-12 Months (Medium Risk)"
8,10,6,"Laptop & Accessory",5,Single,5,0,13.0,172.59,0,Retained,"4-12 Months (Medium Risk)"
23,9,4,Others,1,Married,5,0,4.0,316.61,0,Retained,">12 Months (Low Risk)"
1,26,4,"Mobile Phone",2,Divorced,3,0,3.0,148.23,0,Retained,"0-3 Months (High Risk)"
4,9,4,"Mobile Phone",2,Single,2,0,8.0,150.64,0,Retained,"4-12 Months (Medium Risk)"
14,7,4,"Laptop & Accessory",3,Single,5,1,1.0,172.28,1,Churned,">12 Months (Low Risk)"
22,11,3,"Laptop & Accessory",3,Married,3,0,2.0,166.51,0,Retained,">12 Months (Low Risk)"
1,16,5,"Mobile Phone",5,Married,5,0,3.0,169,1,Churned,"0-3 Months (High Risk)"
0,12,4,Mobile,1,Single,2,1,0.0,129.26,1,Churned,"0-3 Months (High Risk)"
3,34,3,"Laptop & Accessory",2,Divorced,2,0,9.0,157.75,0,Retained,"0-3 Months (High Risk)"
20,14,4,"Laptop & Accessory",3,Married,4,0,1.0,177.58,0,Retained,">12 Months (Low Risk)"
2,7,4,"Mobile Phone",3,Single,2,1,3.0,146.54,0,Retained,"0-3 Months (High Risk)"
1,16,4,"Mobile Phone",2,Single,3,1,3.0,148.23,1,Churned,"0-3 Months (High Risk)"
4,8,3,"Laptop & Accessory",1,Single,5,1,5.0,165.82,0,Retained,"4-12 Months (Medium Risk)"
10,6,4,"Laptop & Accessory",2,Divorced,2,0,11.0,164.74,0,Retained,"4-12 Months (Medium Risk)"
15,30,4,Fashion,3,Single,5,1,3.0,195.82,0,Retained,">12 Months (Low Risk)"
24,7,4,Others,1,Married,5,0,7.0,320.17,0,Retained,">12 Months (Low Risk)"
17,32,5,Fashion,2,Married,7,0,1.0,259,0,Retained,">12 Months (Low Risk)"
0,13,3,Mobile,3,Married,4,1,7.0,133.39,1,Churned,"0-3 Months (High Risk)"
2,7,1,"Laptop & Accessory",3,Single,9,1,2.0,162.94,0,Retained,"0-3 Months (High Risk)"
12,32,5,Fashion,4,Divorced,5,0,2.0,245.61,0,Retained,"4-12 Months (Medium Risk)"
9,8,5,"Mobile Phone",5,Single,3,0,3.0,149.5,0,Retained,"4-12 Months (Medium Risk)"
1,6,3,Mobile,1,Married,2,0,2.0,127.06,0,Retained,"0-3 Months (High Risk)"
14,31,4,"Laptop & Accessory",1,Married,3,0,8.0,158.19,0,Retained,">12 Months (Low Risk)"
3,31,4,Fashion,4,Single,3,1,0.0,190.94,1,Churned,"0-3 Months (High Risk)"
12,27,5,"Laptop & Accessory",3,Married,7,0,2.0,157.36,0,Retained,"4-12 Months (Medium Risk)"
12,27,5,"Laptop & Accessory",3,Married,7,0,2.0,157.36,0,Retained,"4-12 Months (Medium Risk)"
1,13,2,"Mobile Phone",1,Married,2,0,8.0,150.44,0,Retained,"0-3 Months (High Risk)"
8,11,4,Fashion,1,Married,4,1,,222.13,0,Retained,"4-12 Months (Medium Risk)"
0,35,5,"Laptop & Accessory",5,Single,9,0,2.0,149.69,1,Churned,"0-3 Months (High Risk)"
8,20,4,Fashion,3,Married,3,0,,211.28,0,Retained,"4-12 Months (Medium Risk)"
15,19,1,"Laptop & Accessory",5,Married,6,0,0.0,155.38,0,Retained,">12 Months (Low Risk)"
11,16,5,Fashion,3,Married,4,0,11.0,232.06,0,Retained,"4-12 Months (Medium Risk)"
7,32,5,"Laptop & Accessory",4,Single,3,0,3.0,168.2,0,Retained,"4-12 Months (Medium Risk)"
8,16,4,Fashion,1,Married,2,0,,210,0,Retained,"4-12 Months (Medium Risk)"
3,7,4,Fashion,1,Married,3,0,2.0,204.18,0,Retained,"0-3 Months (High Risk)"
12,19,4,Grocery,4,Married,7,1,2.0,271.23,0,Retained,"4-12 Months (Medium Risk)"
20,8,4,"Mobile Phone",5,Single,8,0,8.0,159.23,0,Retained,">12 Months (Low Risk)"
1,15,6,"Mobile Phone",5,Divorced,3,1,8.0,146.19,1,Churned,"0-3 Months (High Risk)"
7,10,4,"Mobile Phone",3,Married,3,1,1.0,154.09,0,Retained,"4-12 Months (Medium Risk)"
14,14,5,Fashion,2,Single,3,0,3.0,206.5,1,Churned,">12 Months (Low Risk)"
11,21,4,Fashion,2,Married,1,1,,215.10000000000002,0,Retained,"4-12 Months (Medium Risk)"
1,24,4,"Mobile Phone",4,Divorced,2,1,2.0,155.58,0,Retained,"0-3 Months (High Risk)"
0,16,1,Mobile,3,Single,2,0,2.0,135.05,0,Retained,"0-3 Months (High Risk)"
11,20,4,"Laptop & Accessory",1,Married,3,0,8.0,167.85,0,Retained,"4-12 Months (Medium Risk)"
17,18,4,Fashion,3,Married,3,0,10.0,200.1,0,Retained,">12 Months (Low Risk)"
1,18,5,"Mobile Phone",5,Single,3,1,1.0,151,1,Churned,"0-3 Months (High Risk)"
1,13,5,"Mobile Phone",1,Single,3,1,1.0,154.26,1,Churned,"0-3 Months (High Risk)"
27,26,3,"Laptop & Accessory",3,Single,4,0,3.0,148.69,0,Retained,">12 Months (Low Risk)"
9,18,4,"Laptop & Accessory",2,Married,3,0,3.0,174.68,0,Retained,"4-12 Months (Medium Risk)"
14,15,3,Others,3,Married,3,0,11.0,294.19,0,Retained,">12 Months (Low Risk)"
2,9,4,"Laptop & Accessory",4,Married,6,0,5.0,173.55,1,Churned,"0-3 Months (High Risk)"
22,13,4,Fashion,3,Single,9,0,,209.64999999999998,0,Retained,">12 Months (Low Risk)"
11,13,4,"Laptop & Accessory",1,Single,1,0,5.0,140.28,0,Retained,"4-12 Months (Medium Risk)"
16,6,3,"Laptop & Accessory",2,Divorced,5,0,2.0,155.62,0,Retained,">12 Months (Low Risk)"
6,11,3,"Laptop & Accessory",1,Married,7,0,2.0,199.98,0,Retained,"4-12 Months (Medium Risk)"
2,29,1,Mobile,3,Divorced,2,0,7.0,127,0,Retained,"0-3 Months (High Risk)"
14,9,4,"Mobile Phone",5,Married,6,0,3.0,158.77,0,Retained,">12 Months (Low Risk)"
12,12,4,Fashion,5,Married,5,0,7.0,199.91,0,Retained,"4-12 Months (Medium Risk)"
50,6,1,"Laptop & Accessory",3,Divorced,1,0,8.0,149,0,Retained,">12 Months (Low Risk)"
12,9,1,"Laptop & Accessory",4,Married,10,0,6.0,163.89,0,Retained,"4-12 Months (Medium Risk)"
11,15,3,"Mobile Phone",1,Married,3,0,3.0,147.71,0,Retained,"4-12 Months (Medium Risk)"
0,12,5,"Laptop & Accessory",3,Married,5,1,7.0,161.72,1,Churned,"0-3 Months (High Risk)"
1,8,5,"Mobile Phone",5,Single,8,0,8.0,148.62,1,Churned,"0-3 Months (High Risk)"
19,7,3,Others,2,Divorced,2,0,8.0,317.02,0,Retained,">12 Months (Low Risk)"
18,8,3,Others,5,Married,6,1,4.0,298.59,1,Churned,">12 Months (Low Risk)"
8,22,4,Fashion,4,Single,2,0,3.0,186.06,0,Retained,"4-12 Months (Medium Risk)"
0,15,3,"Mobile Phone",5,Single,8,0,4.0,142,1,Churned,"0-3 Months (High Risk)"
0,22,1,"Laptop & Accessory",3,Married,4,0,7.0,152.94,0,Retained,"0-3 Months (High Risk)"
2,12,3,Mobile,1,Married,2,0,8.0,131.31,0,Retained,"0-3 Months (High Risk)"
20,9,4,Grocery,5,Married,10,0,10.0,295.48,0,Retained,">12 Months (Low Risk)"
27,14,3,Grocery,3,Divorced,5,0,4.0,273.14,0,Retained,">12 Months (Low Risk)"
15,11,4,"Mobile Phone",3,Married,11,1,8.0,149.61,1,Churned,">12 Months (Low Risk)"
14,8,3,Grocery,4,Single,2,0,4.0,260.15,0,Retained,">12 Months (Low Risk)"
8,9,5,"Laptop & Accessory",5,Divorced,8,0,10.0,184.57,0,Retained,"4-12 Months (Medium Risk)"
1,10,2,"Mobile Phone",2,Divorced,3,0,8.0,169.2,0,Retained,"0-3 Months (High Risk)"
30,8,3,Grocery,4,Married,5,0,14.0,262.91,0,Retained,">12 Months (Low Risk)"
30,15,4,Others,4,Single,8,0,8.0,322.17,0,Retained,">12 Months (Low Risk)"
1,7,5,"Laptop & Accessory",5,Single,3,0,8.0,167.94,0,Retained,"0-3 Months (High Risk)"
14,23,4,Fashion,1,Single,8,1,4.0,204.45,0,Retained,">12 Months (Low Risk)"
5,13,3,"Laptop & Accessory",1,Married,5,0,3.0,192.04,0,Retained,"4-12 Months (Medium Risk)"
9,30,3,"Laptop & Accessory",4,Divorced,8,0,8.0,156.74,0,Retained,"4-12 Months (Medium Risk)"
8,12,5,"Laptop & Accessory",1,Married,3,0,14.0,164.86,0,Retained,"4-12 Months (Medium Risk)"
9,15,4,Fashion,1,Single,2,0,7.0,196.19,1,Churned,"4-12 Months (Medium Risk)"
1,29,6,"Mobile Phone",3,Married,3,0,1.0,140.55,1,Churned,"0-3 Months (High Risk)"
18,31,6,"Mobile Phone",3,Single,4,0,5.0,162.08,0,Retained,">12 Months (Low Risk)"
30,13,3,Grocery,5,Divorced,11,0,8.0,257.12,0,Retained,">12 Months (Low Risk)"
9,9,4,"Laptop & Accessory",1,Married,4,0,8.0,182.62,0,Retained,"4-12 Months (Medium Risk)"
15,16,3,Grocery,5,Married,1,0,9.0,267.99,0,Retained,">12 Months (Low Risk)"
19,9,4,"Laptop & Accessory",2,Single,6,0,4.0,176.6,1,Churned,">12 Months (Low Risk)"
27,9,3,"Laptop & Accessory",5,Divorced,3,0,5.0,159.4,0,Retained,">12 Months (Low Risk)"
4,17,3,"Laptop & Accessory",5,Divorced,2,1,1.0,168.33,0,Retained,"4-12 Months (Medium Risk)"
13,8,4,"Laptop & Accessory",1,Married,3,1,9.0,189.72,0,Retained,">12 Months (Low Risk)"
4,11,3,"Laptop & Accessory",1,Married,2,0,2.0,154.76,0,Retained,"4-12 Months (Medium Risk)"
22,31,3,Mobile,5,Married,2,0,4.0,132.11,0,Retained,">12 Months (Low Risk)"
9,16,3,Fashion,4,Married,6,0,7.0,173.14,1,Churned,"4-12 Months (Medium Risk)"
22,17,5,Others,4,Married,6,0,10.0,321.65,0,Retained,">12 Months (Low Risk)"
9,14,5,"Mobile Phone",1,Married,3,0,2.0,151.9,0,Retained,"4-12 Months (Medium Risk)"
12,6,3,Others,3,Married,2,1,6.0,291.97,0,Retained,"4-12 Months (Medium Risk)"
19,8,3,Others,1,Married,8,1,2.0,293.28,0,Retained,">12 Months (Low Risk)"
19,12,6,"Laptop & Accessory",5,Single,3,1,5.0,182.69,0,Retained,">12 Months (Low Risk)"
14,15,5,Fashion,4,Married,4,0,9.0,262.57,0,Retained,">12 Months (Low Risk)"
7,8,4,Mobile,3,Married,4,0,7.0,127.68,0,Retained,"4-12 Months (Medium Risk)"
23,6,3,Grocery,1,Married,10,0,3.0,273.99,0,Retained,">12 Months (Low Risk)"
3,35,4,"Mobile Phone",1,Married,6,0,8.0,150.14,0,Retained,"0-3 Months (High Risk)"
8,14,4,Fashion,4,Single,2,0,12.0,244.94,0,Retained,"4-12 Months (Medium Risk)"
6,10,3,"Laptop & Accessory",4,Married,6,0,7.0,130.55,0,Retained,"4-12 Months (Medium Risk)"
4,12,4,"Mobile Phone",5,Married,7,0,31.0,157.04,0,Retained,"4-12 Months (Medium Risk)"
0,7,3,"Mobile Phone",1,Married,10,1,2.0,147.87,1,Churned,"0-3 Months (High Risk)"
11,15,4,Mobile,4,Married,1,0,2.0,128.99,0,Retained,"4-12 Months (Medium Risk)"
0,6,3,Mobile,3,Divorced,4,0,2.0,129.09,1,Churned,"0-3 Months (High Risk)"
10,18,5,"Laptop & Accessory",4,Single,3,0,4.0,189.99,0,Retained,"4-12 Months (Medium Risk)"
12,10,4,"Mobile Phone",3,Divorced,5,0,3.0,153.21,0,Retained,"4-12 Months (Medium Risk)"
28,8,4,Fashion,3,Married,9,0,,230.02,0,Retained,">12 Months (Low Risk)"
17,16,4,"Laptop & Accessory",3,Married,5,1,8.0,181.79,0,Retained,">12 Months (Low Risk)"
1,35,5,"Laptop & Accessory",4,Married,2,0,7.0,165.49,0,Retained,"0-3 Months (High Risk)"
23,28,5,Grocery,1,Single,2,1,9.0,244.11,0,Retained,">12 Months (Low Risk)"
12,5,4,Others,2,Divorced,2,0,3.0,292.72,0,Retained,"4-12 Months (Medium Risk)"
11,7,4,Fashion,2,Married,4,1,3.0,261.03,0,Retained,"4-12 Months (Medium Risk)"
13,7,2,Fashion,1,Married,2,0,,221.13,0,Retained,">12 Months (Low Risk)"
13,14,3,"Laptop & Accessory",1,Married,4,1,2.0,140.69,0,Retained,">12 Months (Low Risk)"
1,14,3,Mobile,1,Single,2,0,2.0,133.1,0,Retained,"0-3 Months (High Risk)"
2,14,5,"Laptop & Accessory",5,Married,4,0,7.0,197.15,0,Retained,"0-3 Months (High Risk)"
3,12,4,"Laptop & Accessory",2,Divorced,1,0,7.0,146.27,0,Retained,"0-3 Months (High Risk)"
16,20,3,Grocery,5,Married,7,0,0.0,271.59,0,Retained,">12 Months (Low Risk)"
8,9,2,"Mobile Phone",1,Married,2,1,3.0,154.32,0,Retained,"4-12 Months (Medium Risk)"
3,9,4,"Mobile Phone",4,Divorced,2,0,3.0,156.8,0,Retained,"0-3 Months (High Risk)"
15,29,4,"Laptop & Accessory",2,Married,5,1,4.0,179.67,0,Retained,">12 Months (Low Risk)"
5,13,1,Mobile,4,Married,2,0,3.0,127.94,0,Retained,"4-12 Months (Medium Risk)"
7,11,4,"Laptop & Accessory",4,Married,7,0,8.0,155.55,0,Retained,"4-12 Months (Medium Risk)"
0,6,4,"Laptop & Accessory",5,Single,2,0,7.0,142.94,0,Retained,"0-3 Months (High Risk)"
5,12,4,"Mobile Phone",1,Married,2,1,4.0,173.21,0,Retained,"4-12 Months (Medium Risk)"
1,12,3,"Laptop & Accessory",5,Married,3,0,6.0,165,0,Retained,"0-3 Months (High Risk)"
8,17,3,Mobile,3,Married,8,1,2.0,126.6,0,Retained,"4-12 Months (Medium Risk)"
17,21,4,Grocery,5,Divorced,8,0,1.0,296.59,0,Retained,">12 Months (Low Risk)"
0,14,3,"Laptop & Accessory",4,Married,2,0,7.0,162.14,0,Retained,"0-3 Months (High Risk)"
12,26,3,"Laptop & Accessory",1,Married,3,0,2.0,141.27,0,Retained,"4-12 Months (Medium Risk)"
15,11,6,"Laptop & Accessory",4,Married,8,0,3.0,189.3,0,Retained,">12 Months (Low Risk)"
2,12,4,Mobile,4,Married,2,0,0.0,128.04,0,Retained,"0-3 Months (High Risk)"
7,17,2,Fashion,3,Married,2,1,9.0,208.8,0,Retained,"4-12 Months (Medium Risk)"
7,32,5,"Laptop & Accessory",4,Single,3,0,3.0,168.2,0,Retained,"4-12 Months (Medium Risk)"
13,16,4,Others,1,Single,4,0,4.0,319.31,0,Retained,">12 Months (Low Risk)"
14,29,3,Fashion,3,Single,4,1,2.0,170.82,0,Retained,">12 Months (Low Risk)"
7,24,4,Grocery,3,Single,3,0,1.0,299.44,0,Retained,"4-12 Months (Medium Risk)"
6,14,2,"Mobile Phone",4,Married,3,0,4.0,152.94,0,Retained,"4-12 Months (Medium Risk)"
1,18,2,"Laptop & Accessory",3,Married,2,0,4.0,165.11,0,Retained,"0-3 Months (High Risk)"
28,8,4,Mobile,1,Married,9,0,4.0,126.62,0,Retained,">12 Months (Low Risk)"
5,30,5,"Laptop & Accessory",2,Divorced,2,0,9.0,180.82,0,Retained,"4-12 Months (Medium Risk)"
18,6,1,Others,1,Married,1,0,7.0,292.02,0,Retained,">12 Months (Low Risk)"
18,8,3,"Laptop & Accessory",3,Married,5,0,7.0,151.54,0,Retained,">12 Months (Low Risk)"
5,11,4,"Laptop & Accessory",4,Married,4,0,5.0,158.78,0,Retained,"4-12 Months (Medium Risk)"
16,15,4,"Laptop & Accessory",4,Married,2,0,3.0,193.25,0,Retained,">12 Months (Low Risk)"
4,10,4,"Mobile Phone",3,Married,3,0,1.0,145.83,0,Retained,"4-12 Months (Medium Risk)"
8,9,2,"Mobile Phone",1,Married,2,1,3.0,154.32,0,Retained,"4-12 Months (Medium Risk)"
26,8,4,Fashion,4,Married,3,0,12.0,175.25,0,Retained,">12 Months (Low Risk)"
6,17,4,"Laptop & Accessory",1,Single,10,0,1.0,171.48,0,Retained,"4-12 Months (Medium Risk)"
2,23,4,"Mobile Phone",3,Single,3,0,5.0,146.44,0,Retained,"0-3 Months (High Risk)"
1,34,4,"Laptop & Accessory",1,Single,3,1,8.0,183.13,1,Churned,"0-3 Months (High Risk)"
17,14,2,"Mobile Phone",1,Married,6,0,3.0,145.89,0,Retained,">12 Months (Low Risk)"
16,36,6,"Laptop & Accessory",1,Single,6,0,1.0,167.72,0,Retained,">12 Months (Low Risk)"
5,9,6,"Mobile Phone",1,Married,3,1,1.0,136.29,0,Retained,"4-12 Months (Medium Risk)"
31,36,5,Grocery,2,Married,5,0,1.0,266.18,0,Retained,">12 Months (Low Risk)"
4,35,4,"Laptop & Accessory",1,Married,3,0,10.0,182.75,0,Retained,"4-12 Months (Medium Risk)"
20,7,4,Fashion,5,Married,9,0,,218.96,0,Retained,">12 Months (Low Risk)"
5,8,3,"Laptop & Accessory",3,Single,5,1,7.0,149.98,0,Retained,"4-12 Months (Medium Risk)"
9,24,4,"Laptop & Accessory",5,Divorced,5,1,,214.66,0,Retained,"4-12 Months (Medium Risk)"
1,14,4,"Mobile Phone",3,Married,5,1,8.0,158.39,1,Churned,"0-3 Months (High Risk)"
8,13,3,Fashion,3,Single,4,0,6.0,202.21,0,Retained,"4-12 Months (Medium Risk)"
14,8,4,"Mobile Phone",1,Married,10,0,1.0,149.06,0,Retained,">12 Months (Low Risk)"
9,8,3,"Laptop & Accessory",4,Single,10,1,12.0,154.1,0,Retained,"4-12 Months (Medium Risk)"
13,7,4,"Mobile Phone",3,Married,9,0,3.0,147.32,0,Retained,">12 Months (Low Risk)"
1,31,4,"Mobile Phone",4,Single,10,0,3.0,160.97,0,Retained,"0-3 Months (High Risk)"
15,18,3,"Laptop & Accessory",1,Married,4,1,0.0,150.87,0,Retained,">12 Months (Low Risk)"
2,28,2,Fashion,4,Married,8,0,,219.95999999999998,0,Retained,"0-3 Months (High Risk)"
15,11,3,Fashion,4,Single,10,1,7.0,184.46,1,Churned,">12 Months (Low Risk)"
15,10,3,"Laptop & Accessory",5,Single,8,0,5.0,151.55,0,Retained,">12 Months (Low Risk)"
28,26,4,"Laptop & Accessory",5,Married,11,1,5.0,179.85,0,Retained,">12 Months (Low Risk)"
11,7,3,Mobile,4,Married,1,1,2.0,129.91,0,Retained,"4-12 Months (Medium Risk)"
9,32,5,Fashion,4,Divorced,5,0,9.0,234.02999999999997,0,Retained,"4-12 Months (Medium Risk)"
16,21,4,"Laptop & Accessory",2,Divorced,4,0,2.0,168.04,0,Retained,">12 Months (Low Risk)"
12,7,3,"Laptop & Accessory",2,Single,2,0,9.0,201.25,0,Retained,"4-12 Months (Medium Risk)"
11,23,4,Fashion,3,Divorced,1,0,9.0,188.23,0,Retained,"4-12 Months (Medium Risk)"
17,10,1,Others,5,Married,2,0,13.0,291.9,0,Retained,">12 Months (Low Risk)"
5,19,4,Mobile,4,Divorced,2,0,2.0,127.43,0,Retained,"4-12 Months (Medium Risk)"
0,24,3,Mobile,1,Single,2,0,0.0,126.93,1,Churned,"0-3 Months (High Risk)"
4,6,5,"Laptop & Accessory",3,Divorced,1,0,4.0,143.45,0,Retained,"4-12 Months (Medium Risk)"
1,33,5,"Laptop & Accessory",5,Married,1,0,0.0,148.77,0,Retained,"0-3 Months (High Risk)"
12,8,4,"Laptop & Accessory",3,Single,2,0,10.0,145.53,0,Retained,"4-12 Months (Medium Risk)"
26,8,3,Grocery,3,Married,7,0,2.0,248.51999999999998,0,Retained,">12 Months (Low Risk)"
14,16,4,"Mobile Phone",4,Married,10,1,1.0,161.17,0,Retained,">12 Months (Low Risk)"
1,11,4,"Mobile Phone",1,Single,3,1,3.0,153.75,0,Retained,"0-3 Months (High Risk)"
4,26,1,Mobile,1,Married,1,0,2.0,127.91,0,Retained,"4-12 Months (Medium Risk)"
14,26,4,"Laptop & Accessory",2,Divorced,10,1,8.0,152.41,0,Retained,">12 Months (Low Risk)"
15,8,4,"Laptop & Accessory",1,Single,4,0,0.0,167.81,0,Retained,">12 Months (Low Risk)"
10,25,4,"Mobile Phone",2,Single,3,0,8.0,146.53,0,Retained,"4-12 Months (Medium Risk)"
19,8,3,"Laptop & Accessory",1,Married,3,0,4.0,173.79,0,Retained,">12 Months (Low Risk)"
6,11,4,Fashion,1,Married,5,0,2.0,171.19,0,Retained,"4-12 Months (Medium Risk)"
22,17,3,"Laptop & Accessory",1,Single,4,0,4.0,145.07,0,Retained,">12 Months (Low Risk)"
14,18,3,"Mobile Phone",2,Divorced,4,1,0.0,147.66,0,Retained,">12 Months (Low Risk)"
20,15,5,"Laptop & Accessory",5,Married,10,1,8.0,171.15,0,Retained,">12 Months (Low Risk)"
25,15,5,Fashion,4,Married,7,0,8.0,249.89999999999998,0,Retained,">12 Months (Low Risk)"
10,25,3,"Laptop & Accessory",3,Married,4,0,2.0,157.68,0,Retained,"4-12 Months (Medium Risk)"
26,7,4,Grocery,1,Married,4,0,9.0,295.99,0,Retained,">12 Months (Low Risk)"
28,9,5,Fashion,3,Married,8,0,1.0,231.86,0,Retained,">12 Months (Low Risk)"
8,7,2,"Mobile Phone",2,Single,4,0,4.0,157.8,0,Retained,"4-12 Months (Medium Risk)"
30,6,5,"Laptop & Accessory",3,Married,3,1,2.0,156.6,0,Retained,">12 Months (Low Risk)"
2,7,3,"Laptop & Accessory",5,Married,1,0,2.0,153.73,0,Retained,"0-3 Months (High Risk)"
